,x
1,RP11-34P13.3
2,RP11-34P13.7
3,RP11-34P13.14
4,FO538757.3
5,FO538757.2
6,AP006222.2
7,RP5-857K21.15
8,RP4-669L17.2
9,RP4-669L17.10
10,RP5-857K21.4
11,RP5-857K21.2
12,RP11-206L10.4
13,RP11-206L10.9
14,FAM87B
15,FAM41C
16,RP11-54O7.16
17,RP11-54O7.3
18,SAMD11
19,NOC2L
20,KLHL17
21,PLEKHN1
22,PERM1
23,RP11-54O7.17
24,HES4
25,ISG15
26,RP11-54O7.11
27,AGRN
28,RP11-54O7.18
29,RNF223
30,C1orf159
31,LINC01342
32,RP11-465B22.8
33,TTLL10-AS1
34,TTLL10
35,TNFRSF18
36,TNFRSF4
37,SDF4
38,B3GALT6
39,FAM132A
40,RP5-902P8.12
41,UBE2J2
42,RP5-902P8.10
43,SCNN1D
44,ACAP3
45,PUSL1
46,CPSF3L
47,CPTP
48,TAS1R3
49,DVL1
50,MXRA8
51,AURKAIP1
52,CCNL2
53,MRPL20
54,RP4-758J18.13
55,ANKRD65
56,RP4-758J18.7
57,TMEM88B
58,RP4-758J18.10
59,VWA1
60,ATAD3C
61,ATAD3B
62,ATAD3A
63,TMEM240
64,SSU72
65,RP5-832C2.5
66,AL645728.1
67,C1orf233
68,RP11-345P4.9
69,MIB2
70,MMP23B
71,CDK11B
72,SLC35E2B
73,CDK11A
74,SLC35E2
75,NADK
76,GNB1
77,RP1-140A9.1
78,CALML6
79,TMEM52
80,CFAP74
81,RP11-547D24.1
82,GABRD
83,RP11-547D24.3
84,PRKCZ
85,RP5-892K4.1
86,RP11-181G12.2
87,FAAP20
88,RP11-181G12.4
89,SKI
90,MORN1
91,RER1
92,PEX10
93,PLCH2
94,RP3-395M20.2
95,RP3-395M20.3
96,PANK4
97,HES5
98,RP3-395M20.12
99,RP3-395M20.8
100,TNFRSF14
101,RP3-395M20.9
102,FAM213B
103,MMEL1
104,RP13-436F16.1
105,TTC34
106,ACTRT2
107,LINC00982
108,PRDM16
109,RP11-22L13.1
110,ARHGEF16
111,RP11-168F9.2
112,MEGF6
113,RP11-46F15.2
114,TPRG1L
115,WRAP73
116,TP73
117,RP5-1092A11.5
118,RP5-1092A11.2
119,TP73-AS1
120,CCDC27
121,SMIM1
122,LRRC47
123,RP1-286D6.5
124,CEP104
125,DFFB
126,C1orf174
127,LINC01134
128,LINC01346
129,RP13-614K11.2
130,RP5-1166F10.1
131,RP1-37J18.2
132,AJAP1
133,RP11-542C10.1
134,RP1-58B11.1
135,RP11-154H17.1
136,NPHP4
137,KCNAB2
138,CHD5
139,RPL22
140,RNF207
141,ICMT
142,LINC00337
143,GPR153
144,ACOT7
145,RP1-202O8.3
146,HES2
147,ESPN
148,RP1-202O8.2
149,TNFRSF25
150,PLEKHG5
151,NOL9
152,TAS1R1
153,ZBTB48
154,KLHL21
155,PHF13
156,THAP3
157,DNAJC11
158,RP11-242F24.1
159,RP11-312B8.1
160,CAMTA1
161,RP11-334N17.1
162,RP3-453P22.2
163,RP11-338N10.1
164,RP11-338N10.2
165,RP11-338N10.3
166,VAMP3
167,PER3
168,RP3-467L1.4
169,UTS2
170,TNFRSF9
171,PARK7
172,ERRFI1
173,RP11-431K24.1
174,RP11-431K24.3
175,RP11-431K24.4
176,SLC45A1
177,RERE
178,RP5-1115A15.1
179,ENO1
180,ENO1-AS1
181,CA6
182,SLC2A7
183,SLC2A5
184,GPR157
185,MIR34AHG
186,RP3-510D11.2
187,RP3-510D11.4
188,H6PD
189,SPSB1
190,RP13-392I16.1
191,SLC25A33
192,TMEM201
193,PIK3CD
194,PIK3CD-AS1
195,PIK3CD-AS2
196,CLSTN1
197,AL357140.1
198,CTNNBIP1
199,RP11-84A14.5
200,LZIC
201,NMNAT1
202,RBP7
203,UBE4B
204,KIF1B
205,PGD
206,RP4-736L20.3
207,APITD1-CORT
208,DFFA
209,RP5-1113E3.3
210,PEX14
211,CASZ1
212,RP4-734G22.3
213,C1orf127
214,TARDBP
215,RP4-635E18.9
216,MASP2
217,SRM
218,EXOSC10
219,RP4-635E18.7
220,RP4-635E18.6
221,MTOR
222,MTOR-AS1
223,ANGPTL7
224,UBIAD1
225,PTCHD2
226,FBXO2
227,FBXO44
228,FBXO6
229,MAD2L2
230,DRAXIN
231,AGTRAP
232,C1orf167
233,RP11-56N19.5
234,MTHFR
235,CLCN6
236,NPPA-AS1
237,NPPA
238,NPPB
239,KIAA2013
240,PLOD1
241,MFN2
242,MIIP
243,TNFRSF8
244,TNFRSF1B
245,VPS13D
246,DHRS3
247,RP11-474O21.5
248,AADACL4
249,AADACL3
250,C1orf158
251,PRAMEF12
252,HNRNPCL1
253,PRAMEF6
254,PRAMEF26
255,PRAMEF25
256,PRAMEF18
257,PRAMEF8
258,PRAMEF15
259,PRAMEF20
260,LRRC38
261,RP4-597A16.2
262,PDPN
263,CTA-520D8.2
264,PRDM2
265,RP11-344F13.1
266,RP4-704D23.1
267,KAZN
268,TMEM51-AS1
269,TMEM51
270,C1orf195
271,FHAD1
272,RP3-467K16.2
273,RP3-467K16.4
274,EFHD2
275,CTRC
276,CELA2A
277,CELA2B
278,CASP9
279,DNAJC16
280,RP4-680D5.8
281,AGMAT
282,RP4-680D5.2
283,DDI2
284,RP4-680D5.9
285,PLEKHM2
286,RP11-288I21.1
287,SLC25A34
288,RP11-169K16.4
289,TMEM82
290,FBLIM1
291,UQCRHL
292,FLJ37453
293,SPEN
294,ZBTB17
295,C1orf64
296,HSPB7
297,CLCNKA
298,CLCNKB
299,FAM131C
300,EPHA2
301,RP11-276H7.3
302,ARHGEF19
303,RSG1
304,FBXO42
305,SZRD1
306,SPATA21
307,NECAP2
308,RP4-798A10.2
309,RP4-798A10.7
310,RP4-798A10.4
311,RP5-875O13.1
312,NBPF1
313,RP5-1182A14.5
314,RP1-163M9.8
315,FAM231C.1
316,RP5-1182A14.7
317,CROCC
318,RP11-108M9.1
319,RP11-108M9.4
320,RP11-108M9.6
321,MFAP2
322,RP1-37C10.3
323,ATP13A2
324,SDHB
325,PADI2
326,RP11-380J14.1
327,RP11-380J14.4
328,PADI1
329,PADI3
330,PADI4
331,AC004824.2
332,PADI6
333,RP1-20B21.4
334,RCC2
335,ARHGEF10L
336,RP11-473A10.2
337,ACTL8
338,RP11-174G17.2
339,IGSF21
340,RP11-174G17
341,RP11-422P22.1
342,KLHDC7A
343,PAX7
344,TAS1R2
345,RP13-279N23.2
346,IFFO2
347,UBR4
348,RP1-43E13.2
349,EMC1
350,MRTO4
351,AKR7A3
352,AKR7A2
353,PQLC2
354,CAPZB
355,RP5-1056L3.1
356,MINOS1
357,MINOS1-NBL1
358,NBL1
359,HTR6
360,TMCO4
361,RP11-91K11.2
362,OTUD3
363,PLA2G2A
364,PLA2G5
365,PLA2G2D
366,PLA2G2F
367,RP3-340N1.2
368,PLA2G2C
369,UBXN10-AS1
370,UBXN10
371,RP3-340N1.6
372,VWA5B1
373,RP4-745E8.2
374,LINC01141
375,CAMK2N1
376,MUL1
377,FAM43B
378,CDA
379,PINK1
380,PINK1-AS
381,DDOST
382,KIF17
383,SH2D5
384,RP5-930J4.2
385,HP1BP3
386,EIF4G3
387,ECE1
388,RP3-329E20.2
389,RP5-1071N3.1
390,RP11-293F5.1
391,NBPF3
392,ALPL
393,RP11-63N8.3
394,RAP1GAP
395,USP48
396,LDLRAD2
397,HSPG2
398,CELA3B
399,CELA3A
400,RP1-224A6.3
401,LINC00339
402,CDC42
403,RP1-224A6.9
404,WNT4
405,ZBTB40
406,EPHA8
407,C1QA
408,C1QC
409,C1QB
410,EPHB2
411,RP11-69E9.1
412,LACTBL1
413,C1orf234
414,KDM1A
415,RP1-184J9.2
416,LUZP1
417,HTR1D
418,LINC01355
419,HNRNPR
420,ZNF436
421,ZNF436-AS1
422,RP5-1057J7.7
423,TCEA3
424,ASAP3
425,E2F2
426,RP1-150O5.3
427,ID3
428,MDS2
429,RPL11
430,TCEB3
431,TCEB3-AS1
432,PITHD1
433,LYPLA2
434,GALE
435,HMGCL
436,FUCA1
437,CNR2
438,RP11-4M23.3
439,PNRC2
440,SRSF10
441,RP11-293P20.2
442,MYOM3
443,IL22RA1
444,IFNLR1
445,RP11-10N16.2
446,RP11-10N16.3
447,GRHL3
448,STPG1
449,NIPAL3
450,RCAN3
451,RP4-594I10.3
452,NCMAP
453,SRRM1
454,CLIC4
455,RUNX3
456,RP4-799D16.1
457,RP4-706G24.1
458,SYF2
459,RSRP1
460,RP3-465N24.6
461,RHD
462,TMEM50A
463,RHCE
464,TMEM57
465,LDLRAP1
466,RP11-70P17.1
467,MAN1C1
468,RP1-187B23.1
469,SEPN1
470,RP1-317E23.6
471,RP1-317E23.3
472,MTFR1L
473,AUNIP
474,RP1-125I3.2
475,PAQR7
476,STMN1
477,PAFAH2
478,EXTL1
479,SLC30A2
480,TRIM63
481,PDIK1L
482,FAM110D
483,RP11-96L14.8
484,RP11-96L14.7
485,ZNF593
486,CNKSR1
487,CATSPER4
488,CEP85
489,SH3BGRL3
490,UBXN11
491,CD52
492,AIM1L
493,ZNF683
494,LIN28A
495,DHDDS
496,RP3-476K8.3
497,HMGN2
498,RPS6KA1
499,RP5-968P14.2
500,ARID1A
501,PIGV
502,ZDHHC18
503,SFN
504,GPN2
505,RP1-50O24.6
506,GPATCH3
507,NUDC
508,NR0B2
509,KDF1
510,TRNP1
511,FAM46B
512,SLC9A1
513,RP11-40H20.4
514,WDTC1
515,TMEM222
516,SYTL1
517,MAP3K6
518,FCN3
519,CD164L2
520,GPR3
521,WASF2
522,RP4-752I6.1
523,RP1-159A19.4
524,AHDC1
525,FGR
526,RP11-288L9.1
527,IFI6
528,RP11-288L9.4
529,FAM76A
530,STX12
531,PPP1R8
532,AL109927.1
533,THEMIS2
534,RPA2
535,SMPDL3B
536,RP11-460I13.2
537,XKR8
538,EYA3
539,PTAFR
540,DNAJC8
541,ATPIF1
542,RP5-1092A3.4
543,SESN2
544,MED18
545,PHACTR4
546,RCC1
547,TRNAU1AP
548,SNHG12
549,TAF12
550,RAB42
551,RP11-442N24__B.1
552,RNU11
553,GMEB1
554,YTHDF2
555,OPRD1
556,RP1-212P9.3
557,EPB41
558,TMEM200B
559,RP11-242O24.3
560,SRSF4
561,MECR
562,RP11-467D18.2
563,PTPRU
564,RP3-437I16.1
565,RP11-111I12.1
566,MATN1
567,MATN1-AS1
568,LAPTM5
569,RP5-1125N11.1
570,RP5-1125N11.2
571,RP1-65J11.5
572,SDC3
573,PUM1
574,NKAIN1
575,SNRNP40
576,ZCCHC17
577,RP11-266K22.2
578,FABP3
579,SERINC2
580,LINC01226
581,RP11-73M7.1
582,TINAGL1
583,HCRTR1
584,PEF1
585,RP11-73M7.6
586,COL16A1
587,ADGRB2
588,RP11-84A19.3
589,SPOCD1
590,RP11-84A19.2
591,RP11-84A19.4
592,PTP4A2
593,RP4-534N18.2
594,KHDRBS1
595,RP11-277A4.4
596,TMEM39B
597,KPNA6
598,TXLNA
599,CCDC28B
600,RP4-622L5.7
601,IQCC
602,DCDC2B
603,TMEM234
604,EIF3I
605,FAM167B
606,LCK
607,HDAC1
608,MARCKSL1
609,RP4-811H24.9
610,TSSK3
611,FAM229A
612,BSDC1
613,RP1-27O5.3
614,ZBTB8A
615,ZBTB8OS
616,RBBP4
617,SYNC
618,RP11-114B7.6
619,KIAA1522
620,YARS
621,S100PBP
622,FNDC5
623,HPCA
624,TMEM54
625,RNF19B
626,RP1-117O3.2
627,AK2
628,AZIN2
629,TRIM62
630,ZNF362
631,A3GALT2
632,RP11-415J8.3
633,PHC2
634,RP11-415J8.5
635,ZSCAN20
636,CSMD2
637,HMGB4
638,CSMD2-AS1
639,C1orf94
640,SMIM12
641,GJB5
642,GJB4
643,GJB3
644,GJA4
645,RP5-997D16.2
646,DLGAP3
647,RP11-244H3.4
648,ZMYM6
649,ZMYM1
650,SFPQ
651,ZMYM4
652,ZMYM4-AS1
653,KIAA0319L
654,NCDN
655,RP4-728D4.2
656,TFAP2E
657,PSMB2
658,C1orf216
659,CLSPN
660,RP11-435D7.3
661,AGO4
662,AGO1
663,RP4-789D17.5
664,AGO3
665,RP4-665N4.8
666,TEKT2
667,ADPRHL2
668,COL8A2
669,TRAPPC3
670,MAP7D1
671,THRAP3
672,SH3D21
673,EVA1B
674,RP11-268J15.5
675,STK40
676,LSM10
677,OSCP1
678,MRPS15
679,CSF3R
680,RP4-614N24.1
681,GRIK3
682,RP5-1180C18.1
683,LINC01137
684,ZC3H12A
685,MEAF6
686,SNIP1
687,DNALI1
688,GNL2
689,RSPO1
690,C1orf109
691,CDCA8
692,EPHA10
693,MANEAL
694,RP11-109P14.9
695,YRDC
696,C1orf122
697,MTF1
698,INPP5B
699,RP11-109P14.10
700,SF3A3
701,FHL3
702,UTP11L
703,POU3F1
704,RP5-884C9.2
705,LINC01343
706,RP11-329N22.1
707,RRAGC
708,RP5-864K19.4
709,MYCBP
710,RP5-864K19.6
711,RHBDL2
712,AKIRIN1
713,NDUFS5
714,MACF1
715,RP11-420K8.1
716,BMP8A
717,RP11-69E11.4
718,PABPC4
719,RP11-69E11.8
720,HEYL
721,NT5C1A
722,HPCAL4
723,PPIE
724,BMP8B
725,RP1-118J21.25
726,TRIT1
727,MYCL
728,RP1-118J21.5
729,MFSD2A
730,CAP1
731,PPT1
732,RLF
733,TMCO2
734,RP1-39G22.7
735,ZMPSTE24
736,COL9A2
737,SMAP2
738,ZFP69B
739,ZFP69
740,RP11-656D10.3
741,EXO5
742,RP11-656D10.5
743,RP11-656D10.6
744,ZNF684
745,RIMS3
746,RP4-739H11.3
747,NFYC-AS1
748,NFYC
749,KCNQ4
750,CITED4
751,RP5-1066H13.4
752,CTPS1
753,SLFNL1-AS1
754,SLFNL1
755,SCMH1
756,RP11-399E6.1
757,FOXO6
758,RP11-399E6.4
759,EDN2
760,HIVEP3
761,GUCA2B
762,GUCA2A
763,FOXJ3
764,RIMKLA
765,ZMYND12
766,PPCS
767,CCDC30
768,PPIH
769,RP5-994D16.3
770,YBX1
771,CLDN19
772,P3H1
773,C1orf50
774,RP5-994D16.9
775,RP5-994D16.11
776,SVBP
777,ERMAP
778,RP11-342M1.3
779,ZNF691
780,SLC2A1
781,SLC2A1-AS1
782,FAM183A
783,EBNA1BP2
784,CFAP57
785,TMEM125
786,C1orf210
787,TIE1
788,MPL
789,RP1-92O14.3
790,CDC20
791,ELOVL1
792,MED8
793,RP1-92O14.6
794,SZT2
795,SZT2-AS1
796,HYI
797,HYI-AS1
798,PTPRF
799,KDM4A
800,KDM4A-AS1
801,ST3GAL3
802,RP11-184I16.4
803,ARTN
804,RP11-7O11.3
805,IPO13
806,DPH2
807,ATP6V0B
808,B4GALT2
809,CCDC24
810,SLC6A9
811,RP5-1198O20.4
812,KLF17
813,DMAP1
814,ERI3
815,RNF220
816,TMEM53
817,C1orf228
818,KIF2C
819,RP11-269F19.2
820,RPS8
821,BEST4
822,PLK3
823,BTBD19
824,PTCH2
825,EIF2B3
826,HECTD3
827,UROD
828,ZSWIM5
829,LINC01144
830,HPDL
831,MUTYH
832,TOE1
833,TESK2
834,CCDC163P
835,MMACHC
836,PRDX1
837,AKR1A1
838,NASP
839,CCDC17
840,GPBP1L1
841,TMEM69
842,IPP
843,MAST2
844,PIK3R3
845,PIK3R3.1
846,RP4-533D7.4
847,RP4-533D7.5
848,TSPAN1
849,POMGNT1
850,LURAP1
851,RAD54L
852,LRRC41
853,UQCRH
854,NSUN4
855,FAAH
856,DMBX1
857,RP11-49P4.7
858,MKNK1-AS1
859,KNCN
860,MKNK1
861,ATPAF1
862,TEX38
863,EFCAB14-AS1
864,EFCAB14
865,CYP4B1
866,CYP4A11
867,CYP4X1
868,CYP4Z1
869,CYP4A22-AS1
870,CYP4A22
871,LINC00853
872,PDZK1IP1
873,TAL1
874,RP1-18D14.7
875,STIL
876,CMPK1
877,LINC01389
878,FOXE3
879,FOXD2-AS1
880,FOXD2
881,RP11-543D5.1
882,TRABD2B
883,RP4-683M8.2
884,RP11-193P11.3
885,RP5-1024N4.2
886,SLC5A9
887,RP5-1024N4.4
888,SPATA6
889,AGBL4
890,RP11-141A19.1
891,RP11-141A19.2
892,ELAVL4
893,RP11-567C20.2
894,RP11-567C20.3
895,DMRTA2
896,FAF1
897,RP5-850O15.3
898,CDKN2C
899,C1orf185
900,LINC01562
901,RNF11
902,RP11-296A18.6
903,TTC39A
904,TTC39A-AS1
905,EPS15
906,RP11-253A20.1
907,RP11-191G24.1
908,OSBPL9
909,NRDC
910,RP4-657D16.3
911,RP4-657D16.6
912,RAB3B
913,TXNDC12
914,RP11-91A18.4
915,TXNDC12-AS1
916,BTF3L4
917,ZFYVE9
918,CC2D1B
919,RP11-155O18.6
920,ORC1
921,PRPF38A
922,ZCCHC11
923,RP11-25O10.2
924,GPX7
925,FAM159A
926,COA7
927,ZYG11B
928,ZYG11A
929,ECHDC2
930,SCP2
931,AL445183.1
932,PODN
933,RP11-334A14.5
934,SLC1A7
935,RP11-334A14.8
936,CPT2
937,RP5-1024G6.2
938,C1orf123
939,RP5-1024G6.7
940,MAGOH
941,RP5-1024G6.5
942,LRP8
943,RP4-784A16.1
944,RP4-784A16.2
945,RP4-784A16.5
946,RP11-117D22.2
947,DMRTB1
948,GLIS1
949,NDC1
950,YIPF1
951,DIO1
952,HSPB11
953,LRRC42
954,LDLRAD1
955,TMEM59
956,TCEANC2
957,CDCP2
958,RP11-446E24.4
959,MRPL37
960,SSBP3
961,SSBP3-AS1
962,RP5-997D24.3
963,RP4-705F19.1
964,RP5-866L20.1
965,ACOT11
966,FAM151A
967,MROH7-TTC4
968,TTC4
969,PARS2
970,TTC22
971,RP11-67L3.2
972,LEXM
973,DHCR24
974,RP11-67L3.5
975,RP11-67L3.4
976,TMEM61
977,RP11-12C17.2
978,BSND
979,PCSK9
980,USP24
981,RP11-101C11.1
982,RP11-90C4.1
983,RP11-90C4.2
984,RP11-90C4.3
985,RP1-158P9.1
986,RP11-504A18.1
987,PLPP3
988,PRKAA2
989,C1orf168
990,RP11-378I13.1
991,C8A
992,C8B
993,RP5-1103B4.3
994,DAB1
995,RP6-102O10.1
996,DAB1-AS1
997,RP11-393I23.4
998,OMA1
999,TACSTD2
1000,MYSM1
1001,JUN
1002,LINC01135
1003,RP11-63G10.3
1004,RP11-63G10.2
1005,RP4-794H19.1
1006,LINC01358
1007,RP11-145M4.1
1008,RP11-145M4.2
1009,RP11-467C18.1
1010,FGGY
1011,RP4-782L23.2
1012,HOOK1
1013,CYP2J2
1014,C1orf87
1015,RP11-575B7.3
1016,RP11-776H12.1
1017,RP11-436K8.1
1018,NFIA
1019,NFIA-AS2
1020,TM2D1
1021,RP11-430G17.3
1022,INADL
1023,L1TD1
1024,KANK4
1025,USP1
1026,DOCK7
1027,ANGPTL3
1028,RP11-230B22.1
1029,ATG4C
1030,RP4-771M4.3
1031,RP11-5P4.1
1032,RP11-5P4.2
1033,RP11-335E6.2
1034,RP11-335E6.3
1035,FOXD3-AS1
1036,ALG6
1037,ITGB3BP
1038,EFCAB7
1039,PGM1
1040,ROR1
1041,ROR1-AS1
1042,UBE2U
1043,CACHD1
1044,RAVER2
1045,JAK1
1046,RP4-535B20.4
1047,RP4-535B20.1
1048,AK4
1049,DNAJC6
1050,RP5-1044H5.1
1051,LEPROT
1052,LEPR
1053,PDE4B
1054,RP11-397C12.1
1055,SGIP1
1056,RP4-598P13.1
1057,TCTEX1D1
1058,INSL5
1059,WDR78
1060,RP11-342H21.2
1061,MIER1
1062,SLC35D1
1063,C1orf141
1064,IL23R
1065,IL12RB2
1066,SERBP1
1067,RP11-393N21.2
1068,GADD45A
1069,GNG12
1070,GNG12-AS1
1071,DIRAS3
1072,WLS
1073,RPE65
1074,DEPDC1
1075,RP4-694A7.2
1076,DEPDC1-AS1
1077,RP11-424D14.1
1078,RP11-74K19.1
1079,RP3-380B4.1
1080,LRRC7
1081,RP11-181B18.1
1082,LRRC40
1083,SRSF11
1084,RP4-677H15.4
1085,ANKRD13C
1086,HHLA3
1087,RP11-180O5.2
1088,AL158839.1
1089,CTH
1090,RP11-42O15.3
1091,RP5-952N6.1
1092,RP11-99H8.1
1093,PTGER3
1094,RP3-333A15.1
1095,ZRANB2-AS1
1096,ZRANB2
1097,NEGR1
1098,RP11-82L20.1
1099,RP4-660H19.1
1100,RP11-262K1.1
1101,LINC01360
1102,RP4-788P17.1
1103,LRRIQ3
1104,FPGT
1105,FPGT-TNNI3K
1106,TNNI3K
1107,RP11-439H8.4
1108,LRRC53
1109,ERICH3
1110,ERICH3-AS1
1111,RP11-17E13.2
1112,CRYZ
1113,TYW3
1114,RP11-93N20.1
1115,RP11-510C10.2
1116,LHX8
1117,SLC44A5
1118,RP4-682C21.5
1119,ACADM
1120,RABGGTB
1121,MSH4
1122,ASB17
1123,RP11-550H2.1
1124,RP11-550H2.2
1125,ST6GALNAC3
1126,RP5-1102E8.3
1127,RP11-415A20.1
1128,ST6GALNAC5
1129,RP4-564M11.2
1130,PIGK
1131,AK5
1132,RP11-375A5.1
1133,ZZZ3
1134,USP33
1135,FAM73A
1136,NEXN-AS1
1137,NEXN
1138,FUBP1
1139,DNAJB4
1140,GIPC2
1141,RP11-386I14.4
1142,PTGFR
1143,IFI44L
1144,IFI44
1145,ADGRL4
1146,RP11-339D23.1
1147,RP5-933B4.1
1148,RP5-887A10.1
1149,ADGRL2
1150,RP5-837I24.2
1151,RP5-837I24.4
1152,RP11-147G16.1
1153,LINC01362
1154,LINC01361
1155,RP11-413G15.1
1156,RP11-475O6.1
1157,RP5-836J3.1
1158,TTLL7
1159,RP11-486G15.2
1160,PRKACB
1161,SAMD13
1162,DNASE2B
1163,RPF1
1164,GNG5
1165,CTBS
1166,LINC01555
1167,SSX2IP
1168,LPAR3
1169,MCOLN2
1170,WDR63
1171,MCOLN3
1172,SYDE2
1173,C1orf52
1174,BCL10
1175,RP11-131L23.1
1176,DDAH1
1177,RP11-131L23.2
1178,RP11-290M5.4
1179,CYR61
1180,ZNHIT6
1181,COL24A1
1182,ODF2L
1183,CLCA2
1184,CLCA1
1185,CLCA4
1186,RP4-651E10.4
1187,RP4-612B15.3
1188,SH3GLB1
1189,SEP15
1190,HS2ST1
1191,RP4-604K5.3
1192,RP5-1052I5.2
1193,LMO4
1194,LINC01364
1195,RP5-1027O11.1
1196,PKN2-AS1
1197,PKN2
1198,GTF2B
1199,CCBL2
1200,GBP3
1201,GBP1
1202,GBP2
1203,GBP7
1204,GBP4
1205,GBP5
1206,RP4-620F22.2
1207,GBP6
1208,LRRC8B
1209,FLJ27354
1210,LRRC8C
1211,RP11-302M6.4
1212,RP5-943J3.2
1213,LRRC8D
1214,RP11-302M6.5
1215,ZNF326
1216,RP5-827O9.1
1217,BARHL2
1218,RP4-665J23.1
1219,RP4-665J23.2
1220,RP4-665J23.4
1221,ZNF644
1222,HFM1
1223,CDC7
1224,TGFBR3
1225,BRDT
1226,EPHX4
1227,SETSIP
1228,BTBD8
1229,KIAA1107
1230,RP4-621B10.8
1231,C1orf146
1232,GLMN
1233,RPAP2
1234,GFI1
1235,EVI5
1236,RPL5
1237,FAM69A
1238,MTF2
1239,TMED5
1240,CCDC18
1241,DR1
1242,FNBP1L
1243,BCAR3
1244,RP5-1033H22.2
1245,RP4-561L24.3
1246,DNTTIP2
1247,GCLM
1248,ABCA4
1249,ARHGAP29
1250,RP11-148B18.1
1251,RP11-148B18.4
1252,ABCD3
1253,F3
1254,RP11-86H7.6
1255,SLC44A3
1256,CNN3
1257,RP4-639F20.1
1258,ALG14
1259,RP11-313A24.1
1260,TMEM56
1261,TMEM56-RWDD3
1262,RP11-57H12.3
1263,RP11-57H12.5
1264,RP4-586O15.1
1265,RP11-14O19.2
1266,FLJ31662
1267,RP11-286B14.1
1268,RP11-147C23.1
1269,RP5-898J17.1
1270,PTBP2
1271,DPYD
1272,DPYD-AS1
1273,DPYD-AS2
1274,RP11-272L13.3
1275,RP11-490G2.2
1276,MIR137HG
1277,RP5-1070A16.1
1278,SNX7
1279,PLPPR5
1280,RP5-896L10.1
1281,PLPPR4
1282,RP11-413P11.1
1283,PALMD
1284,FRRS1
1285,AGL
1286,RP5-884G6.2
1287,SLC35A3
1288,MFSD14A
1289,RP4-714D9.2
1290,SASS6
1291,TRMT13
1292,LRRC39
1293,DBT
1294,RTCA-AS1
1295,RTCA
1296,CDC14A
1297,RP5-837M10.4
1298,GPR88
1299,LINC01349
1300,VCAM1
1301,EXTL2
1302,RP4-549L20.3
1303,SLC30A7
1304,DPH5
1305,RP11-421L21.2
1306,RP11-421L21.3
1307,RP4-575N6.4
1308,S1PR1
1309,LINC01307
1310,RP11-411H5.1
1311,OLFM3
1312,RP11-202K23.1
1313,RP5-936J12.1
1314,COL11A1
1315,RP11-153F1.2
1316,RP11-153F1.1
1317,RNPC3
1318,AMY2B
1319,AMY2A
1320,AMY1A
1321,AMY1B
1322,AMY1C
1323,RP11-251P6.1
1324,RP11-24P14.1
1325,RP5-947P14.1
1326,RP11-233E12.1
1327,PRMT6
1328,NTNG1
1329,VAV3
1330,VAV3-AS1
1331,RP11-356N1.2
1332,SLC25A24
1333,RP11-483I13.5
1334,NBPF4
1335,RP11-483I13.2
1336,NBPF6
1337,FAM102B
1338,HENMT1
1339,PRPF38B
1340,FNDC7
1341,RP11-293A10.3
1342,STXBP3
1343,AKNAD1
1344,RP11-475E11.9
1345,SPATA42
1346,GPSM2
1347,WDR47
1348,TAF13
1349,RP5-1065J22.8
1350,TMEM167B
1351,SCARNA2
1352,C1orf194
1353,KIAA1324
1354,SARS
1355,CELSR2
1356,PSRC1
1357,MYBPHL
1358,SORT1
1359,PSMA5
1360,SYPL2
1361,ATXN7L2
1362,CYB561D1
1363,AMIGO1
1364,GPR61
1365,RP5-1160K1.8
1366,GNAI3
1367,GNAT2
1368,AMPD2
1369,RP5-1160K1.6
1370,GSTM4
1371,GSTM2
1372,AC000032.2
1373,GSTM5
1374,GSTM3
1375,EPS8L3
1376,RP4-735C1.6
1377,CSF1
1378,AHCYL1
1379,STRIP1
1380,ALX3
1381,LINC01397
1382,UBL4B
1383,SLC6A17
1384,RP5-1028L10.1
1385,RP5-1028L10.2
1386,KCNC4-AS1
1387,KCNC4
1388,RP5-1074L1.1
1389,RBM15
1390,SLC16A4
1391,RP5-1074L1.4
1392,LAMTOR5
1393,PROK1
1394,RP11-470L19.6
1395,RP11-470L19.2
1396,KCNA2
1397,RP11-284N8.3
1398,KCNA3
1399,CD53
1400,RP11-96K19.2
1401,LRIF1
1402,RP11-96K19.5
1403,DRAM2
1404,CEPT1
1405,RP5-1180E21.4
1406,RP5-1180E21.5
1407,DENND2D
1408,CHI3L2
1409,CHIA
1410,RP5-1125M8.2
1411,PIFO
1412,OVGP1
1413,WDR77
1414,ATP5F1
1415,C1orf162
1416,TMIGD3
1417,RAP1A
1418,LINC01160
1419,FAM212B
1420,FAM212B-AS1
1421,DDX20
1422,KCND3
1423,KCND3-AS1
1424,RP11-88H9.2
1425,RP5-965F6.2
1426,CTTNBP2NL
1427,WNT2B
1428,RP4-671G15.2
1429,ST7L
1430,CAPZA1
1431,MOV10
1432,RP11-426L16.3
1433,RHOC
1434,RP11-426L16.10
1435,PPM1J
1436,RP11-426L16.9
1437,FAM19A3
1438,LINC01356
1439,RP3-522D1.1
1440,SLC16A1
1441,SLC16A1-AS1
1442,RP11-31F15.2
1443,LRIG2
1444,MAGI3
1445,PHTF1
1446,RSBN1
1447,RP5-1073O3.2
1448,PTPN22
1449,AP4B1-AS1
1450,BCL2L15
1451,AP4B1
1452,DCLRE1B
1453,HIPK1-AS1
1454,HIPK1
1455,OLFML3
1456,SYT6
1457,RP4-543J13.1
1458,TRIM33
1459,BCAS2
1460,DENND2C
1461,AMPD1
1462,NRAS
1463,CSDE1
1464,SIKE1
1465,SYCP1
1466,TSHB
1467,TSPAN2
1468,RP4-666F24.3
1469,RP4-663N10.1
1470,NGF
1471,VANGL1
1472,CASQ2
1473,NHLH2
1474,RP11-12L8.1
1475,SLC22A15
1476,RP11-159M11.2
1477,MAB21L3
1478,RP5-1185H19.2
1479,ATP1A1
1480,RP4-655J12.4
1481,RP5-1086K13.1
1482,CD58
1483,IGSF3
1484,C1orf137
1485,CD2
1486,RP4-753F5.1
1487,PTGFRN
1488,CD101
1489,RP11-27K13.3
1490,TTF2
1491,TRIM45
1492,VTCN1
1493,LINC01525
1494,RP11-188D8.1
1495,MAN1A2
1496,AL157902.3
1497,FAM46C
1498,GDAP2
1499,WDR3
1500,SPAG17
1501,TBX15
1502,WARS2
1503,WARS2-IT1
1504,RP11-418J17.1
1505,RP11-418J17.3
1506,RP5-834N19.1
1507,HAO2
1508,HSD3B2
1509,HSD3B1
1510,ZNF697
1511,PHGDH
1512,HMGCS2
1513,REG4
1514,NOTCH2
1515,RP11-114O18.1
1516,SEC22B
1517,AC253572.1
1518,NBPF26
1519,PPIAL4A
1520,AC241377.2
1521,LINC00623
1522,CH17-118O6.3
1523,FCGR1B
1524,RP11-439A17.10
1525,RP11-439A17.4
1526,FAM72B
1527,SRGAP2C
1528,SRGAP2-AS1
1529,CH17-437K3.1
1530,RP11-344P13.4
1531,RP11-344P13.6
1532,RP11-344P13.1
1533,RP11-763B22.6
1534,RP11-403I13.5
1535,RP11-403I13.7
1536,RP5-998N21.4
1537,RP5-998N21.7
1538,HIST2H3PS2
1539,FAM72C
1540,IGKV1OR1-1
1541,RP11-14N7.2
1542,RP11-763B22.4
1543,NBPF15
1544,CH17-125A10.2
1545,RP11-289H16.1
1546,SRGAP2B
1547,FAM72D
1548,AC241585.2
1549,CH17-373J23.1
1550,RP11-89F3.2
1551,NBPF20
1552,GPR89A
1553,PDZK1
1554,CD160
1555,RNF115
1556,POLR3C
1557,NUDT17
1558,PIAS3
1559,ANKRD35
1560,ITGA10
1561,RP11-315I20.3
1562,PEX11B
1563,RBM8A
1564,RP11-315I20.1
1565,CH17-270A2.2
1566,LIX1L
1567,ANKRD34A
1568,POLR3GL
1569,TXNIP
1570,HFE2
1571,RP11-458D21.1
1572,NBPF10
1573,RP11-458D21.5
1574,NOTCH2NL
1575,CH17-353B19.1
1576,AC243756.1
1577,CH17-408M7.1
1578,NBPF12
1579,RP4-704D21.2
1580,PRKAB2
1581,RP11-337C18.8
1582,FMO5
1583,CHD1L
1584,LINC00624
1585,BCL9
1586,ACP6
1587,RP11-533N14.3
1588,GJA5
1589,GJA8
1590,GPR89B
1591,RP6-74O6.2
1592,XXyac-YX155B6.7
1593,RP11-94I2.4
1594,NBPF11
1595,RP4-565E6.1
1596,XXyac-YX155B6.5
1597,RP11-495P10.6
1598,RP11-495P10.3
1599,RP6-74O6.6
1600,LINC01138
1601,RP11-495P10.1
1602,AC245100.1
1603,PPIAL4G
1604,NBPF14
1605,PDE4DIP
1606,RP4-791M13.5
1607,RP4-791M13.4
1608,RP4-791M13.3
1609,NBPF9
1610,CH17-189H20.1
1611,RP11-326G21.1
1612,NBPF19
1613,LINC00869
1614,RP11-353N4.5
1615,FAM231D
1616,FCGR1A
1617,HIST2H2BF
1618,HIST2H3D
1619,HIST2H4A
1620,HIST2H2BE
1621,RP11-196G18.24
1622,HIST2H2AA4
1623,RP11-196G18.23
1624,HIST2H2AC
1625,HIST2H2AB
1626,BOLA1
1627,SV2A
1628,SF3B4
1629,MTMR11
1630,OTUD7B
1631,VPS45
1632,PLEKHO1
1633,ANP32E
1634,RP4-790G17.7
1635,CA14
1636,APH1A
1637,C1orf54
1638,CIART
1639,MRPS21
1640,AC242988.1
1641,PRPF3
1642,RPRD2
1643,TARS2
1644,ECM1
1645,FALEC
1646,RP11-54A4.2
1647,ADAMTSL4
1648,MCL1
1649,ENSA
1650,GOLPH3L
1651,HORMAD1
1652,CTSS
1653,CTSK
1654,ARNT
1655,SETDB1
1656,CERS2
1657,RP11-316M1.12
1658,RP11-316M1.3
1659,ANXA9
1660,FAM63A
1661,PRUNE
1662,BNIPL
1663,C1orf56
1664,CDC42SE1
1665,MLLT11
1666,GABPB2
1667,SEMA6C
1668,TNFAIP8L2
1669,SCNM1
1670,LYSMD1
1671,VPS72
1672,PIP5K1A
1673,PSMD4
1674,RP11-126K1.2
1675,ZNF687
1676,PI4KB
1677,RP11-126K1.9
1678,RFX5
1679,RP11-126K1.8
1680,RP11-126K1.6
1681,SELENBP1
1682,PSMB4
1683,POGZ
1684,CGN
1685,TUFT1
1686,RP11-404E16.1
1687,SNX27
1688,RP11-98D18.1
1689,CELF3
1690,RIIAD1
1691,RP11-98D18.15
1692,MRPL9
1693,OAZ3
1694,RP11-98D18.3
1695,TDRKH
1696,RP11-98D18.9
1697,RP11-98D18.17
1698,LINGO4
1699,RORC
1700,C2CD4D
1701,AL450992.2
1702,THEM5
1703,THEM4
1704,S100A10
1705,AL591893.1
1706,S100A11
1707,TCHH
1708,AL589986.2
1709,FLG-AS1
1710,HRNR
1711,FLG
1712,FLG2
1713,LCE5A
1714,LCE3C
1715,LCE2B
1716,KPRP
1717,LCE1E
1718,SMCP
1719,LINC01527
1720,SPRR2B
1721,SPRR2E
1722,SPRR2F
1723,SPRR2G
1724,RP1-140J1.1
1725,LOR
1726,PGLYRP3
1727,PGLYRP4
1728,S100A9
1729,S100A12
1730,S100A8
1731,S100A7A
1732,S100A7
1733,BX470102.3
1734,S100A6
1735,S100A5
1736,S100A4
1737,S100A2
1738,S100A16
1739,S100A14
1740,S100A13
1741,S100A1
1742,RP1-178F15.4
1743,CHTOP
1744,SNAPIN
1745,ILF2
1746,NPR1
1747,INTS3
1748,RP11-216N14.8
1749,RP11-216N14.9
1750,AL513523.2
1751,SLC27A3
1752,GATAD2B
1753,DENND4B
1754,CRTC2
1755,SLC39A1
1756,RP11-422P24.12
1757,RP11-422P24.10
1758,CREB3L4
1759,JTB
1760,RP11-422P24.11
1761,RAB13
1762,RPS27
1763,NUP210L
1764,TPM3
1765,C1orf189
1766,C1orf43
1767,UBAP2L
1768,HAX1
1769,AQP10
1770,ATP8B2
1771,RP11-350G8.5
1772,IL6R
1773,SHE
1774,RP11-350G8.9
1775,TDRD10
1776,UBE2Q1
1777,UBE2Q1-AS1
1778,CHRNB2
1779,RP11-61L14.6
1780,ADAR
1781,KCNN3
1782,PMVK
1783,RP11-307C12.13
1784,PBXIP1
1785,PYGO2
1786,RP11-307C12.12
1787,SHC1
1788,CKS1B
1789,FLAD1
1790,LENEP
1791,ZBTB7B
1792,DCST2
1793,DCST1
1794,RP11-307C12.11
1795,ADAM15
1796,RP11-540D14.8
1797,EFNA3
1798,EFNA1
1799,SLC50A1
1800,DPM3
1801,KRTCAP2
1802,RP11-201K10.3
1803,TRIM46
1804,MUC1
1805,RP11-263K19.4
1806,THBS3
1807,MTX1
1808,RP11-263K19.6
1809,GBA
1810,FAM189B
1811,SCAMP3
1812,CLK2
1813,HCN3
1814,PKLR
1815,FDPS
1816,RUSC1-AS1
1817,RUSC1
1818,ASH1L
1819,ASH1L-AS1
1820,RP11-29H23.4
1821,MSTO1
1822,YY1AP1
1823,DAP3
1824,RP11-243J18.2
1825,GON4L
1826,SYT11
1827,RIT1
1828,KIAA0907
1829,RXFP4
1830,ARHGEF2
1831,RP11-336K24.12
1832,RP11-336K24.5
1833,SSR2
1834,UBQLN4
1835,LAMTOR2
1836,RAB25
1837,MEX3A
1838,LMNA
1839,SEMA4A
1840,SLC25A44
1841,PMF1-BGLAP
1842,PAQR6
1843,SMG5
1844,TMEM79
1845,GLMP
1846,VHLL
1847,CCT3
1848,TSACC
1849,RHBG
1850,RP11-139I14.2
1851,C1orf61
1852,RP11-98G7.1
1853,MEF2D
1854,RP11-284F21.8
1855,IQGAP3
1856,TTC24
1857,APOA1BP
1858,GPATCH4
1859,AL365181.2
1860,RP11-284F21.11
1861,HAPLN2
1862,RP11-284F21.9
1863,BCAN
1864,RP11-284F21.10
1865,RP11-284F21.7
1866,NES
1867,RP11-66D17.3
1868,CRABP2
1869,RP11-66D17.5
1870,ISG20L2
1871,RRNAD1
1872,MRPL24
1873,HDGF
1874,PRCC
1875,SH2D2A
1876,NTRK1
1877,INSRR
1878,PEAR1
1879,LRRC71
1880,ARHGEF11
1881,ETV3L
1882,ETV3
1883,RP11-85G21.1
1884,RP11-85G21.3
1885,FCRL5
1886,FCRL4
1887,FCRL3
1888,RP11-367J7.3
1889,FCRL2
1890,FCRL1
1891,CD5L
1892,KIRREL
1893,RP11-404O13.1
1894,CD1D
1895,RP11-404O13.5
1896,CD1A
1897,CD1C
1898,CD1B
1899,RP11-144L1.4
1900,SPTA1
1901,MNDA
1902,PYHIN1
1903,IFI16
1904,AIM2
1905,CADM3
1906,CADM3-AS1
1907,ACKR1
1908,FCER1A
1909,RP11-550P17.5
1910,RP11-180D21.3
1911,DUSP23
1912,FCRL6
1913,SLAMF8
1914,C1orf204
1915,VSIG8
1916,RP11-190A12.7
1917,RP11-190A12.8
1918,CFAP45
1919,TAGLN2
1920,IGSF9
1921,SLAMF9
1922,LINC01133
1923,PIGM
1924,KCNJ10
1925,RP11-536C5.2
1926,KCNJ9
1927,IGSF8
1928,ATP1A2
1929,ATP1A4
1930,CASQ1
1931,RP11-536C5.7
1932,PEA15
1933,DCAF8
1934,RP11-574F21.3
1935,RP11-574F21.2
1936,PEX19
1937,COPA
1938,NCSTN
1939,NHLH1
1940,VANGL2
1941,SLAMF6
1942,RP11-528G1.2
1943,CD84
1944,SLAMF1
1945,RP11-404F10.2
1946,CD48
1947,SLAMF7
1948,LY9
1949,CD244
1950,ITLN1
1951,RP11-312J18.6
1952,RP11-544M22.1
1953,ITLN2
1954,F11R
1955,RP11-544M22.13
1956,TSTD1
1957,USF1
1958,ARHGAP30
1959,AL591806.1
1960,PVRL4
1961,KLHDC9
1962,PFDN2
1963,NIT1
1964,DEDD
1965,UFC1
1966,RP11-297K8.2
1967,USP21
1968,PPOX
1969,B4GALT3
1970,ADAMTS4
1971,NDUFS2
1972,FCER1G
1973,APOA2
1974,TOMM40L
1975,NR1I3
1976,PCP4L1
1977,MPZ
1978,SDHC
1979,CFAP126
1980,FCGR2A
1981,HSPA6
1982,FCGR3A
1983,FCGR3B
1984,FCGR2B
1985,FCRLA
1986,FCRLB
1987,DUSP12
1988,RP11-474I16.8
1989,ATF6
1990,OLFML2B
1991,NOS1AP
1992,C1orf226
1993,C1orf111
1994,SH2D1B
1995,UHMK1
1996,RP11-359K18.3
1997,UAP1
1998,DDR2
1999,HSD17B7
2000,CCDC190
2001,RGS4
2002,RGS5
2003,RP11-267N12.1
2004,RGS5.1
2005,RP11-77M5.1
2006,NUF2
2007,PBX1
2008,RP11-506O24.1
2009,LMX1A
2010,RP11-38C18.2
2011,RXRG
2012,RP11-280O1.2
2013,LRRC52
2014,RP11-306I1.2
2015,MGST3
2016,ALDH9A1
2017,RP11-466F5.10
2018,TMCO1
2019,RP11-466F5.8
2020,UCK2
2021,RP11-525G13.2
2022,FAM78B
2023,RP11-375H19.2
2024,RP11-479J7.2
2025,RP11-479J7.1
2026,RP11-276E17.2
2027,POGK
2028,TADA1
2029,ILDR2
2030,MAEL
2031,RP11-102C16.3
2032,GPA33
2033,DUSP27
2034,LINC01363
2035,RP11-277B15.3
2036,POU2F1
2037,CD247
2038,CREG1
2039,RP3-455J7.4
2040,RCSD1
2041,MPZL1
2042,ADCY10
2043,RP1-313L4.3
2044,MPC2
2045,DCAF6
2046,GPR161
2047,TIPRL
2048,SFT2D2
2049,TBX19
2050,RP5-968D22.1
2051,RP5-968D22.3
2052,XCL1
2053,DPT
2054,RP1-10C16.1
2055,LINC00626
2056,LINC00970
2057,RP5-1018K9.1
2058,ATP1B1
2059,NME7
2060,RP4-800F24.1
2061,BLZF1
2062,CCDC181
2063,SLC19A2
2064,RP1-206D15.6
2065,F5
2066,SELP
2067,C1orf112
2068,SELL
2069,SELE
2070,METTL18
2071,SCYL3
2072,KIFAP3
2073,RP11-332H17.1
2074,METTL11B
2075,RP11-297H3.3
2076,LINC01142
2077,RP11-576I22.2
2078,GORAB
2079,RP11-545I10.2
2080,RP1-79C4.1
2081,PRRX1
2082,MROH9
2083,FMO3
2084,FMO2
2085,RP1-127D3.4
2086,RP1-45C12.1
2087,FMO1
2088,FMO4
2089,PRRC2C
2090,MYOC
2091,VAMP4
2092,METTL13
2093,DNM3
2094,DNM3OS
2095,PIGC
2096,C1orf105
2097,SUCO
2098,FASLG
2099,RP1-15D23.2
2100,TNFSF18
2101,RP3-395P12.2
2102,TNFSF4
2103,RP11-296O14.3
2104,PRDX6
2105,SLC9C2
2106,RP3-436N22.3
2107,ANKRD45
2108,KLHL20
2109,CENPL
2110,DARS2
2111,GAS5-AS1
2112,ZBTB37
2113,SERPINC1
2114,RC3H1
2115,RP11-160H22.3
2116,RP11-160H22.5
2117,RABGAP1L
2118,RP1-102G20.5
2119,CACYBP
2120,MRPS14
2121,TNN
2122,KIAA0040
2123,RP5-1114G22.2
2124,RP3-518E13.2
2125,TNR
2126,RP11-318C24.2
2127,RFWD2
2128,RP11-492I21.1
2129,RP11-195C7.1
2130,PAPPA2
2131,ASTN1
2132,BRINP2
2133,RP1-35C21.1
2134,RP1-35C21.2
2135,RP11-63B19.1
2136,SEC16B
2137,RASAL2-AS1
2138,RASAL2
2139,RP4-593C16.4
2140,TEX35
2141,C1orf220
2142,RP5-1098D14.1
2143,RP11-428K3.1
2144,RALGPS2
2145,ANGPTL1
2146,FAM20B
2147,TOR3A
2148,ABL2
2149,SOAT1
2150,AXDND1
2151,RP11-545A16.1
2152,NPHS2
2153,TDRD5
2154,RP11-12M5.1
2155,FAM163A
2156,RP11-12M5.3
2157,RP11-12M5.4
2158,TOR1AIP2
2159,RP11-533E19.7
2160,TOR1AIP1
2161,RP11-533E19.2
2162,RP11-533E19.5
2163,CEP350
2164,RP11-502H18.2
2165,QSOX1
2166,LHX4
2167,ACBD6
2168,OVAAL
2169,XPR1
2170,RP11-46A10.2
2171,KIAA1614
2172,RP11-46A10.5
2173,STX6
2174,MR1
2175,IER5
2176,RP11-540K16.1
2177,RP11-540K16.2
2178,GM140
2179,CACNA1E
2180,RP11-33M22.2
2181,ZNF648
2182,RP11-538D16.2
2183,RP11-538D16.3
2184,LINC01344
2185,GLUL
2186,TEDDM1
2187,RGSL1
2188,RNASEL
2189,RGS16
2190,RP11-317P15.4
2191,RGS8
2192,RP11-317P15.3
2193,NPL
2194,DHX9
2195,SHCBP1L
2196,LAMC1
2197,RP11-181K3.4
2198,LAMC2
2199,NMNAT2
2200,SMG7
2201,NCF2
2202,ARPC5
2203,RGL1
2204,APOBEC4
2205,RP11-444D13.1
2206,COLGALT2
2207,TSEN15
2208,RP11-382D12.1
2209,RP11-382D12.2
2210,C1orf21
2211,EDEM3
2212,FAM129A
2213,GS1-120K12.4
2214,RNF2
2215,TRMT1L
2216,SWT1
2217,IVNS1ABP
2218,GS1-279B7.2
2219,GS1-279B7.1
2220,LINC01350
2221,GS1-204I12.4
2222,HMCN1
2223,GS1-174L6.4
2224,PRG4
2225,TPR
2226,C1orf27
2227,AL596220.1
2228,RP11-295K2.3
2229,PDC
2230,GS1-304P7.3
2231,PTGS2
2232,PACERR
2233,PLA2G4A
2234,LINC01036
2235,LINC01037
2236,RP11-445P19.3
2237,RP11-669M2.1
2238,RP11-316I3.1
2239,RP11-316I3.2
2240,LINC01035
2241,RP11-398M15.1
2242,BRINP3
2243,RP11-547I7.1
2244,LINC01351
2245,RP11-161I10.1
2246,RP11-463J7.2
2247,RP11-309H21.3
2248,RP11-309H21.2
2249,RP11-541F9.1
2250,RP11-541F9.2
2251,RGS18
2252,RGS21
2253,RP5-1011O1.2
2254,RP5-1011O1.3
2255,RGS1
2256,RGS13
2257,RGS2
2258,LINC01032
2259,UCHL5
2260,TROVE2
2261,RP11-101E13.5
2262,GLRX2
2263,CDC73
2264,B3GALT2
2265,LINC01031
2266,RP11-21J7.1
2267,RP11-98G13.1
2268,RP11-563D10.1
2269,RP11-476B1.1
2270,KCNT2
2271,CFH
2272,CFHR3
2273,RP4-608O15.3
2274,CFHR5
2275,F13B
2276,ASPM
2277,ZBTB41
2278,CRB1
2279,RP11-75C23.1
2280,DENND1B
2281,RP11-448G4.4
2282,C1orf53
2283,LHX9
2284,NEK7
2285,ATP6V1G3
2286,PTPRC
2287,RP11-553K8.5
2288,MIR181A1HG
2289,RP11-16L9.2
2290,LINC01222
2291,LINC01221
2292,RP11-382E9.1
2293,NR5A2
2294,RP11-532L16.3
2295,LINC00862
2296,ZNF281
2297,RP11-469A15.2
2298,RP11-121P12.1
2299,KIF14
2300,DDX59
2301,RP11-92G12.3
2302,CAMSAP2
2303,C1orf106
2304,KIF21B
2305,RP11-168O16.1
2306,RP11-168O16.2
2307,CACNA1S
2308,ASCL5
2309,TMEM9
2310,IGFN1
2311,PKP1
2312,TNNT2
2313,LAD1
2314,RP11-27G14.4
2315,TNNI1
2316,PHLDA3
2317,CSRP1
2318,RP11-134G8.7
2319,NAV1
2320,IPO9-AS1
2321,IPO9
2322,SHISA4
2323,RP11-307B6.3
2324,LMOD1
2325,TIMM17A
2326,RNPEP
2327,RP11-465N4.5
2328,RP11-465N4.4
2329,ELF3
2330,GPR37L1
2331,ARL8A
2332,PTPN7
2333,LGR6
2334,UBE2T
2335,PPP1R12B
2336,SYT2
2337,RP11-569A11.1
2338,KDM5B
2339,RP11-480I12.10
2340,PCAT6
2341,RABIF
2342,KLHL12
2343,ADIPOR1
2344,CYB5R1
2345,TMEM183A
2346,PPFIA4
2347,MYOG
2348,ADORA1
2349,RP11-335O13.7
2350,RP11-335O13.8
2351,MYBPH
2352,CHI3L1
2353,CHIT1
2354,LINC01353
2355,LINC01136
2356,BTG2
2357,FMOD
2358,PRELP
2359,OPTC
2360,ATP2B4
2361,LAX1
2362,ZC3H11A
2363,SNRPE
2364,LINC00303
2365,SOX13
2366,RP11-74C13.4
2367,ETNK2
2368,REN
2369,KISS1
2370,GOLT1A
2371,PLEKHA6
2372,RP11-203F10.5
2373,RP11-739N20.2
2374,PPP1R15B
2375,PIK3C2B
2376,MDM4
2377,RP11-430C7.4
2378,LRRN2
2379,RP11-430C7.5
2380,RP11-23I7.1
2381,NFASC
2382,CNTN2
2383,TMEM81
2384,RBBP5
2385,DSTYK
2386,TMCC2
2387,RP11-383G10.5
2388,NUAK2
2389,KLHDC8A
2390,LEMD1-AS1
2391,LEMD1
2392,RP11-576D8.4
2393,CDK18
2394,MFSD4
2395,ELK4
2396,SLC45A3
2397,NUCKS1
2398,RAB29
2399,SLC41A1
2400,PM20D1
2401,SLC26A9
2402,RAB7B
2403,CTSE
2404,C1orf186
2405,AVPR1B
2406,RP11-38J22.3
2407,RP11-38J22.1
2408,FAM72A
2409,SRGAP2
2410,IKBKE
2411,C1orf147
2412,RP11-534L20.5
2413,RASSF5
2414,EIF2D
2415,RP11-343H5.6
2416,DYRK3
2417,MAPKAPK2
2418,IL10
2419,IL19
2420,IL20
2421,IL24
2422,FCMR
2423,PIGR
2424,FCAMR
2425,C1orf116
2426,PFKFB2
2427,YOD1
2428,C4BPB
2429,C4BPA
2430,RP11-164O23.8
2431,RP11-164O23.7
2432,RP11-6J21.2
2433,CD55
2434,RP11-357P18.3
2435,CR2
2436,CR1
2437,RP11-78B10.2
2438,CR1L
2439,CD46
2440,C1orf132
2441,RP11-328D5.1
2442,CD34
2443,PLXNA2
2444,RP11-565N2.1
2445,RP11-565N2.2
2446,RP11-459K23.2
2447,RP5-1051D14.1
2448,RP11-385M4.1
2449,RP11-372M18.2
2450,RP1-272L16.1
2451,CAMK1G
2452,LAMB3
2453,RP1-28O10.1
2454,G0S2
2455,HSD11B1
2456,TRAF3IP3
2457,C1orf74
2458,IRF6
2459,DIEXF
2460,SYT14
2461,SERTAD4-AS1
2462,SERTAD4
2463,HHAT
2464,KCNH1
2465,RCOR3
2466,TRAF5
2467,LINC00467
2468,RD3
2469,SLC30A1
2470,RP11-354K1.2
2471,RP11-354K1.1
2472,NEK2
2473,RP11-122M14.1
2474,RP11-122M14.3
2475,LPGAT1
2476,RP11-552D8.1
2477,INTS7
2478,DTL
2479,RP11-15I11.2
2480,RP11-15I11.3
2481,PPP2R5A
2482,RP11-384C4.7
2483,TMEM206
2484,NENF
2485,RP11-61J19.2
2486,RP11-61J19.3
2487,RP11-61J19.5
2488,ATF3
2489,RP11-338C15.5
2490,FAM71A
2491,RP11-338C15.3
2492,BATF3
2493,NSL1
2494,TATDN3
2495,SPATA45
2496,FLVCR1-AS1
2497,FLVCR1
2498,VASH2
2499,ANGEL2
2500,RPS6KC1
2501,RP11-554K11.2
2502,RP11-323I1.1
2503,LINC00538
2504,PROX1
2505,RP11-478J18.2
2506,SMYD2
2507,PTPN14
2508,CENPF
2509,KCNK2
2510,KCTD3
2511,USH2A
2512,RP5-1111A8.3
2513,RP11-22M7.2
2514,RP5-1099E6.3
2515,ESRRG
2516,GPATCH2
2517,SPATA17
2518,SPATA17-AS1
2519,LINC00210
2520,RP11-152L7.2
2521,RRP15
2522,TGFB2-AS1
2523,TGFB2
2524,C1orf143
2525,RP11-412H9.2
2526,LYPLAL1-AS1
2527,LYPLAL1
2528,RP11-135J2.3
2529,RP11-392O17.2
2530,RP11-392O17.1
2531,RP11-95P13.1
2532,RP11-95P13.2
2533,SLC30A10
2534,EPRS
2535,BPNT1
2536,IARS2
2537,RAB3GAP2
2538,RP11-410C4.4
2539,MARK1
2540,C1orf115
2541,MARC2
2542,MARC1
2543,RNU6ATAC35P
2544,RP11-295M18.6
2545,LINC01352
2546,HLX-AS1
2547,HLX
2548,C1orf140
2549,DUSP10
2550,RP11-191N8.2
2551,RP11-815M8.1
2552,RP11-400N13.2
2553,RP11-400N13.3
2554,RP11-400N13.1
2555,RP11-378J18.9
2556,HHIPL2
2557,TAF1A
2558,TAF1A-AS1
2559,MIA3
2560,RP11-378J18.8
2561,AIDA
2562,BROX
2563,FAM177B
2564,RP11-452F19.3
2565,RP11-455P21.3
2566,DISP1
2567,TLR5
2568,RP11-239E10.3
2569,SUSD4
2570,CCDC185
2571,CAPN8
2572,CAPN2
2573,TP53BP2
2574,RP11-504P24.9
2575,FBXO28
2576,DEGS1
2577,RP11-365O16.6
2578,NVL
2579,CNIH4
2580,WDR26
2581,CNIH3
2582,RP11-3L21.2
2583,RP11-449J1.1
2584,DNAH14
2585,LBR
2586,RP11-496N12.9
2587,ENAH
2588,RP11-145A3.1
2589,SRP9
2590,EPHX1
2591,RP11-285F7.2
2592,TMEM63A
2593,LEFTY1
2594,RP4-559A3.7
2595,PYCR2
2596,LEFTY2
2597,SDE2
2598,RP11-396C23.4
2599,H3F3A
2600,RP11-396C23.2
2601,ACBD3
2602,RP11-275I14.4
2603,MIXL1
2604,LIN9
2605,PARP1
2606,C1orf95
2607,ITPKB
2608,ITPKB-AS1
2609,PSEN2
2610,ADCK3
2611,CDC42BPA
2612,RP5-1087E8.3
2613,RP11-1B20.1
2614,CTD-2090I13.1
2615,ZNF678
2616,SNAP47
2617,JMJD4
2618,SNAP47-AS1
2619,PRSS38
2620,WNT9A
2621,WNT3A
2622,RP5-881P19.7
2623,ARF1
2624,C1orf35
2625,MRPL55
2626,GUK1
2627,GJC2
2628,IBA57-AS1
2629,IBA57
2630,C1orf145
2631,OBSCN
2632,RP5-1139B12.2
2633,RP5-1139B12.3
2634,RP5-1139B12.4
2635,RP11-245P10.6
2636,TRIM11
2637,RP11-245P10.8
2638,RP11-245P10.4
2639,TRIM17
2640,HIST3H3
2641,HIST3H2A
2642,HIST3H2BB
2643,RNF187
2644,RHOU
2645,RP5-1065P14.3
2646,RP5-1065P14.2
2647,RP5-1061H20.5
2648,TMEM78
2649,RP5-1061H20.4
2650,RAB4A
2651,RP4-803J11.2
2652,CCSAP
2653,ACTA1
2654,NUP133
2655,RP4-613A2.1
2656,ABCB10
2657,TAF5L
2658,URB2
2659,RP11-286M16.1
2660,RP11-552D4.1
2661,GALNT2
2662,RP5-956O18.2
2663,RP5-956O18.3
2664,PGBD5
2665,RP4-553F17.1
2666,RP11-543E8.1
2667,COG2
2668,AGT
2669,RP11-99J16__A.2
2670,CAPN9
2671,C1orf198
2672,RP5-858B6.3
2673,TTC13
2674,ARV1
2675,FAM89A
2676,TRIM67
2677,C1orf131
2678,GNPAT
2679,EXOC8
2680,SPRTN
2681,EGLN1
2682,RP11-295G20.2
2683,TSNAX-DISC1
2684,LINC00582
2685,DISC1
2686,RP5-865N13.2
2687,RP5-865N13.1
2688,SIPA1L2
2689,RP11-66A2.1
2690,RP11-66A2.2
2691,MAP10
2692,NTPCR
2693,PCNXL2
2694,RP5-862P8.2
2695,KCNK1
2696,SLC35F3
2697,RP4-799P18.2
2698,RP4-799P18.3
2699,RP5-827C21.2
2700,RP5-827C21.6
2701,RP5-827C21.4
2702,COA6
2703,TARBP1
2704,LINC01354
2705,RP5-855F14.2
2706,IRF2BP2
2707,RP4-781K5.2
2708,LINC00184
2709,RP4-781K5.9
2710,RP4-781K5.4
2711,RP4-781K5.6
2712,RP4-781K5.7
2713,LINC01132
2714,AL360294.1
2715,RP11-443B7.1
2716,RP11-443B7.3
2717,LINC01348
2718,RP4-597N16.4
2719,TOMM20
2720,RBM34
2721,ARID4B
2722,GGPS1
2723,TBCE
2724,B3GALNT2
2725,GNG4
2726,LYST
2727,LYST-AS1
2728,RP4-580N22.2
2729,NID1
2730,GPR137B
2731,ERO1B
2732,EDARADD
2733,LGALS8
2734,LGALS8-AS1
2735,RP11-385F5.5
2736,RP11-385F5.4
2737,HEATR1
2738,ACTN2
2739,MTR
2740,MT1HL1
2741,RYR2
2742,RP11-193H5.1
2743,ZP4
2744,MTRNR2L11
2745,RP11-136B18.2
2746,LINC01139
2747,RP11-177F15.1
2748,RP11-544D21.2
2749,CHRM3
2750,CHRM3-AS2
2751,CHRM3-AS1
2752,RP11-35L17.3
2753,FMN2
2754,RP11-567G24.3
2755,RP11-177F11.1
2756,GREM2
2757,RP11-467I20.2
2758,RP11-80B9.4
2759,RP11-80B9.1
2760,RGS7
2761,RP11-527D7.1
2762,FH
2763,KMO
2764,OPN3
2765,WDR64
2766,EXO1
2767,MAP1LC3C
2768,PLD5
2769,RP11-561I11.4
2770,RP11-561I11.3
2771,LINC01347
2772,CEP170
2773,RP11-261C10.5
2774,RP11-261C10.4
2775,SDCCAG8
2776,AKT3
2777,RP11-269F20.1
2778,RP11-278H7.1
2779,ZBTB18
2780,RP11-278H7.4
2781,RP11-278H7.3
2782,C1orf100
2783,RP11-518L10.5
2784,ADSS
2785,C1orf101
2786,DESI2
2787,RP11-173A6.3
2788,COX20
2789,HNRNPU-AS1
2790,RP11-11N7.5
2791,HNRNPU
2792,RP11-11N7.4
2793,RP11-156E8.1
2794,EFCAB2
2795,KIF26B
2796,RP11-62I21.1
2797,RP11-522M21.3
2798,SMYD3
2799,RP11-83A16.1
2800,RP11-36N20.1
2801,RP11-690C23.2
2802,TFB2M
2803,CNST
2804,RP11-439E19.9
2805,RP11-439E19.7
2806,SCCPDH
2807,RP11-439E19.10
2808,AHCTF1
2809,ZNF670-ZNF695
2810,ZNF669
2811,C1orf229
2812,ZNF124
2813,RP11-488L18.10
2814,RP11-488L18.8
2815,ZNF496
2816,NLRP3
2817,GCSAML
2818,GCSAML-AS1
2819,OR2C3
2820,RP11-978I15.10
2821,RP11-634B7.4
2822,OR6F1
2823,OR14A16
2824,TRIM58
2825,OR2W3
2826,OR2T8
2827,OR2AJ1
2828,OR2L13
2829,OR2M5
2830,OR2M2
2831,OR2M3
2832,OR2M4
2833,OR2T33
2834,OR2T12
2835,OR14C36
2836,OR2T4
2837,OR2T6
2838,RP11-407H12.8
2839,OR2G6
2840,RP11-438F14.3
2841,OR2T10
2842,OR2T11
2843,OR2T27
2844,OR14I1
2845,XX-CR54.1
2846,LYPD8
2847,SH3BP5L
2848,ZNF672
2849,ZNF692
2850,AL672294.1
2851,PGBD2
2852,FAM110C
2853,SH3YL1
2854,ACP1
2855,FAM150B
2856,AC079779.5
2857,AC079779.6
2858,AC105393.1
2859,AC105393.2
2860,AC093326.3
2861,TMEM18
2862,AC092159.2
2863,AC092159.3
2864,AC116609.1
2865,RP13-539J13.1
2866,AC116609.3
2867,LINC01115
2868,AC113607.2
2869,AC113607.3
2870,AC116614.1
2871,SNTG2
2872,AC114808.3
2873,AC114808.2
2874,AC108462.1
2875,TPO
2876,AC144450.1
2877,AC144450.2
2878,PXDN
2879,MYT1L
2880,AC093390.1
2881,MYT1L-AS1
2882,AC018685.1
2883,AC018685.2
2884,AC011995.1
2885,AC011995.3
2886,LINC01250
2887,AC019118.3
2888,AC019118.4
2889,TSSC1
2890,TRAPPC12
2891,TRAPPC12-AS1
2892,RP11-1293J14.1
2893,ADI1
2894,AC142528.1
2895,AC108488.4
2896,RP13-512J5.1
2897,RNASEH1
2898,RNASEH1-AS1
2899,RPS7
2900,COLEC11
2901,AC010907.2
2902,ALLC
2903,DCDC2C
2904,LINC01304
2905,AC012445.1
2906,LINC01249
2907,AC107057.1
2908,LINC01248
2909,SOX11
2910,AC010729.2
2911,AC010729.3
2912,AC017053.1
2913,LINC01247
2914,MIR7515HG
2915,LINC00487
2916,NRIR
2917,CMPK2
2918,RSAD2
2919,RP11-439M11.1
2920,RNF144A
2921,AC019048.1
2922,RP11-557L19.1
2923,AC092580.3
2924,AC092580.4
2925,AC007463.2
2926,LINC00298
2927,LINC00299
2928,U91324.1
2929,AC011747.3
2930,AC011747.4
2931,AC011747.6
2932,ID2-AS1
2933,ID2
2934,RP11-434B12.1
2935,KIDINS220
2936,MBOAT2
2937,RP11-734K21.5
2938,RP11-734K21.3
2939,RP11-734K21.4
2940,ASAP2
2941,ITGB1BP1
2942,CPSF3
2943,IAH1
2944,ADAM17
2945,RP11-400L8.2
2946,RP11-214N9.1
2947,YWHAQ
2948,RP11-521D12.1
2949,RP11-521D12.2
2950,RP11-521D12.5
2951,TAF1B
2952,RP11-95D17.1
2953,GRHL1
2954,AC010969.1
2955,RP11-254F7.2
2956,KLF11
2957,RP11-254F7.3
2958,CYS1
2959,AC104794.4
2960,RP11-254F7.4
2961,RRM2
2962,C2orf48
2963,HPCAL1
2964,ODC1
2965,RP11-320M2.1
2966,AC007249.3
2967,NOL10
2968,AC092687.5
2969,RN7SL832P
2970,AC092687.3
2971,ATP6V1C2
2972,RP11-791G15.2
2973,PDIA6
2974,AC092687.4
2975,RP11-245G13.2
2976,KCNF1
2977,AC062028.1
2978,C2orf50
2979,PQLC3
2980,ROCK2
2981,AC099344.2
2982,LINC00570
2983,E2F6
2984,GREB1
2985,NTSR2
2986,RP11-494G9.1
2987,LPIN1
2988,AC012456.3
2989,AC012456.4
2990,MIR3681HG
2991,AC096559.2
2992,TRIB2
2993,AC092635.1
2994,LINC00276
2995,AC016730.1
2996,AC011897.2
2997,FAM84A
2998,AC068286.1
2999,NBAS
3000,AC008278.2
3001,DDX1
3002,AC008278.3
3003,AC008271.1
3004,AC113608.1
3005,MYCNUT
3006,MYCNOS
3007,MYCN
3008,AC010145.4
3009,GACAT3
3010,AC142119.1
3011,AC010745.2
3012,AC010880.1
3013,AC104623.2
3014,FAM49A
3015,AC008069.1
3016,AC080094.1
3017,RAD51AP2
3018,VSNL1
3019,SMC6
3020,GEN1
3021,KCNS3
3022,RP11-111J6.2
3023,RDH14
3024,NT5C1B-RDH14
3025,AC106053.1
3026,LINC01376
3027,OSR1
3028,AC010096.1
3029,AC010096.2
3030,LINC00954
3031,TTC32
3032,RP11-79O8.1
3033,WDR35
3034,AC079145.4
3035,MATN3
3036,LAPTM4A
3037,RP11-644K8.1
3038,AC098828.2
3039,SDC1
3040,PUM2
3041,RHOB
3042,AC023137.2
3043,AC012065.4
3044,HS1BP3
3045,GDF7
3046,RP11-130L8.1
3047,LDAH
3048,AC012361.1
3049,RP11-116D2.1
3050,APOB
3051,TDRD15
3052,AC067959.1
3053,AC009411.1
3054,AC018742.1
3055,AC068490.2
3056,AC096570.2
3057,AC016768.1
3058,AC012506.1
3059,AC012506.3
3060,AC012506.4
3061,KLHL29
3062,AC011239.1
3063,RP11-557N21.1
3064,ATAD2B
3065,UBXN2A
3066,MFSD2B
3067,C2orf44
3068,FKBP1B
3069,SF3B6
3070,FAM228B
3071,TP53I3
3072,PFN4
3073,RP11-507M3.1
3074,AC008073.7
3075,FAM228A
3076,AC008073.9
3077,ITSN2
3078,AC009228.1
3079,NCOA1
3080,PTRHD1
3081,CENPO
3082,ADCY3
3083,RP11-443B20.1
3084,DNAJC27
3085,DNAJC27-AS1
3086,EFR3B
3087,POMC
3088,LINC01381
3089,DNMT3A
3090,AC012074.2
3091,DTNB
3092,AC104699.1
3093,ASXL2
3094,KIF3C
3095,RAB10
3096,GAREM2
3097,HADHA
3098,HADHB
3099,ADGRF3
3100,EPT1
3101,DRC1
3102,OTOF
3103,C2orf70
3104,CIB4
3105,AC015977.6
3106,KCNK3
3107,SLC35F6
3108,CENPA
3109,DPYSL5
3110,AC013472.4
3111,MAPRE3
3112,TMEM214
3113,AGBL5
3114,AGBL5-AS1
3115,RP11-503P10.1
3116,RP11-195B17.1
3117,OST4
3118,EMILIN1
3119,KHK
3120,CGREF1
3121,ABHD1
3122,PREB
3123,TCF23
3124,SLC5A6
3125,ATRAID
3126,CAD
3127,SLC30A3
3128,DNAJC5G
3129,TRIM54
3130,UCN
3131,MPV17
3132,GTF3C2
3133,GTF3C2-AS1
3134,AC074117.10
3135,EIF2B4
3136,SNX17
3137,ZNF513
3138,PPM1G
3139,NRBP1
3140,KRTCAP3
3141,IFT172
3142,FNDC4
3143,GCKR
3144,AC109829.1
3145,C2orf16
3146,ZNF512
3147,CCDC121
3148,GPN1
3149,SUPT7L
3150,SLC4A1AP
3151,LINC01460
3152,MRPL33
3153,RBKS
3154,BRE
3155,AC093690.1
3156,FLJ31356
3157,FOSL2
3158,RP11-373D23.3
3159,AC104695.4
3160,PLB1
3161,AC074011.2
3162,AC097724.3
3163,PPP1CB
3164,SPDYA
3165,RP11-713D19.1
3166,TRMT61B
3167,WDR43
3168,FAM179A
3169,C2orf71
3170,AC105398.3
3171,CLIP4
3172,ALK
3173,AC106870.2
3174,AC016907.3
3175,YPEL5
3176,LBH
3177,AC109642.1
3178,LCLAT1
3179,CAPN13
3180,GALNT14
3181,AC009305.1
3182,CAPN14
3183,EHD3
3184,XDH
3185,SRD5A2
3186,AL133247.2
3187,AL133249.1
3188,RP11-1057B6.1
3189,MEMO1
3190,DPY30
3191,CTC-336P14.1
3192,SPAST
3193,RP11-563N4.1
3194,SLC30A6
3195,NLRC4
3196,YIPF4
3197,AL133245.2
3198,BIRC6
3199,BIRC6-AS1
3200,BIRC6-AS2
3201,TTC27
3202,LINC00486
3203,AL121656.5
3204,LTBP1
3205,RASGRP3
3206,AC020594.5
3207,FAM98A
3208,LINC01317
3209,AC073218.1
3210,LINC01320
3211,RP11-529E15.1
3212,AC073218.3
3213,AC012593.1
3214,AC019064.1
3215,RP11-490M8.1
3216,CRIM1
3217,RP11-78I14.1
3218,FEZ2
3219,VIT
3220,STRN
3221,HEATR5B
3222,GPATCH11
3223,EIF2AK2
3224,SULT6B1
3225,CEBPZOS
3226,CEBPZ
3227,NDUFAF7
3228,PRKD3
3229,QPCT
3230,AC006369.2
3231,CDC42EP3
3232,AC006369.3
3233,LINC00211
3234,RMDN2
3235,RMDN2-AS1
3236,CYP1B1
3237,CYP1B1-AS1
3238,AC009229.6
3239,AC009229.5
3240,ATL2
3241,AC016995.3
3242,AC093822.1
3243,HNRNPLL
3244,AC011247.3
3245,GALM
3246,AC074366.3
3247,SRSF7
3248,GEMIN6
3249,DHX57
3250,AC018693.6
3251,MORN2
3252,ARHGEF33
3253,RP11-173C1.1
3254,SOS1
3255,CDKL4
3256,MAP4K3
3257,AC007246.3
3258,TMEM178A
3259,THUMPD2
3260,SLC8A1-AS1
3261,SLC8A1
3262,AC007317.1
3263,AC104654.1
3264,AC104654.2
3265,C2orf91
3266,AC013480.2
3267,PKDCC
3268,AC083949.1
3269,EML4
3270,COX7A2L
3271,KCNG3
3272,MTA3
3273,OXER1
3274,HAAO
3275,AC016735.1
3276,AC016735.2
3277,AC016735.3
3278,AC093609.1
3279,ZFP36L2
3280,LINC01126
3281,AC010883.5
3282,THADA
3283,PLEKHH2
3284,C1GALT1C1L
3285,DYNC2LI1
3286,ABCG5
3287,ABCG8
3288,LRPPRC
3289,RP11-559M23.1
3290,PPM1B
3291,SLC3A1
3292,PREPL
3293,CAMKMT
3294,RP11-89K21.1
3295,SIX3-AS1
3296,SIX3
3297,AC012354.6
3298,AC093702.1
3299,AC009236.2
3300,SRBD1
3301,PRKCE
3302,U51244.2
3303,AC017006.2
3304,AC017006.3
3305,EPAS1
3306,TMEM247
3307,ATP6V1E2
3308,RP11-417F21.2
3309,RHOQ
3310,RP11-417F21.1
3311,PIGF
3312,CRIPT
3313,SOCS5
3314,RP11-333I13.1
3315,LINC01119
3316,AC016722.3
3317,AC016722.4
3318,MCFD2
3319,TTC7A
3320,RP11-15I20.1
3321,AC093732.1
3322,C2orf61
3323,RP11-761B3.1
3324,CALM2
3325,AC073283.4
3326,AC106869.2
3327,BCYRN1
3328,EPCAM
3329,MSH2
3330,KCNK12
3331,MSH6
3332,FBXO11
3333,AC079807.2
3334,AC079807.4
3335,FOXN2
3336,RP11-191L17.1
3337,PPP1R21
3338,STON1
3339,STON1-GTF2A1L
3340,RP11-310N16.1
3341,RP11-460M2.1
3342,FSHR
3343,RP11-152D8.1
3344,RP11-443F4.1
3345,NRXN1
3346,RP11-358H12.1
3347,AC007682.1
3348,AC139712.4
3349,AC010967.2
3350,AC010967.3
3351,ASB3
3352,GPR75-ASB3
3353,CHAC2
3354,ERLEC1
3355,PSME4
3356,ACYP2
3357,TSPYL6
3358,C2orf73
3359,SPTBN1
3360,AC092839.3
3361,AC092839.4
3362,AC093110.3
3363,EML6
3364,AC104781.1
3365,RTN4
3366,CLHC1
3367,RPS27A
3368,MTIF2
3369,AC012358.8
3370,CCDC88A
3371,CFAP36
3372,PPP4R3B
3373,RP11-554J4.1
3374,PNPT1
3375,EFEMP1
3376,RP11-481J13.1
3377,MIR217HG
3378,AC011306.1
3379,AC007743.1
3380,CCDC85A
3381,VRK2
3382,FANCL
3383,RP11-334G22.1
3384,AC007250.4
3385,LINC01122
3386,AC007131.1
3387,RP11-444A22.1
3388,AC007179.1
3389,MIR4432HG
3390,BCL11A
3391,AC009970.1
3392,PAPOLG
3393,LINC01185
3394,REL
3395,PUS10
3396,PEX13
3397,KIAA1841
3398,C2orf74
3399,RP11-493E12.1
3400,AHSA2
3401,USP34
3402,RP11-355B11.2
3403,XPO1
3404,FAM161A
3405,CCT4
3406,AC107081.5
3407,COMMD1
3408,AC107081.1
3409,AC018462.2
3410,B3GNT2
3411,AC093159.1
3412,TMEM17
3413,AC092155.4
3414,EHBP1
3415,AC007098.1
3416,AC009501.4
3417,OTX1
3418,WDPCP
3419,MDH1
3420,UGP2
3421,VPS54
3422,AC012368.1
3423,PELI1
3424,AC074289.1
3425,LINC00309
3426,AC114752.3
3427,AC008074.3
3428,LGALSL
3429,AC008074.4
3430,RP11-568N6.1
3431,AFTPH
3432,AC008074.1
3433,AC007365.1
3434,SERTAD2
3435,AC007365.3
3436,AC007880.1
3437,AC007386.2
3438,SLC1A4
3439,AC007386.4
3440,CEP68
3441,RAB1A
3442,ACTR2
3443,SPRED2
3444,AC074391.1
3445,AC012370.3
3446,AC007389.3
3447,AC118345.1
3448,AC092669.3
3449,MEIS1-AS3
3450,MEIS1
3451,MEIS1-AS2
3452,AC007392.3
3453,AC007392.4
3454,AC007403.2
3455,AC023115.2
3456,AC078941.1
3457,AC023115.4
3458,ETAA1
3459,AC010987.5
3460,AC010987.6
3461,C1D
3462,WDR92
3463,RP11-474G23.1
3464,PNO1
3465,RP11-474G23.2
3466,RP11-474G23.3
3467,CNRIP1
3468,AC015969.3
3469,PLEK
3470,FBXO48
3471,APLF
3472,PROKR1
3473,ARHGAP25
3474,AC097495.2
3475,AC097495.3
3476,GKN2
3477,GKN1
3478,ANTXR1
3479,GFPT1
3480,NFU1
3481,AAK1
3482,ANXA4
3483,AC092431.3
3484,GMCL1
3485,SNRNP27
3486,MXD1
3487,AC019206.1
3488,ASPRV1
3489,PCBP1
3490,AC016700.2
3491,AC016700.5
3492,C2orf42
3493,TIA1
3494,PCYOX1
3495,SNRPG
3496,FAM136A
3497,AC022201.5
3498,AC022201.4
3499,TGFA
3500,ADD2
3501,AC007395.3
3502,FIGLA
3503,CLEC4F
3504,VAX2
3505,ATP6V1B1
3506,AC007040.11
3507,ANKRD53
3508,AC007040.6
3509,AC007040.8
3510,NAGK
3511,RP11-467P9.1
3512,MCEE
3513,MPHOSPH10
3514,PAIP2B
3515,ZNF638
3516,DYSF
3517,CYP26B1
3518,EXOC6B
3519,SPR
3520,EMX1
3521,RP11-466M21.1
3522,SFXN5
3523,RAB11FIP5
3524,NOTO
3525,SMYD5
3526,PRADC1
3527,CCT7
3528,FBXO41
3529,EGR4
3530,ALMS1
3531,NAT8
3532,TPRKB
3533,RP11-434P11.2
3534,DUSP11
3535,C2orf78
3536,STAMBP
3537,ACTG2
3538,DGUOK
3539,DGUOK-AS1
3540,TET3
3541,RP11-287D1.4
3542,BOLA3
3543,BOLA3-AS1
3544,MOB1A
3545,RP11-287D1.2
3546,MTHFD2
3547,RP11-287D1.3
3548,DCTN1
3549,DCTN1-AS1
3550,C2orf81
3551,WDR54
3552,RTKN
3553,INO80B
3554,INO80B-WBP1
3555,WBP1
3556,MOGS
3557,MRPL53
3558,CCDC142
3559,TTC31
3560,LBX2
3561,RP11-523H20.3
3562,LBX2-AS1
3563,PCGF1
3564,TLX2
3565,DQX1
3566,AUP1
3567,HTRA2
3568,LOXL3
3569,DOK1
3570,M1AP
3571,SEMA4F
3572,RP11-259N19.1
3573,HK2
3574,LINC01291
3575,AC104135.2
3576,LINC01293
3577,POLE4
3578,TACR1
3579,RP11-355F16.1
3580,EVA1A
3581,AC007099.2
3582,AC007099.1
3583,MRPL19
3584,GCFC2
3585,RP11-342K6.3
3586,RP11-342K6.4
3587,LRRTM4
3588,AC079117.1
3589,AC084149.2
3590,AC084149.1
3591,AC073628.1
3592,AC012494.1
3593,AC092660.1
3594,REG1B
3595,REG1A
3596,CTNNA2
3597,AC010975.1
3598,AC016716.2
3599,LRRTM1
3600,AC008067.2
3601,AC084193.1
3602,AC079896.1
3603,AC010105.1
3604,AC106874.1
3605,SUCLG1
3606,DNAH6
3607,TRABD2A
3608,TMSB10
3609,KCMF1
3610,RP11-60H5.1
3611,TCF7L1
3612,TGOLN2
3613,RETSAT
3614,ELMOD3
3615,CAPG
3616,SH2D6
3617,MAT2A
3618,GGCX
3619,VAMP8
3620,AC016753.2
3621,VAMP5
3622,RNF181
3623,TMEM150A
3624,USP39
3625,C2orf68
3626,SFTPB
3627,GNLY
3628,ATOH8
3629,AC105053.3
3630,ST3GAL5
3631,ST3GAL5-AS1
3632,RP11-548P2.2
3633,POLR1A
3634,PTCD3
3635,IMMT
3636,RP11-301O19.1
3637,MRPL35
3638,REEP1
3639,KDM3A
3640,CHMP3
3641,RNF103-CHMP3
3642,AC015971.2
3643,RMND5A
3644,CD8A
3645,CD8B
3646,RGPD1
3647,PLGLB1
3648,RP11-223J6.2
3649,AC133644.2
3650,LINC00152
3651,RP11-1399P15.1
3652,PLGLB2
3653,RGPD2
3654,KRCC1
3655,SMYD1
3656,FABP1
3657,THNSL2
3658,FOXI3
3659,TEX37
3660,AC104134.2
3661,EIF2AK3
3662,AC062029.1
3663,RPIA
3664,AC096579.13
3665,IGKC
3666,IGKV2-19
3667,IGKV6-21
3668,IGKV1-27
3669,IGKV1-33
3670,IGKV2D-19
3671,IGKV6D-41
3672,IGKV3D-11
3673,IGKV1D-43
3674,IGKV3D-7
3675,CH17-132F21.5
3676,RP11-575H3.1
3677,IGKV1OR2-1
3678,RP11-407P15.2
3679,TEKT4
3680,AC103563.8
3681,MAL
3682,AC103563.9
3683,MRPS5
3684,ZNF514
3685,ZNF2
3686,AC092835.2
3687,PROM2
3688,KCNIP3
3689,FAHD2A
3690,RP11-440D17.3
3691,RP11-440D17.4
3692,TRIM43
3693,LINC00342
3694,ANKRD36C
3695,GPAT2
3696,ADRA2B
3697,ASTL
3698,DUSP2
3699,STARD7
3700,TMEM127
3701,CIAO1
3702,SNRNP200
3703,AC021188.4
3704,ITPRIPL1
3705,NCAPH
3706,NEURL3
3707,RP11-363D14.1
3708,ARID5A
3709,KANSL3
3710,FER1L5
3711,LMAN2L
3712,CNNM4
3713,RP11-353K11.1
3714,CNNM3
3715,ANKRD23
3716,ANKRD39
3717,SEMA4C
3718,FAM178B
3719,FAHD2B
3720,ANKRD36
3721,RP11-734K23.9
3722,AC159540.3
3723,AC159540.1
3724,AC159540.2
3725,ANKRD36B
3726,COX5B
3727,ACTR1B
3728,LINC01125
3729,ZAP70
3730,TMEM131
3731,VWA3B
3732,AC092675.3
3733,CNGA3
3734,INPP4A
3735,COA5
3736,UNC50
3737,MGAT4A
3738,AC109826.1
3739,KIAA1211L
3740,TSGA10
3741,RP11-111H13.1
3742,MITD1
3743,LYG2
3744,LYG1
3745,TXNDC9
3746,EIF5B
3747,REV1
3748,RP11-527J8.1
3749,AFF3
3750,AC092667.2
3751,LINC01104
3752,LONRF2
3753,CHST10
3754,NMS
3755,PDCL3
3756,AC068538.4
3757,AC092168.3
3758,AC092168.4
3759,NPAS2
3760,AC016738.3
3761,AC016738.4
3762,RPL31
3763,TBC1D8
3764,RP11-299H21.1
3765,CNOT11
3766,RNF149
3767,CREG2
3768,RFX8
3769,AC092570.2
3770,MAP4K4
3771,LINC01127
3772,IL1R2
3773,IL1R1
3774,AC007271.3
3775,IL1RL2
3776,IL18R1
3777,IL18RAP
3778,SLC9A4
3779,SLC9A2
3780,MFSD9
3781,TMEM182
3782,AC007251.2
3783,AC108051.1
3784,AC108051.3
3785,AC073987.1
3786,AC013727.1
3787,RP11-76I14.1
3788,AC096554.1
3789,AC068535.2
3790,AC068535.3
3791,LINC01102
3792,LINC01103
3793,AC013402.3
3794,AC013402.5
3795,AC068057.1
3796,LINC01114
3797,POU3F3
3798,AC018730.4
3799,AC010884.1
3800,MRPS9
3801,UTAT33
3802,AC104655.3
3803,GPR45
3804,RP11-332H14.1
3805,TGFBRAP1
3806,AC012360.4
3807,RP11-332H14.2
3808,C2orf49
3809,FHL2
3810,AC012360.6
3811,NCK2
3812,AC009505.2
3813,AC009505.4
3814,C2orf40
3815,UXS1
3816,AC018878.3
3817,RGPD3
3818,AC108868.5
3819,AC108868.6
3820,ST6GAL2
3821,AC016994.2
3822,AC006227.1
3823,AC096669.1
3824,AC096669.2
3825,AC096669.3
3826,GACAT1
3827,RGPD4-AS1
3828,RGPD4
3829,SLC5A7
3830,LINC01593
3831,LINC01594
3832,SULT1C3
3833,SULT1C2
3834,SULT1C4
3835,GCC2
3836,GCC2-AS1
3837,LIMS1
3838,LIMS1-AS1
3839,RANBP2
3840,CCDC138
3841,EDAR
3842,SH3RF3-AS1
3843,SH3RF3
3844,AC109344.1
3845,SEPT10
3846,SOWAHC
3847,RP11-506F3.1
3848,RGPD5
3849,LIMS3
3850,LINC01123
3851,MALL
3852,NPHP1
3853,LINC00116
3854,RP11-1223D19.1
3855,LINC01106
3856,AC108938.5
3857,RP13-1039J1.3
3858,RGPD6
3859,AC123886.2
3860,BUB1
3861,AC114776.3
3862,ACOXL
3863,AC096670.3
3864,BCL2L11
3865,AC108463.1
3866,MIR4435-2HG
3867,AC068491.2
3868,RP11-68E19.2
3869,ANAPC1
3870,MERTK
3871,TMEM87B
3872,FBLN7
3873,ZC3H8
3874,ZC3H6
3875,RGPD8
3876,TTL
3877,POLR1B
3878,CHCHD5
3879,AC012442.6
3880,AC079922.3
3881,SLC20A1
3882,NT5DC4
3883,CKAP2L
3884,IL1A
3885,IL1B
3886,IL37
3887,IL36G
3888,IL36B
3889,IL36RN
3890,IL1RN
3891,PSD4
3892,AC016683.5
3893,PAX8
3894,RP11-65I12.1
3895,AC016745.3
3896,RP11-480C16.1
3897,CBWD2
3898,FOXD4L1
3899,RP11-395L14.3
3900,PGM5P4-AS1
3901,FAM138B
3902,RABL2A
3903,AC017074.1
3904,AC017074.2
3905,SLC35F5
3906,AC024704.2
3907,AC104653.1
3908,RP11-141B14.1
3909,ACTR3
3910,LINC01191
3911,AC010982.2
3912,DPP10
3913,DPP10-AS3
3914,DPP10-AS2
3915,DPP10-AS1
3916,AC009312.1
3917,DDX18
3918,AC009404.2
3919,CCDC93
3920,AC009303.1
3921,INSIG2
3922,AC093901.1
3923,RP11-19E11.1
3924,EN1
3925,MARCO
3926,RP11-77A13.1
3927,C1QL2
3928,STEAP3
3929,STEAP3-AS1
3930,C2orf76
3931,DBI
3932,TMEM37
3933,SCTR
3934,AC013275.2
3935,CFAP221
3936,TMEM177
3937,PTPN4
3938,EPB41L5
3939,AC012363.4
3940,TMEM185B
3941,RALB
3942,AC012363.2
3943,AC012363.13
3944,INHBB
3945,AC073257.2
3946,AC018866.1
3947,GLI2
3948,RP11-297J22.1
3949,AC067960.1
3950,AC079988.3
3951,TFCP2L1
3952,CLASP1
3953,RP11-204L24.2
3954,NIFK-AS1
3955,NIFK
3956,TSN
3957,AC018737.3
3958,AC062020.1
3959,AC073409.1
3960,AC079154.1
3961,CNTNAP5
3962,AC097499.1
3963,AC114813.1
3964,AC023347.1
3965,GYPC
3966,RP11-521O16.1
3967,RP11-521O16.2
3968,BIN1
3969,CYP27C1
3970,ERCC3
3971,MAP3K2
3972,AC068282.3
3973,PROC
3974,IWS1
3975,AC010976.2
3976,MYO7B
3977,RP11-286H15.1
3978,LIMS2
3979,GPR17
3980,WDR33
3981,SFT2D3
3982,POLR2D
3983,AMMECR1L
3984,RP11-395A13.2
3985,SAP130
3986,UGGT1
3987,HS6ST1
3988,AC012451.1
3989,AC079586.1
3990,AC079776.1
3991,AC079776.3
3992,RAB6C
3993,POTEF
3994,CCDC74B
3995,SMPD4
3996,MZT2B
3997,TUBA3E
3998,CCDC115
3999,IMP4
4000,PTPN18
4001,POTEI
4002,AC013269.3
4003,CFC1B
4004,AC013269.4
4005,AC013269.5
4006,TISP43
4007,AC140481.4
4008,CFC1
4009,POTEJ
4010,GPR148
4011,AC140481.8
4012,AMER3
4013,AC133785.1
4014,ARHGEF4
4015,FAM168B
4016,PLEKHB2
4017,LINC01120
4018,RP11-109E12.1
4019,MZT2A
4020,TUBA3D
4021,CCDC74A
4022,LINC01087
4023,C2orf27B
4024,AJ239322.3
4025,AJ239322.1
4026,RP1-156L9.1
4027,ANKRD30BL
4028,AC097532.2
4029,RP11-725P16.2
4030,GPR39
4031,LYPD1
4032,AC010974.3
4033,NCKAP5
4034,AC016909.1
4035,AC010890.1
4036,AC011243.1
4037,MGAT5
4038,TMEM163
4039,CCNT2-AS1
4040,ACMSD
4041,CCNT2
4042,MAP3K19
4043,RAB3GAP1
4044,ZRANB3
4045,R3HDM1
4046,UBXN4
4047,LCT
4048,AC011893.3
4049,MCM6
4050,DARS
4051,DARS-AS1
4052,AC068492.1
4053,CXCR4
4054,THSD7B
4055,HNMT
4056,AC069394.1
4057,AC097721.2
4058,AC114763.1
4059,SPOPL
4060,RP11-231E19.1
4061,AC092620.3
4062,NXPH2
4063,AC062021.1
4064,AC016710.1
4065,AC078851.1
4066,AC073928.2
4067,LRP1B
4068,KYNU
4069,ARHGAP15
4070,RP11-190J23.1
4071,AC096558.1
4072,RP11-570L15.2
4073,RP11-570L15.1
4074,AC092652.1
4075,RP11-434H14.1
4076,CTD-2252P21.1
4077,AC079584.2
4078,AC016910.1
4079,GTDC1
4080,ZEB2
4081,RP11-107E5.4
4082,ZEB2-AS1
4083,LINC01412
4084,TEX41
4085,AC023128.1
4086,RP11-514A9.1
4087,AC064865.1
4088,AC092484.1
4089,AC079163.1
4090,AC062031.1
4091,AC103881.1
4092,AC062032.1
4093,ACVR2A
4094,AC009480.3
4095,ORC4
4096,MBD5
4097,EPC2
4098,AC105402.4
4099,KIF5C
4100,LYPD6B
4101,LYPD6
4102,MMADHC
4103,AC144449.1
4104,AC007364.1
4105,AC016682.1
4106,AC113610.1
4107,RND3
4108,AC104777.2
4109,AC104777.3
4110,AC104777.1
4111,AC104777.4
4112,AC023469.2
4113,AC023469.1
4114,AC018731.3
4115,RBM43
4116,NMI
4117,TNFAIP6
4118,RIF1
4119,NEB
4120,ARL5A
4121,CACNB4
4122,AC079790.2
4123,STAM2
4124,FMNL2
4125,PRPF40A
4126,ARL6IP6
4127,AC011901.2
4128,AC079150.3
4129,RPRM
4130,GALNT13
4131,AC009227.2
4132,AC009227.3
4133,AC061961.2
4134,KCNJ3
4135,AC092625.1
4136,AC093375.1
4137,RP11-605B16.1
4138,NR4A2
4139,GPD2
4140,GALNT5
4141,ERMN
4142,CYTIP
4143,ACVR1C
4144,AC019186.1
4145,ACVR1
4146,UPP2
4147,CCDC148-AS1
4148,CCDC148
4149,PKP4
4150,AC005042.1
4151,AC005042.4
4152,AC005042.5
4153,DAPL1
4154,TANC1
4155,WDSUB1
4156,BAZ2B
4157,AC008277.1
4158,AC009506.1
4159,AC009961.3
4160,MARCH7
4161,CD302
4162,LY75-CD302
4163,PLA2R1
4164,ITGB6
4165,RBMS1
4166,AC009313.1
4167,TANK
4168,AC009299.2
4169,AC009299.3
4170,PSMD14
4171,TBR1
4172,AC009487.4
4173,SLC4A10
4174,DPP4
4175,AC008063.2
4176,AC008063.3
4177,GCG
4178,AC007750.5
4179,FAP
4180,IFIH1
4181,GCA
4182,KCNH7
4183,AC007740.1
4184,FIGN
4185,AC092684.1
4186,GRB14
4187,COBLL1
4188,AC019181.2
4189,SLC38A11
4190,AC013463.2
4191,SCN3A
4192,SCN2A
4193,CSRNP3
4194,GALNT3
4195,AC009495.2
4196,AC009495.4
4197,TTC21B
4198,AC010127.3
4199,SCN1A
4200,SCN9A
4201,SCN7A
4202,XIRP2
4203,AC074363.1
4204,AC016723.4
4205,B3GALT1
4206,STK39
4207,CERS6
4208,NOSTRIN
4209,SPC25
4210,G6PC2
4211,ABCB11
4212,DHRS9
4213,LRP2
4214,BBS5
4215,RP11-724O16.1
4216,KLHL41
4217,FASTKD1
4218,PPIG
4219,CCDC173
4220,PHOSPHO2
4221,KLHL23
4222,SSB
4223,METTL5
4224,UBR3
4225,MYO3B
4226,AC012594.1
4227,AC007277.3
4228,LINC01124
4229,SP5
4230,AC007405.4
4231,AC007405.6
4232,ERICH2
4233,GAD1
4234,AC007405.8
4235,GORASP2
4236,TLK1
4237,METTL8
4238,DCAF17
4239,CYBRD1
4240,DYNC1I2
4241,SLC25A12
4242,HAT1
4243,METAP1D
4244,DLX1
4245,DLX2
4246,DLX2-AS1
4247,AC104088.1
4248,ITGA6
4249,AC078883.4
4250,AC078883.3
4251,AC093818.1
4252,PDK1
4253,RAPGEF4-AS1
4254,RAPGEF4
4255,AC013461.1
4256,MLK7-AS1
4257,CDCA7
4258,RP11-796E10.1
4259,AC106900.6
4260,SP3
4261,RP11-394I13.2
4262,RP11-394I13.3
4263,OLA1
4264,LINC01305
4265,SP9
4266,CIR1
4267,SCRN3
4268,GPR155
4269,AC010894.3
4270,AC018890.6
4271,WIPF1
4272,CHRNA1
4273,AC018890.4
4274,CHN1
4275,ATF2
4276,AC096649.2
4277,ATP5G3
4278,AC096649.3
4279,AC016751.3
4280,KIAA1715
4281,EVX2
4282,HOXD11
4283,HOXD10
4284,HOXD-AS2
4285,HOXD9
4286,HOXD3
4287,RP11-387A1.5
4288,HAGLR
4289,HAGLROS
4290,HOXD1
4291,MTX2
4292,AC017048.1
4293,AC017048.2
4294,RP11-324L17.1
4295,LINC01116
4296,LINC01117
4297,AC092162.1
4298,AC073636.1
4299,AC079305.11
4300,AC079305.8
4301,HNRNPA3
4302,NFE2L2
4303,AC079305.10
4304,RP11-337N6.2
4305,RP11-337N6.1
4306,AGPS
4307,TTC30B
4308,AC073834.3
4309,TTC30A
4310,PDE11A
4311,AC012499.1
4312,RBM45
4313,OSBPL6
4314,AC009948.5
4315,PRKRA
4316,DFNB59
4317,FKBP7
4318,PLEKHA3
4319,TTN-AS1
4320,TTN
4321,CCDC141
4322,SESTD1
4323,AC093911.1
4324,ZNF385B
4325,CWC22
4326,AC009478.1
4327,SCHLAP1
4328,UBE2E3
4329,AC104076.3
4330,AC068196.1
4331,AC104820.2
4332,ITGA4
4333,CERKL
4334,NEUROD1
4335,AC013733.4
4336,RP11-366L5.1
4337,SSFA2
4338,PPP1R1C
4339,PDE1A
4340,DNAJC10
4341,FRZB
4342,NCKAP1
4343,DUSP19
4344,AC064871.3
4345,NUP35
4346,RP11-438L19.1
4347,AC093639.1
4348,ZNF804A
4349,AC007966.1
4350,FSIP2
4351,FSIP2-AS1
4352,LINC01473
4353,RP11-410E4.1
4354,ZC3H15
4355,AC018867.1
4356,ITGAV
4357,AC017101.10
4358,FAM171B
4359,ZSWIM2
4360,AC007319.1
4361,CALCRL
4362,TFPI
4363,LINC01090
4364,GULP1
4365,DIRC1
4366,COL3A1
4367,COL5A2
4368,AC133106.2
4369,WDR75
4370,SLC40A1
4371,ASNSD1
4372,ANKAR
4373,OSGEPL1
4374,OSGEPL1-AS1
4375,RP11-455J20.3
4376,ORMDL1
4377,PMS1
4378,C2orf88
4379,MSTN
4380,HIBCH
4381,INPP1
4382,MFSD6
4383,RP11-647K16.1
4384,NEMP2
4385,AC093388.3
4386,NAB1
4387,AC006460.2
4388,AC005540.3
4389,GLS
4390,STAT1
4391,STAT4
4392,AC092614.2
4393,MYO1B
4394,NABP1
4395,AC098872.3
4396,SDPR
4397,AC098617.1
4398,TMEFF2
4399,AC013401.1
4400,AC013401.2
4401,PCGEM1
4402,AC018799.1
4403,AC006196.1
4404,AC010983.1
4405,AC064834.1
4406,RP11-762E8.1
4407,AC064834.2
4408,AC064834.3
4409,SLC39A10
4410,DNAH7
4411,STK17B
4412,RP11-347P5.1
4413,HECW2
4414,AC020571.3
4415,RP11-369J9.1
4416,CCDC150
4417,GTF3C3
4418,C2orf66
4419,PGAP1
4420,ANKRD44
4421,AC013264.2
4422,AC010746.3
4423,SF3B1
4424,COQ10B
4425,HSPD1
4426,HSPE1
4427,HSPE1-MOB4
4428,MOB4
4429,RFTN2
4430,AC011997.1
4431,BOLL
4432,PLCL1
4433,AC109589.1
4434,AC005235.1
4435,AC019330.1
4436,AC018717.1
4437,SATB2
4438,RP11-486F17.1
4439,SATB2-AS1
4440,AC093590.1
4441,FTCDNL1
4442,C2orf69
4443,TYW5
4444,C2orf47
4445,SPATS2L
4446,KCTD18
4447,SGOL2
4448,AOX1
4449,AC007163.3
4450,AC007163.6
4451,BZW1
4452,CLK1
4453,PPIL3
4454,NIF3L1
4455,ORC2
4456,AC005037.3
4457,FAM126B
4458,NDUFB3
4459,RP11-13J8.1
4460,CFLAR
4461,CFLAR-AS1
4462,CASP10
4463,CASP8
4464,ALS2CR12
4465,TRAK2
4466,STRADB
4467,ALS2CR11
4468,TMEM237
4469,MPP4
4470,ALS2
4471,CDK15
4472,RP11-107N15.1
4473,FZD7
4474,KIAA2012
4475,AC079354.3
4476,AC079354.5
4477,SUMO1
4478,NOP58
4479,RP11-686O6.1
4480,RP11-686O6.2
4481,BMPR2
4482,FAM117B
4483,ICA1L
4484,WDR12
4485,CARF
4486,NBEAL1
4487,CYP20A1
4488,ABI2
4489,RP11-363J17.1
4490,RAPH1
4491,CD28
4492,CTLA4
4493,ICOS
4494,AC009965.2
4495,AC009498.1
4496,AC016903.2
4497,PARD3B
4498,NRP2
4499,AC007362.3
4500,AC007679.3
4501,INO80D
4502,AC007383.3
4503,NDUFS1
4504,AC007383.4
4505,EEF1B2
4506,GPR1
4507,ZDBF2
4508,ADAM23
4509,AC010731.2
4510,AC010731.3
4511,AC010731.4
4512,DYTN
4513,MDH1B
4514,FASTKD2
4515,RP11-95H11.1
4516,AC008269.2
4517,CPO
4518,KLF7
4519,AC007879.1
4520,AC007879.2
4521,AC007879.4
4522,AC007879.7
4523,AC007879.5
4524,AC007879.6
4525,CREB1
4526,METTL21A
4527,AC079767.4
4528,CCNYL1
4529,RP11-801F7.1
4530,FZD5
4531,AC096772.6
4532,PLEKHM3
4533,CRYGD
4534,CRYGC
4535,CRYGB
4536,CRYGA
4537,C2orf80
4538,IDH1
4539,IDH1-AS1
4540,PIKFYVE
4541,PTH2R
4542,MAP2
4543,UNC80
4544,RPE
4545,KANSL1L
4546,RP11-260M2.1
4547,AC007038.7
4548,AC006994.2
4549,ACADL
4550,AC006994.3
4551,MYL1
4552,LANCL1-AS1
4553,LANCL1
4554,CPS1
4555,ERBB4
4556,AC093381.2
4557,AC108066.1
4558,IKZF2
4559,RP11-105N14.1
4560,RP11-105N14.3
4561,RP11-105N14.2
4562,AC079610.2
4563,SPAG16
4564,AC107218.3
4565,VWC2L
4566,BARD1
4567,AC072062.1
4568,ABCA12
4569,AC072062.3
4570,AC073284.4
4571,ATIC
4572,FN1
4573,AC012462.1
4574,AC012462.2
4575,AC012462.3
4576,AC012668.1
4577,AC012668.2
4578,AC012668.3
4579,LINC00607
4580,AC122136.2
4581,AC093382.1
4582,MREG
4583,PECR
4584,TMEM169
4585,XRCC5
4586,PKI55
4587,MARCH4
4588,AC012513.6
4589,AC069155.1
4590,AC098820.2
4591,SMARCAL1
4592,AC098820.4
4593,RPL37A
4594,LINC01280
4595,AC073321.4
4596,IGFBP2
4597,IGFBP5
4598,AC007563.5
4599,TNP1
4600,AC007557.2
4601,AC007563.1
4602,RP11-574O16.1
4603,DIRC3-AS1
4604,DIRC3
4605,TNS1
4606,AC010136.2
4607,RUFY4
4608,CXCR2
4609,CXCR1
4610,ARPC2
4611,GPBAR1
4612,AAMP
4613,PNKD
4614,TMBIM1
4615,CATIP-AS2
4616,CATIP
4617,SLC11A1
4618,CTDSP1
4619,RP11-378A13.2
4620,VIL1
4621,USP37
4622,RQCD1
4623,PLCD4
4624,RP11-548H3.1
4625,ZNF142
4626,BCS1L
4627,RNF25
4628,STK36
4629,TTLL4
4630,CYP27A1
4631,RP11-459I19.1
4632,PRKAG3
4633,WNT6
4634,WNT10A
4635,LINC01494
4636,AC097468.7
4637,CDK5R2
4638,LINC00608
4639,FEV
4640,CRYBA2
4641,AC097468.4
4642,CFAP65
4643,IHH
4644,RP11-33O4.1
4645,NHEJ1
4646,RP11-33O4.2
4647,CNPPD1
4648,FAM134A
4649,ZFAND2B
4650,ABCB6
4651,ATG9A
4652,ANKZF1
4653,GLB1L
4654,STK16
4655,TUBA4A
4656,TUBA4B
4657,DNAJB2
4658,PTPRN
4659,AC114803.3
4660,RESP18
4661,DNPEP
4662,AC053503.4
4663,DES
4664,AC053503.6
4665,SPEG
4666,AC053503.11
4667,GMPPA
4668,ASIC4
4669,CHPF
4670,TMEM198
4671,RP11-256I23.1
4672,OBSL1
4673,RP11-256I23.2
4674,INHA
4675,STK11IP
4676,AC009955.8
4677,SLC4A3
4678,RP11-256I23.3
4679,AC009502.4
4680,AC114765.1
4681,AC067956.1
4682,AC093843.1
4683,EPHA4
4684,CTD-2308L22.1
4685,AC068489.1
4686,PAX3
4687,CCDC140
4688,RP11-384O8.1
4689,SGPP2
4690,RP11-16P6.1
4691,FARSB
4692,MOGAT1
4693,ACSL3
4694,AC097461.4
4695,KCNE4
4696,AC013448.1
4697,SCG2
4698,AP1S3
4699,WDFY1
4700,MRPL44
4701,AC073641.2
4702,SERPINE2
4703,FAM124B
4704,RP11-92F20.1
4705,CUL3
4706,DOCK10
4707,AC067961.1
4708,NYAP2
4709,RP11-314B1.2
4710,AC068138.1
4711,IRS1
4712,RP11-395N3.2
4713,RHBDD1
4714,COL4A4
4715,COL4A3
4716,AC097662.2
4717,MFF
4718,TM4SF20
4719,AGFG1
4720,C2orf83
4721,SLC19A3
4722,CCL20
4723,DAW1
4724,SPHKAP
4725,AC009410.1
4726,PID1
4727,DNER
4728,TRIP12
4729,FBXO36
4730,SLC16A14
4731,AC009950.2
4732,SP110
4733,SP140
4734,SP140L
4735,SP100
4736,AC010149.4
4737,AC098823.3
4738,CAB39
4739,ITM2C
4740,AC012507.3
4741,GPR55
4742,SPATA3-AS1
4743,SPATA3
4744,C2orf72
4745,PSMD1
4746,HTR2B
4747,ARMC9
4748,B3GNT7
4749,AC017104.2
4750,NCL
4751,LINC00471
4752,NMUR1
4753,PTMA
4754,PDE6D
4755,COPS7B
4756,NPPC
4757,DIS3L2
4758,AC105461.1
4759,ALPP
4760,ECEL1
4761,PRSS56
4762,CHRND
4763,CHRNG
4764,TIGD1
4765,EIF4E2
4766,AC073254.1
4767,EFHD1
4768,GIGYF2
4769,KCNJ13
4770,C2orf82
4771,NGEF
4772,INPP5D
4773,ATG16L1
4774,SAG
4775,RP11-400N9.1
4776,DGKD
4777,USP40
4778,UGT1A8
4779,AC114812.8
4780,MROH2A
4781,HJURP
4782,TRPM8
4783,AC005538.5
4784,SPP2
4785,RP11-309M7.1
4786,AC097713.3
4787,AC097713.4
4788,ARL4C
4789,LINC01173
4790,SH3BP4
4791,AC114814.3
4792,AGAP1
4793,AC064874.1
4794,GBX2
4795,AC079135.1
4796,ASB18
4797,IQCA1
4798,RP11-785G17.1
4799,IQCA1-AS1
4800,ACKR3
4801,AC011286.1
4802,AC105760.3
4803,AC105760.2
4804,COPS8
4805,AC112715.2
4806,COL6A3
4807,AC112721.1
4808,AC112721.2
4809,MLPH
4810,RAB17
4811,AC104667.3
4812,AC096574.5
4813,LRRFIP1
4814,RBM44
4815,RAMP1
4816,UBE2F
4817,UBE2F-SCLY
4818,SCLY
4819,ESPNL
4820,KLHL30
4821,FAM132B
4822,ILKAP
4823,HES6
4824,PER2
4825,AC012485.2
4826,TRAF3IP1
4827,ASB1
4828,AC016999.2
4829,LINC01107
4830,AC113618.1
4831,AC144525.1
4832,TWIST2
4833,FLJ43879
4834,HDAC4
4835,AC062017.1
4836,AC079612.1
4837,AC079612.2
4838,AC093802.1
4839,NDUFA10
4840,MYEOV2
4841,OTOS
4842,AC124861.1
4843,GPC1
4844,ANKMY1
4845,DUSP28
4846,RNPEPL1
4847,CAPN10-AS1
4848,CAPN10
4849,GPR35
4850,AC011298.2
4851,KIF1A
4852,AGXT
4853,C2orf54
4854,CROCC2
4855,AC104809.2
4856,SNED1
4857,AC093585.6
4858,AC005237.4
4859,MTERF4
4860,PASK
4861,PPP1R7
4862,ANO7
4863,HDLBP
4864,SEPT2
4865,AC005104.3
4866,FARP2
4867,STK25
4868,BOK-AS1
4869,BOK
4870,RP11-367H1.1
4871,THAP4
4872,ATG4B
4873,DTYMK
4874,AC133528.2
4875,ING5
4876,AC114730.11
4877,D2HGDH
4878,AC114730.8
4879,AC114730.7
4880,GAL3ST2
4881,AC114730.5
4882,AC114730.3
4883,NEU4
4884,AC114730.2
4885,PDCD1
4886,RTP5
4887,AC131097.4
4888,AC093642.3
4889,AC093642.4
4890,AC093642.6
4891,RP11-341N2.1
4892,AY269186.2
4893,CHL1
4894,CHL1-AS1
4895,LINC01266
4896,AC090044.2
4897,AC087430.1
4898,CNTN6
4899,RP11-204C23.1
4900,CNTN4
4901,CNTN4-AS2
4902,CNTN4-AS1
4903,IL5RA
4904,TRNT1
4905,AC024060.1
4906,CRBN
4907,RP11-97C16.1
4908,AC026188.1
4909,SUMF1
4910,LRRN1
4911,SETMAR
4912,ITPR1-AS1
4913,ITPR1
4914,EGOT
4915,AC018816.3
4916,BHLHE40-AS1
4917,BHLHE40
4918,ARL8B
4919,AC026202.3
4920,RP11-572B2.1
4921,EDEM1
4922,AC027119.1
4923,AC026167.1
4924,AC069277.2
4925,GRM7-AS3
4926,GRM7
4927,GRM7-AS2
4928,GRM7-AS1
4929,RP11-157E16.1
4930,LMCD1-AS1
4931,AC018832.1
4932,LMCD1
4933,SSUH2
4934,CAV3
4935,OXTR
4936,RAD18
4937,SRGAP3
4938,SRGAP3-AS1
4939,SRGAP3-AS2
4940,SRGAP3-AS3
4941,SRGAP3-AS4
4942,THUMPD3-AS1
4943,THUMPD3
4944,SETD5
4945,LHFPL4
4946,MTMR14
4947,CPNE9
4948,BRPF1
4949,OGG1
4950,CAMK1
4951,TADA3
4952,ARPC4
4953,ARPC4-TTLL3
4954,TTLL3
4955,RP11-266J6.2
4956,RPUSD3
4957,CIDEC
4958,JAGN1
4959,IL17RE
4960,IL17RC
4961,CRELD1
4962,PRRT3
4963,PRRT3-AS1
4964,RP11-1020A11.2
4965,EMC3
4966,AC022007.5
4967,FANCD2
4968,FANCD2OS
4969,BRK1
4970,VHL
4971,IRAK2
4972,TATDN2
4973,RP11-438J1.1
4974,GHRL
4975,GHRLOS
4976,SEC13
4977,ATP2B2
4978,LINC00606
4979,AC018495.3
4980,SLC6A11
4981,SLC6A1
4982,SLC6A1-AS1
4983,HRH1
4984,ATG7
4985,VGLL4
4986,RP11-169K17.4
4987,RP11-169K17.3
4988,TAMM41
4989,SYN2
4990,TIMP4
4991,PPARG
4992,TSEN2
4993,MKRN2OS
4994,MKRN2
4995,RAF1
4996,TMEM40
4997,CAND2
4998,RP11-767C1.2
4999,RPL32
5000,RP11-767C1.1
5001,IQSEC1
5002,NUP210
5003,HDAC11-AS1
5004,HDAC11
5005,FBLN2
5006,LINC00620
5007,WNT7A
5008,TPRXL
5009,CHCHD4
5010,TMEM43
5011,RP11-434D12.1
5012,AC093495.4
5013,XPC
5014,LSM3
5015,RP11-536I6.2
5016,LINC01267
5017,SLC6A6
5018,GRIP2
5019,AC090952.5
5020,CCDC174
5021,C3orf20
5022,RP11-95M5.1
5023,FGD5
5024,FGD5-AS1
5025,NR2C2
5026,MRPS25
5027,RBSN
5028,CAPN7
5029,SH3BP5-AS1
5030,SH3BP5
5031,METTL6
5032,EAF1
5033,EAF1-AS1
5034,COLQ
5035,HACL1
5036,BTD
5037,ANKRD28
5038,GALNT15
5039,DPH3
5040,OXNAD1
5041,RFTN1
5042,LINC00690
5043,DAZL
5044,AC091493.2
5045,PLCL2
5046,PLCL2-AS1
5047,TBC1D5
5048,AC132807.1
5049,RP11-320G10.1
5050,SATB1
5051,KCNH8
5052,EFHB
5053,RAB5A
5054,PP2D1
5055,KAT2B
5056,SGOL1
5057,RP11-669C19.1
5058,RP11-901H12.1
5059,ZNF385D
5060,ZNF385D-AS1
5061,ZNF385D-AS2
5062,UBE2E2-AS1
5063,UBE2E2
5064,UBE2E1-AS1
5065,UBE2E1
5066,NKIRAS1
5067,RPL15
5068,NR1D2
5069,LINC00691
5070,THRB
5071,RP11-317L10.1
5072,AC133680.1
5073,RARB
5074,TOP2B
5075,NGLY1
5076,OXSM
5077,AC099754.1
5078,LRRC3B
5079,AC114877.3
5080,NEK10
5081,SLC4A7
5082,RP11-222K16.1
5083,EOMES
5084,AC098973.2
5085,AC092415.1
5086,CMC1
5087,AZI2
5088,ZCWPW2
5089,LINC00693
5090,RBMS3-AS3
5091,RBMS3
5092,RBMS3-AS2
5093,RBMS3-AS1
5094,AC116035.1
5095,AC116035.2
5096,TGFBR2
5097,GADL1
5098,STT3B
5099,OSBPL10
5100,OSBPL10-AS1
5101,ZNF860
5102,GPD1L
5103,CMTM8
5104,CMTM7
5105,CMTM6
5106,DYNC1LI1
5107,CNOT10
5108,CNOT10-AS1
5109,TRIM71
5110,CCR4
5111,GLB1
5112,CRTAP
5113,RP11-627J17.1
5114,SUSD5
5115,FBXL2
5116,UBP1
5117,CLASP2
5118,RP11-10C24.2
5119,RP11-10C24.3
5120,RP11-10C24.1
5121,PDCD6IP
5122,AC018359.1
5123,AC018359.3
5124,ARPP21
5125,ARPP21-AS1
5126,STAC
5127,DCLK3
5128,RP11-640L9.1
5129,TRANK1
5130,RP11-129K12.1
5131,EPM2AIP1
5132,MLH1
5133,LRRFIP2
5134,RP11-285J16.1
5135,RP11-259K5.1
5136,RP11-259K5.2
5137,GOLGA4
5138,C3orf35
5139,ITGA9
5140,CTDSPL
5141,VILL
5142,PLCD1
5143,DLEC1
5144,ACAA1
5145,MYD88
5146,OXSR1
5147,SLC22A13
5148,SLC22A14
5149,XYLB
5150,ACVR2B-AS1
5151,ACVR2B
5152,EXOG
5153,SCN5A
5154,SCN10A
5155,RP11-134J21.1
5156,SCN11A
5157,WDR48
5158,GORASP1
5159,TTC21A
5160,CSRNP1
5161,XIRP1
5162,CX3CR1
5163,CCR8
5164,SLC25A38
5165,RPSA
5166,MOBP
5167,MYRIP
5168,EIF1B
5169,ENTPD3-AS1
5170,ENTPD3
5171,RPL14
5172,ZNF619
5173,ZNF620
5174,ZNF621
5175,RP11-528N21.1
5176,RP11-761N21.1
5177,CTNNB1
5178,ULK4
5179,TRAK1
5180,CCK
5181,RP11-333B11.1
5182,LYZL4
5183,VIPR1
5184,VIPR1-AS1
5185,SEC22C
5186,SS18L2
5187,NKTR
5188,RP4-613B23.1
5189,ZBTB47
5190,KLHL40
5191,CCDC13
5192,HHATL-AS1
5193,CCDC13-AS1
5194,RP4-613B23.5
5195,RP11-70C1.1
5196,RP11-70C1.3
5197,ACKR2
5198,RP11-136C24.3
5199,CYP8B1
5200,KRBOX1-AS1
5201,FAM198A
5202,POMGNT2
5203,SNRK
5204,RP11-188P20.3
5205,SNRK-AS1
5206,ANO10
5207,ABHD5
5208,RP4-555D20.3
5209,RP4-555D20.4
5210,RP4-555D20.2
5211,TOPAZ1
5212,RP11-424N24.2
5213,TCAIM
5214,LINC00694
5215,RP11-101C21.4
5216,ZNF445
5217,ZNF852
5218,ZKSCAN7
5219,RP11-944L7.4
5220,ZNF197
5221,ZNF35
5222,RP11-348P10.2
5223,ZNF502
5224,ZNF501
5225,KIAA1143
5226,KIF15
5227,TGM4
5228,ZDHHC3
5229,EXOSC7
5230,CLEC3B
5231,CDCP1
5232,TMEM158
5233,LARS2
5234,LARS2-AS1
5235,LIMD1
5236,LIMD1-AS1
5237,SACM1L
5238,SLC6A20
5239,LZTFL1
5240,CCR9
5241,FYCO1
5242,CXCR6
5243,XCR1
5244,CCR3
5245,CCR1
5246,CCR2
5247,RP11-24F11.2
5248,CCR5
5249,CCRL2
5250,LTF
5251,LRRC2
5252,LRRC2-AS1
5253,TDGF1
5254,ALS2CL
5255,TMIE
5256,PRSS50
5257,PRSS42
5258,MYL3
5259,PTH1R
5260,CCDC12
5261,NBEAL2
5262,SETD2
5263,KIF9-AS1
5264,KIF9
5265,KLHL18
5266,RP11-708J19.1
5267,PTPN23
5268,SCAP
5269,ELP6
5270,CSPG5
5271,SMARCC1
5272,DHX30
5273,MAP4
5274,CDC25A
5275,ZNF589
5276,NME6
5277,SPINK8
5278,FBXW12
5279,PLXNB1
5280,CCDC51
5281,TMA7
5282,RP11-24C3.2
5283,ATRIP
5284,SHISA5
5285,PFKFB4
5286,UCN2
5287,COL7A1
5288,UQCRC1
5289,TMEM89
5290,SLC26A6
5291,CELSR3
5292,CELSR3-AS1
5293,RP11-572O6.1
5294,NCKIPSD
5295,IP6K2
5296,PRKAR2A
5297,PRKAR2A-AS1
5298,SLC25A20
5299,ARIH2OS
5300,ARIH2
5301,RP13-131K19.1
5302,RP13-131K19.2
5303,P4HTM
5304,WDR6
5305,DALRD3
5306,NDUFAF3
5307,IMPDH2
5308,RP13-131K19.6
5309,QRICH1
5310,QARS
5311,USP19
5312,LAMB2
5313,CCDC71
5314,KLHDC8B
5315,C3orf84
5316,CCDC36
5317,RP11-3B7.1
5318,C3orf62
5319,USP4
5320,GPX1
5321,RHOA
5322,TCTA
5323,AMT
5324,NICN1
5325,DAG1
5326,BSN-AS2
5327,BSN
5328,BSN-AS1
5329,APEH
5330,MST1
5331,RNF123
5332,AMIGO3
5333,GMPPB
5334,IP6K1
5335,CDHR4
5336,FAM212A
5337,UBA7
5338,TRAIP
5339,CAMKV
5340,MST1R
5341,CTD-2330K9.2
5342,CTD-2330K9.3
5343,MON1A
5344,RBM6
5345,RBM5
5346,RBM5-AS1
5347,SEMA3F-AS1
5348,SEMA3F
5349,GNAT1
5350,SLC38A3
5351,GNAI2
5352,U73166.2
5353,SEMA3B-AS1
5354,SEMA3B
5355,LSMEM2
5356,IFRD2
5357,HYAL3
5358,HYAL1
5359,HYAL2
5360,TUSC2
5361,RASSF1
5362,RASSF1-AS1
5363,ZMYND10-AS1
5364,ZMYND10
5365,NPRL2
5366,CYB561D2
5367,XXcos-LUCA11.5
5368,TMEM115
5369,CACNA2D2
5370,CYB561D2.1
5371,C3orf18
5372,HEMK1
5373,CISH
5374,MAPKAPK3
5375,RP11-804H8.6
5376,DOCK3
5377,MANF
5378,RBM15B
5379,VPRBP
5380,RAD54L2
5381,TEX264
5382,GRM2
5383,IQCF3
5384,IQCF2
5385,IQCF5
5386,IQCF1
5387,RRP9
5388,PARP3
5389,GPR62
5390,PCBP4
5391,ABHD14B
5392,ABHD14A
5393,ABHD14A-ACY1
5394,ACY1
5395,RPL29
5396,DUSP7
5397,POC1A
5398,ALAS1
5399,TLR9
5400,RP11-330H6.5
5401,TWF2
5402,RP5-1157M23.2
5403,PPM1M
5404,WDR82
5405,GLYCTK
5406,DNAH1
5407,BAP1
5408,PHF7
5409,SEMA3G
5410,TNNC1
5411,NISCH
5412,STAB1
5413,NT5DC2
5414,SMIM4
5415,PBRM1
5416,GNL3
5417,GLT8D1
5418,SPCS1
5419,NEK4
5420,ITIH1
5421,ITIH3
5422,ITIH4
5423,RP5-966M1.6
5424,ITIH4-AS1
5425,TMEM110-MUSTN1
5426,TMEM110
5427,SFMBT1
5428,RP11-894J14.5
5429,RFT1
5430,PRKCD
5431,TKT
5432,DCP1A
5433,CACNA1D
5434,RP11-884K10.6
5435,CHDH
5436,IL17RB
5437,RP11-884K10.7
5438,ACTR8
5439,SELK
5440,CACNA2D3
5441,CACNA2D3-AS1
5442,LRTM1
5443,RP11-889D3.1
5444,RP11-889D3.2
5445,RP11-64C1.1
5446,RP11-875H7.1
5447,WNT5A
5448,WNT5A-AS1
5449,RP11-875H7.5
5450,ERC2
5451,RP11-58O15.1
5452,CCDC66
5453,FAM208A
5454,ARHGEF3
5455,ARHGEF3-AS1
5456,SPATA12
5457,RP11-157F20.3
5458,IL17RD
5459,HESX1
5460,APPL1
5461,ASB14
5462,DNAH12
5463,PDE12
5464,ARF4
5465,ARF4-AS1
5466,DENND6A
5467,DENND6A-AS1
5468,RP11-755B10.3
5469,SLMAP
5470,FLNB
5471,FLNB-AS1
5472,DNASE1L3
5473,ABHD6
5474,RPP14
5475,RP11-80H18.4
5476,PXK
5477,PDHB
5478,RP11-802O23.3
5479,RP11-359I18.5
5480,KCTD6
5481,ACOX2
5482,FAM107A
5483,RP11-475O23.2
5484,FAM3D-AS1
5485,FAM3D
5486,C3orf67
5487,C3orf67-AS1
5488,CTD-2185K10.1
5489,RP11-285B24.1
5490,RP11-719N22.2
5491,FHIT
5492,PTPRG
5493,C3orf14
5494,FEZF2
5495,CADPS
5496,LINC00698
5497,SYNPR
5498,SYNPR-AS1
5499,SNTN
5500,C3orf49
5501,THOC7
5502,ATXN7
5503,SCAANT1
5504,PSMD6-AS2
5505,RP11-245J9.5
5506,PSMD6
5507,RP11-245J9.4
5508,RP11-245J9.6
5509,PRICKLE2-AS1
5510,LINC00994
5511,PRICKLE2
5512,PRICKLE2-AS2
5513,PRICKLE2-AS3
5514,RP11-14D22.1
5515,ADAMTS9
5516,ADAMTS9-AS1
5517,ADAMTS9-AS2
5518,RP11-543A18.1
5519,MAGI1
5520,MAGI1-AS1
5521,SLC25A26
5522,LRIG1
5523,KBTBD8
5524,RP11-85I21.1
5525,SUCLG2
5526,SUCLG2-AS1
5527,FAM19A1
5528,FAM19A4
5529,EOGT
5530,CTD-2013N24.2
5531,TMF1
5532,UBA3
5533,ARL6IP5
5534,LMOD3
5535,FRMD4B
5536,RP11-62G11.2
5537,MITF
5538,LINC01212
5539,RP11-231I13.2
5540,FOXP1
5541,FOXP1-AS1
5542,RP11-154H23.5
5543,RP11-154H23.4
5544,EIF4E3
5545,GPR27
5546,PROK2
5547,LINC00877
5548,RP11-398A8.4
5549,LINC00870
5550,RP11-433A10.3
5551,RYBP
5552,RP11-654C22.2
5553,SHQ1
5554,GXYLT2
5555,PPP4R2
5556,PDZRN3
5557,PDZRN3-AS1
5558,RP11-20B7.1
5559,RP11-508O18.1
5560,CNTN3
5561,RP11-803B1.8
5562,CTD-2026G6.3
5563,FRG2C
5564,LINC00960
5565,ZNF717
5566,ROBO2
5567,RP11-354H21.1
5568,RP11-314M24.1
5569,ROBO1
5570,RP11-47P18.1
5571,RP11-47P18.2
5572,RP11-6B4.1
5573,RP11-520D19.2
5574,GBE1
5575,RP11-359D24.1
5576,RP11-260O18.1
5577,LINC00971
5578,RP11-735B13.2
5579,CADM2
5580,CADM2-AS2
5581,CADM2-AS1
5582,RP11-331K15.1
5583,VGLL3
5584,LINC00506
5585,CHMP2B
5586,POU1F1
5587,RP11-451B8.1
5588,HTR1F
5589,CGGBP1
5590,RP11-159G9.5
5591,ZNF654
5592,C3orf38
5593,EPHA3
5594,PROS1
5595,ARL13B
5596,STX19
5597,DHFRL1
5598,NSUN3
5599,LINC00879
5600,MTRNR2L12
5601,EPHA6
5602,RP11-389G6.3
5603,ARL6
5604,RP11-389G6.5
5605,CRYBG3
5606,RP11-389G6.4
5607,MINA
5608,GABRR3
5609,RP11-343D2.11
5610,OR5H14
5611,OR5H15
5612,RP11-325B23.2
5613,OR5K2
5614,CLDND1
5615,CPOX
5616,RP11-227H4.5
5617,ST3GAL6-AS1
5618,ST3GAL6
5619,DCBLD2
5620,CTD-2021J15.1
5621,RP11-779P15.1
5622,RP11-779P15.2
5623,RP11-201E8.1
5624,COL8A1
5625,RP11-383I23.2
5626,CMSS1
5627,FILIP1L
5628,TMEM30C
5629,TBC1D23
5630,NIT2
5631,TOMM70A
5632,LNP1
5633,TMEM45A
5634,ADGRG7
5635,TFG
5636,ABI3BP
5637,IMPG2
5638,SENP7
5639,TRMT10C
5640,PCNP
5641,ZBTB11
5642,ZBTB11-AS1
5643,RPL24
5644,CEP97
5645,NXPE3
5646,RP11-49I4.3
5647,NFKBIZ
5648,RP11-221J22.1
5649,ZPLD1
5650,RP11-280H21.1
5651,ALCAM
5652,CBLB
5653,LINC00882
5654,DUBR
5655,RP11-446H18.5
5656,RP11-446H18.6
5657,CCDC54
5658,RP11-115H18.1
5659,BBX
5660,LINC00635
5661,LINC00636
5662,CD47
5663,LINC01215
5664,IFT57
5665,HHLA2
5666,MYH15
5667,KIAA1524
5668,AC069499.1
5669,DZIP3
5670,RETNLB
5671,TRAT1
5672,GUCA1C
5673,MORC1
5674,MORC1-AS1
5675,FLJ22763
5676,RP11-59E19.4
5677,LINC00488
5678,DPPA2
5679,DPPA4
5680,LINC01205
5681,RP11-457K10.1
5682,RP11-119D18.1
5683,RP11-553A10.1
5684,PVRL3-AS1
5685,PVRL3
5686,CD96
5687,RP11-615J4.3
5688,PLCXD2
5689,PHLDB2
5690,ABHD10
5691,TAGLN3
5692,TMPRSS7
5693,C3orf52
5694,GCSAM
5695,RP11-757F18.5
5696,SLC9C1
5697,RP11-90K6.1
5698,CD200
5699,RP11-231E6.1
5700,BTLA
5701,ATG3
5702,SLC35A5
5703,CCDC80
5704,RP11-572C15.5
5705,CD200R1L
5706,CD200R1
5707,RP11-484K9.4
5708,GTPBP8
5709,C3orf17
5710,RP11-572M11.4
5711,RP11-572M11.1
5712,RP11-572M11.3
5713,BOC
5714,CFAP44
5715,CFAP44-AS1
5716,SPICE1
5717,SIDT1
5718,SIDT1-AS1
5719,USF3
5720,NAA50
5721,RP11-271C24.2
5722,ATP6V1A
5723,GRAMD1C
5724,RP11-255E6.6
5725,ZDHHC23
5726,CCDC191
5727,QTRTD1
5728,DRD3
5729,RP11-553L6.2
5730,ZNF80
5731,TIGIT
5732,RP11-553L6.5
5733,ZBTB20
5734,ZBTB20-AS1
5735,RP11-197K3.1
5736,ZBTB20-AS2
5737,ZBTB20-AS3
5738,ZBTB20-AS4
5739,AC069063.2
5740,RP11-190P13.2
5741,GAP43
5742,LSAMP
5743,LSAMP-AS1
5744,LINC00903
5745,TUSC7
5746,LINC00901
5747,RP11-384F7.2
5748,RP11-768G7.3
5749,RP11-384F7.1
5750,IGSF11
5751,IGSF11-AS1
5752,C3orf30
5753,RP11-484M3.5
5754,UPK1B
5755,B4GALT4
5756,B4GALT4-AS1
5757,ARHGAP31
5758,ARHGAP31-AS1
5759,TMEM39A
5760,POGLUT1
5761,RP11-190C22.8
5762,TIMMDC1
5763,CD80
5764,RP11-190C22.9
5765,ADPRH
5766,PLA1A
5767,POPDC2
5768,COX17
5769,MAATS1
5770,RP11-169N13.4
5771,NR1I2
5772,GSK3B
5773,RP11-18H7.1
5774,GPR156
5775,LRRC58
5776,RP11-174O3.6
5777,FSTL1
5778,NDUFB4
5779,HGD
5780,RABL3
5781,GTF2E1
5782,RP11-500K19.1
5783,STXBP5L
5784,POLQ
5785,ARGFX
5786,FBXO40
5787,HCLS1
5788,GOLGB1
5789,IQCB1
5790,EAF2
5791,SLC15A2
5792,ILDR1
5793,CD86
5794,CASR
5795,CSTA
5796,CCDC58
5797,FAM162A
5798,WDR5B
5799,RP11-299J3.8
5800,KPNA1
5801,PARP9
5802,DTX3L
5803,PARP15
5804,PARP14
5805,HSPBAP1
5806,DIRC2
5807,RP11-67L2.2
5808,SEMA5B
5809,PDIA5
5810,SEC22A
5811,RP11-797D24.3
5812,ADCY5
5813,RP11-797D24.4
5814,HACD2
5815,MYLK-AS1
5816,MYLK
5817,MYLK-AS2
5818,RP11-9N20.3
5819,CCDC14
5820,ROPN1
5821,KALRN
5822,UMPS
5823,ITGB5
5824,ITGB5-AS1
5825,MUC13
5826,HEG1
5827,SLC12A8
5828,ZNF148
5829,SNX4
5830,OSBPL11
5831,RP11-379B18.6
5832,RP11-666A20.4
5833,ALG1L
5834,ROPN1B
5835,SLC41A3
5836,RP11-124N2.1
5837,ALDH1L1
5838,ALDH1L1-AS1
5839,ALDH1L1-AS2
5840,RP11-71E19.1
5841,RP11-71E19.2
5842,KLF15
5843,CFAP100
5844,ZXDC
5845,UROC1
5846,CHST13
5847,C3orf22
5848,TXNRD3
5849,CHCHD6
5850,PLXNA1
5851,C3orf56
5852,RP11-88I21.2
5853,LINC01471
5854,RP11-59J16.2
5855,RP11-59J16.3
5856,RP11-153F10.2
5857,TPRA1
5858,MCM2
5859,PODXL2
5860,ABTB1
5861,MGLL
5862,KBTBD12
5863,SEC61A1
5864,RUVBL1
5865,RUVBL1-AS1
5866,EEFSEC
5867,DNAJB8-AS1
5868,GATA2
5869,GATA2-AS1
5870,LINC01565
5871,RPN1
5872,RAB7A
5873,RP11-723O4.9
5874,RP11-723O4.2
5875,ACAD9
5876,KIAA1257
5877,EFCC1
5878,GP9
5879,RAB43
5880,ISY1-RAB43
5881,RP11-434H6.6
5882,ISY1
5883,RP11-434H6.7
5884,CNBP
5885,COPG1
5886,HMCES
5887,H1FX
5888,H1FX-AS1
5889,EFCAB12
5890,MBD4
5891,IFT122
5892,RHO
5893,H1FOO
5894,PLXND1
5895,TMCC1
5896,TMCC1-AS1
5897,RP11-93K22.6
5898,TRH
5899,ALG1L2
5900,RP11-93K22.13
5901,RP11-77P16.4
5902,COL6A5
5903,COL6A6
5904,PIK3R4
5905,ATP2C1
5906,RP11-39E3.3
5907,ASTE1
5908,NEK11
5909,RP11-265F19.1
5910,NUDT16
5911,MRPL3
5912,RP11-517B11.4
5913,CPNE4
5914,ACPP
5915,DNAJC13
5916,ACAD11
5917,NPHP3-ACAD11
5918,ACKR4
5919,UBA5
5920,NPHP3-AS1
5921,RP11-469L4.1
5922,TMEM108
5923,TMEM108-AS1
5924,BFSP2
5925,BFSP2-AS1
5926,RP11-91K8.5
5927,CDV3
5928,TOPBP1
5929,TF
5930,SRPRB
5931,RAB6B
5932,C3orf36
5933,SLCO2A1
5934,RYK
5935,RP11-200A1.1
5936,RP11-375I20.6
5937,AMOTL2
5938,ANAPC13
5939,CEP63
5940,EPHB1
5941,KY
5942,PPP2R3A
5943,RP11-305O4.3
5944,MSL2
5945,PCCB
5946,STAG1
5947,RP11-102M11.2
5948,SLC35G2
5949,RP11-731C17.2
5950,NCK1-AS1
5951,NCK1
5952,IL20RB
5953,IL20RB-AS1
5954,SOX14
5955,LINC01210
5956,CLDN18
5957,RP11-461M2.2
5958,DZIP1L
5959,A4GNT
5960,DBR1
5961,ARMC8
5962,NME9
5963,MRAS
5964,ESYT3
5965,CEP70
5966,FAIM
5967,PIK3CB
5968,LINC01391
5969,FOXL2
5970,FOXL2NB
5971,MRPS22
5972,PRR23C
5973,RP11-219D15.3
5974,COPB2
5975,RP11-319G6.1
5976,RBP2
5977,RBP1
5978,NMNAT3
5979,RP11-442N1.2
5980,RP11-442N1.1
5981,RP11-166D18.1
5982,CLSTN2
5983,RP11-68L1.2
5984,RP11-68L1.1
5985,CLSTN2-AS1
5986,TRIM42
5987,RP11-691G17.1
5988,SLC25A36
5989,SPSB4
5990,RP11-231L11.1
5991,PXYLP1
5992,RP11-438D8.2
5993,ZBTB38
5994,RASA2
5995,RP11-340E6.1
5996,RNF7
5997,GRK7
5998,ATP1B3
5999,ATP1B3-AS1
6000,TFDP2
6001,GK5
6002,XRN1
6003,ATR
6004,PLS1
6005,PLS1-AS1
6006,TRPC1
6007,PCOLCE2
6008,RP11-372E1.4
6009,PAQR9
6010,PAQR9-AS1
6011,U2SURP
6012,RP11-91G21.1
6013,CHST2
6014,SLC9A9
6015,SLC9A9-AS1
6016,SLC9A9-AS2
6017,C3orf58
6018,RP11-88H10.2
6019,RP11-88H10.3
6020,RP11-274H2.2
6021,RP11-274H2.3
6022,PLOD2
6023,PLSCR4
6024,PLSCR2
6025,PLSCR1
6026,PLSCR5
6027,RP11-649A16.1
6028,ZIC4
6029,ZIC1
6030,RP11-71N10.1
6031,RP11-501O2.1
6032,RP11-501O2.3
6033,RP11-501O2.4
6034,RP11-501O2.5
6035,AGTR1
6036,CPB1
6037,RP11-680B3.2
6038,CPA3
6039,GYG1
6040,HLTF
6041,HLTF-AS1
6042,HPS3
6043,CP
6044,RP11-206M11.7
6045,TM4SF18
6046,TM4SF1
6047,TM4SF1-AS1
6048,TM4SF4
6049,WWTR1
6050,WWTR1-AS1
6051,COMMD2
6052,ANKUB1
6053,RNF13
6054,PFN2
6055,RP11-651P23.5
6056,RP11-167H9.4
6057,RP11-167H9.3
6058,RP11-167H9.5
6059,LINC01213
6060,LINC01214
6061,TSC22D2
6062,SERP1
6063,EIF2A
6064,SELT
6065,ERICH6
6066,ERICH6-AS1
6067,SIAH2
6068,SIAH2-AS1
6069,CLRN1-AS1
6070,RP11-166N6.3
6071,CLRN1
6072,MED12L
6073,GPR171
6074,P2RY14
6075,GPR87
6076,P2RY13
6077,P2RY12
6078,IGSF10
6079,RP11-454C18.1
6080,AADACL2
6081,AADACL2-AS1
6082,RP11-64D22.5
6083,AADAC
6084,SUCNR1
6085,RP11-246A10.1
6086,MBNL1
6087,MBNL1-AS1
6088,TMEM14EP
6089,RP11-362A9.3
6090,P2RY1
6091,RP11-529G21.2
6092,RAP2B
6093,RP11-292E2.1
6094,RP11-292E2.2
6095,RP11-292E2.4
6096,C3orf79
6097,RP11-217E22.5
6098,ARHGEF26
6099,DHX36
6100,GPR149
6101,RP11-656A15.1
6102,RP11-439C8.1
6103,MME
6104,MME-AS1
6105,LINC01487
6106,RP11-451G4.2
6107,RP11-451G4.3
6108,PLCH1
6109,PLCH1-AS1
6110,PLCH1-AS2
6111,C3orf33
6112,SLC33A1
6113,GMPS
6114,KCNAB1
6115,KCNAB1-AS2
6116,KCNAB1-AS1
6117,RP11-305K5.1
6118,SSR3
6119,TIPARP-AS1
6120,TIPARP
6121,LINC00886
6122,LEKR1
6123,LINC00880
6124,RP11-6F2.5
6125,LINC00881
6126,CCNL1
6127,RP11-555M1.3
6128,VEPH1
6129,PTX3
6130,PQLC2L
6131,RP11-290K4.2
6132,SHOX2
6133,RSRC1
6134,RP11-538P18.2
6135,MLF1
6136,GFM1
6137,LXN
6138,RP11-379F4.7
6139,RP11-379F4.6
6140,RARRES1
6141,MFSD1
6142,RP11-379F4.9
6143,IQCJ-SCHIP1
6144,IQCJ-SCHIP1-AS1
6145,IL12A-AS1
6146,IL12A
6147,LINC01100
6148,C3orf80
6149,RP11-432B6.3
6150,SMC4
6151,TRIM59
6152,KPNA4
6153,RP11-16N11.2
6154,PPM1L
6155,B3GALNT1
6156,NMD3
6157,SPTSSB
6158,RP11-3P17.4
6159,OTOL1
6160,RP11-774I5.1
6161,RP11-10O22.1
6162,LINC01192
6163,RP11-418B12.1
6164,LINC01323
6165,LINC01324
6166,SI
6167,RP11-747D18.1
6168,SLITRK3
6169,LINC01322
6170,BCHE
6171,LINC01326
6172,RP11-12K11.2
6173,ZBBX
6174,LINC01327
6175,SERPINI2
6176,WDR49
6177,PDCD10
6178,SERPINI1
6179,RP11-298O21.6
6180,RP11-298O21.3
6181,RP11-298O21.2
6182,LINC01330
6183,GOLIM4
6184,RP11-637O11.2
6185,RP11-368I23.2
6186,RP11-368I23.3
6187,RP11-368I23.4
6188,RP11-152C17.1
6189,MECOM
6190,RP11-641D5.2
6191,AC074033.1
6192,TERC
6193,ACTRT3
6194,RP11-816J6.3
6195,MYNN
6196,RP11-362K14.5
6197,LRRC34
6198,RP11-362K14.7
6199,RP11-362K14.6
6200,LRRIQ4
6201,LRRC31
6202,SAMD7
6203,RP11-379K17.4
6204,SEC62
6205,SEC62-AS1
6206,GPR160
6207,PHC3
6208,RP11-379K17.12
6209,PRKCI
6210,RP11-543D10.2
6211,SKIL
6212,RP11-469J4.3
6213,CLDN11
6214,SLC7A14
6215,RP11-373E16.4
6216,RPL22L1
6217,EIF5A2
6218,SLC2A2
6219,TNIK
6220,RP11-185E8.1
6221,PLD1
6222,TMEM212
6223,TMEM212-AS1
6224,FNDC3B
6225,GHSR
6226,TNFSF10
6227,RP11-408H1.3
6228,NCEH1
6229,ECT2
6230,SPATA16
6231,RP11-324C10.1
6232,NLGN1
6233,NLGN1-AS1
6234,NAALADL2
6235,NAALADL2-AS2
6236,NAALADL2-AS1
6237,LINC01208
6238,RP11-644C3.1
6239,TBL1XR1
6240,TBL1XR1-AS1
6241,LINC00501
6242,RP11-706D8.3
6243,LINC00578
6244,RP11-114M1.2
6245,KCCAT211
6246,RP11-2L8.1
6247,RP11-2L8.2
6248,RP11-33A14.1
6249,KCNMB2
6250,KCNMB2-AS1
6251,ZMAT3
6252,RP11-360P21.2
6253,PIK3CA
6254,KCNMB3
6255,ZNF639
6256,RP11-255C15.3
6257,MFN1
6258,GNB4
6259,AC007620.3
6260,RP11-145M9.5
6261,ACTL6A
6262,RP11-15L13.4
6263,RP11-145M9.6
6264,MRPL47
6265,NDUFB5
6266,USP13
6267,PEX5L
6268,RP11-494H4.3
6269,PEX5L-AS1
6270,PEX5L-AS2
6271,RP11-420J11.2
6272,RP11-496B10.3
6273,TTC14
6274,CCDC39
6275,CCDC39-AS1
6276,FXR1
6277,DNAJC19
6278,RP11-275H4.1
6279,RP11-4B14.3
6280,SOX2
6281,LINC01206
6282,RP11-416O18.2
6283,RP11-338L18.1
6284,FLJ46066
6285,RP11-139K4.2
6286,RP11-646E18.2
6287,RP11-646E18.4
6288,RP11-225N10.1
6289,ATP11B
6290,RP11-531F16.4
6291,DCUN1D1
6292,MCCC1
6293,MCCC1-AS1
6294,LAMP3
6295,MCF2L2
6296,B3GNT5
6297,KLHL6
6298,KLHL6-AS1
6299,KLHL24
6300,YEATS2
6301,YEATS2-AS1
6302,MAP6D1
6303,PARL
6304,ABCC5
6305,ABCC5-AS1
6306,HTR3D
6307,HTR3C
6308,HTR3E-AS1
6309,HTR3E
6310,RP11-778D9.13
6311,RP11-778D9.12
6312,EIF2B5
6313,ALG3
6314,CAMK2N2
6315,CLCN2
6316,THPO
6317,EIF2B5-AS1
6318,MAGEF1
6319,RP11-329B9.4
6320,RP11-329B9.3
6321,RP11-329B9.5
6322,RP11-329B9.1
6323,VPS8
6324,C3orf70
6325,EHHADH-AS1
6326,EHHADH
6327,MAP3K13
6328,TMEM41A
6329,LIPH
6330,SENP2
6331,IGF2BP2
6332,IGF2BP2-AS1
6333,TRA2B
6334,ETV5
6335,ETV5-AS1
6336,DGKG
6337,RP11-78H24.1
6338,RP11-48F14.1
6339,CRYGS
6340,TBCCD1
6341,DNAJB11
6342,RP11-573D15.8
6343,AHSG
6344,FETUB
6345,HRG
6346,KNG1
6347,RP11-573D15.9
6348,EIF4A2
6349,RFC4
6350,RP11-573D15.3
6351,RP11-573D15.2
6352,ADIPOQ
6353,ADIPOQ-AS1
6354,ST6GAL1
6355,RPL39L
6356,RP11-208N14.4
6357,RTP1
6358,MASP1
6359,RTP4
6360,SST
6361,RP11-211G3.3
6362,BCL6
6363,RP11-211G3.2
6364,RP11-30O15.1
6365,RP11-44H4.1
6366,RP11-132N15.3
6367,RP11-430L16.1
6368,LPP-AS2
6369,LPP
6370,LPP-AS1
6371,TPRG1-AS1
6372,TPRG1
6373,TP63
6374,P3H2
6375,P3H2-AS1
6376,CLDN1
6377,CLDN16
6378,TMEM207
6379,IL1RAP
6380,GMNC
6381,OSTN
6382,OSTN-AS1
6383,UTS2B
6384,CCDC50
6385,PYDC2
6386,RP11-197K6.1
6387,RP11-655G22.1
6388,FGF12
6389,FGF12-AS1
6390,FGF12-AS2
6391,FGF12-AS3
6392,MB21D2
6393,RP11-143P4.2
6394,HRASLS
6395,ATP13A5
6396,ATP13A5-AS1
6397,ATP13A4
6398,ATP13A4-AS1
6399,OPA1
6400,OPA1-AS1
6401,RP11-699L21.1
6402,RP11-699L21.2
6403,RP11-407B7.3
6404,RP11-135A1.3
6405,RP11-135A1.2
6406,HES1
6407,RP11-513G11.4
6408,RP11-513G11.3
6409,RP11-513G11.2
6410,LINC00887
6411,CPN2
6412,LRRC15
6413,GP5
6414,ATP13A3
6415,LINC00884
6416,TMEM44-AS1
6417,TMEM44
6418,AC046143.3
6419,RP11-534C12.1
6420,LSG1
6421,FAM43A
6422,AC106706.1
6423,AC090505.6
6424,AC090505.4
6425,AC090505.1
6426,XXYLT1
6427,XXYLT1-AS1
6428,XXYLT1-AS2
6429,ACAP2
6430,PPP1R2
6431,AC091633.3
6432,APOD
6433,AC069513.4
6434,LINC00969
6435,MUC20
6436,MUC4
6437,AC124944.5
6438,TNK2
6439,TNK2-AS1
6440,AC124944.3
6441,RP11-352G9.1
6442,RP11-480A16.1
6443,TFRC
6444,LINC00885
6445,ZDHHC19
6446,SLC51A
6447,PCYT1A
6448,RP11-447L10.1
6449,AC069257.8
6450,TM4SF19-TCTEX1D2
6451,TM4SF19-AS1
6452,UBXN7
6453,UBXN7-AS1
6454,RNF168
6455,CTD-2002J20.1
6456,SMCO1
6457,WDR53
6458,FBXO45
6459,LINC01063
6460,NRROS
6461,PIGX
6462,CEP19
6463,PAK2
6464,SENP5
6465,NCBP2
6466,NCBP2-AS1
6467,NCBP2-AS2
6468,PIGZ
6469,MFI2
6470,MFI2-AS1
6471,DLG1
6472,DLG1-AS1
6473,AC128709.3
6474,AC128709.2
6475,RP13-616I3.1
6476,BDH1
6477,RP11-496H1.2
6478,AC024560.2
6479,RUBCN
6480,FYTTD1
6481,RP11-803P9.1
6482,LRCH3
6483,AC055764.1
6484,IQCG
6485,RPL35A
6486,LMLN
6487,LMLN-AS1
6488,ZNF595
6489,ZNF718
6490,ZNF732
6491,ZNF141
6492,RP11-2H3.7
6493,RP11-2H3.6
6494,ZNF721
6495,PIGG
6496,RP11-1263C18.1
6497,PDE6B
6498,RP11-1191J2.2
6499,RP11-1191J2.5
6500,ATP5I
6501,MYL5
6502,MFSD7
6503,PCGF3
6504,RP11-440L14.4
6505,RP11-440L14.1
6506,CPLX1
6507,RP11-440L14.3
6508,GAK
6509,TMEM175
6510,DGKQ
6511,SLC26A1
6512,IDUA
6513,FGFRL1
6514,RNF212
6515,RP11-20I20.2
6516,AC092535.3
6517,SPON2
6518,RP11-20I20.4
6519,CTBP1-AS
6520,CTBP1
6521,CTBP1-AS2
6522,MAEA
6523,UVSSA
6524,CRIPAK
6525,RP11-1398P2.1
6526,FAM53A
6527,SLBP
6528,RP11-572O17.1
6529,TMEM129
6530,TACC3
6531,FGFR3
6532,LETM1
6533,WHSC1
6534,NELFA
6535,C4orf48
6536,NAT8L
6537,POLN
6538,RP11-317B7.3
6539,HAUS3
6540,MXD4
6541,ZFYVE28
6542,RP11-478C1.7
6543,CFAP99
6544,RNF4
6545,FAM193A
6546,TNIP2
6547,SH3BP2
6548,ADD1
6549,MFSD10
6550,NOP14-AS1
6551,NOP14
6552,GRK4
6553,HTT-AS
6554,HTT
6555,MSANTD1
6556,RGS12
6557,HGFAC
6558,DOK7
6559,LRPAP1
6560,AL590235.1
6561,RP11-529E10.7
6562,RP3-513G18.2
6563,AC141928.1
6564,ADRA2C
6565,OTOP1
6566,TMEM128
6567,LYAR
6568,ZBTB49
6569,RP11-265O12.1
6570,NSG1
6571,STX18
6572,STX18-AS1
6573,LINC01396
6574,MSX1
6575,CYTL1
6576,STK32B
6577,EVC2
6578,EVC
6579,CRMP1
6580,C4orf50
6581,JAKMIP1
6582,RP11-586D19.1
6583,RP11-1406H17.1
6584,WFS1
6585,PPP2R2C
6586,MAN2B2
6587,MRFAP1
6588,RP11-539L10.3
6589,AC093323.3
6590,RP11-539L10.2
6591,S100P
6592,MRFAP1L1
6593,BLOC1S4
6594,KIAA0232
6595,TBC1D14
6596,RP11-367J11.2
6597,TADA2B
6598,GRPEL1
6599,RP11-367J11.3
6600,SORCS2
6601,PSAPL1
6602,AFAP1-AS1
6603,AFAP1
6604,AC097381.1
6605,ABLIM2
6606,RP11-338K13.1
6607,RP11-1258F18.1
6608,SH3TC1
6609,HTRA3
6610,RP11-774O3.3
6611,ACOX3
6612,TRMT44
6613,RP11-689P11.3
6614,RP11-689P11.2
6615,GPR78
6616,RP11-1338A24.1
6617,HMX1
6618,FAM90A26
6619,USP17L15
6620,DEFB131
6621,SLC2A9
6622,DRD5
6623,RP13-560N11.1
6624,WDR1
6625,ZNF518B
6626,CLNK
6627,RP11-61G19.1
6628,RP11-61G19.2
6629,HS3ST1
6630,RP11-281P23.1
6631,RP11-281P23.2
6632,RP11-74M11.2
6633,RP11-1J7.1
6634,RP11-168E17.1
6635,RP11-22A3.2
6636,RP11-22A3.1
6637,RAB28
6638,LINC01097
6639,NKX3-2
6640,BOD1L1
6641,LINC01182
6642,AC007126.1
6643,LINC01085
6644,RP11-669M16.2
6645,RP11-669M16.1
6646,AC006296.1
6647,AC006296.2
6648,LINC00504
6649,CPEB2-AS1
6650,CPEB2
6651,RP11-665G4.1
6652,C1QTNF7
6653,CC2D2A
6654,RP11-799M12.2
6655,FBXL5
6656,FAM200B
6657,BST1
6658,CD38
6659,FGFBP2
6660,PROM1
6661,TAPT1
6662,RP11-452J21.2
6663,TAPT1-AS1
6664,RP11-446J8.1
6665,LDB2
6666,RP11-141E13.1
6667,RP11-576E20.1
6668,QDPR
6669,CLRN2
6670,LAP3
6671,AC006160.5
6672,MED28
6673,FAM184B
6674,DCAF16
6675,NCAPG
6676,LCORL
6677,RP11-3J1.1
6678,RP11-608O21.1
6679,RP11-94H6.1
6680,SLIT2
6681,PACRGL
6682,KCNIP4
6683,RP11-362J17.1
6684,RP11-120A1.1
6685,RP11-556G22.3
6686,RP11-556G22.2
6687,RP11-17E2.2
6688,ADGRA3
6689,RP11-412P11.1
6690,RP11-552M14.1
6691,RP11-453O5.1
6692,RP11-380P13.1
6693,ERVH-1
6694,PPARGC1A
6695,RP13-497K6.1
6696,DHX15
6697,RP11-496D24.2
6698,SOD3
6699,CCDC149
6700,LGI2
6701,SEPSECS
6702,SEPSECS-AS1
6703,RP11-717K11.2
6704,PI4K2B
6705,ZCCHC4
6706,ANAPC4
6707,RP11-302F12.3
6708,SLC34A2
6709,SEL1L3
6710,RP11-302F12.10
6711,SMIM20
6712,RP13-494C23.1
6713,RBPJ
6714,CCKAR
6715,TBC1D19
6716,STIM2
6717,RP11-293A21.1
6718,RP11-415C15.1
6719,AC024132.1
6720,RP11-415C15.2
6721,RP11-415C15.3
6722,AC007106.1
6723,RP11-180C1.1
6724,RP11-123O22.1
6725,RP11-292B1.2
6726,RP11-769N22.1
6727,RP11-472K22.1
6728,RP11-472K22.2
6729,PCDH7
6730,RP11-619J20.1
6731,RP11-617I14.1
6732,RP11-665I14.1
6733,RP11-734I18.1
6734,RP11-240A16.1
6735,RP11-79E3.3
6736,RP11-79E3.2
6737,RP11-548L20.1
6738,RP11-725M22.1
6739,ARAP2
6740,RP11-431M7.3
6741,DTHD1
6742,RP11-431M7.2
6743,RP11-722M1.1
6744,RP11-103J17.1
6745,NWD2
6746,C4orf19
6747,RP11-36B15.1
6748,RELL1
6749,PGM2
6750,AC021106.1
6751,TBC1D1
6752,RP11-83C7.1
6753,LINC01258
6754,LINC01259
6755,RP11-213G21.2
6756,RP11-617D20.2
6757,KLF3
6758,TLR10
6759,TLR1
6760,FAM114A1
6761,TMEM156
6762,KLHL5
6763,RP11-360F5.1
6764,RP11-360F5.3
6765,WDR19
6766,RFC1
6767,KLB
6768,RPL9
6769,LIAS
6770,UGDH
6771,UGDH-AS1
6772,SMIM14
6773,RP11-539G18.3
6774,UBE2K
6775,PDS5A
6776,N4BP2
6777,RHOH
6778,AC195454.1
6779,CHRNA9
6780,RBM47
6781,RP11-588L15.2
6782,NSUN7
6783,APBB2
6784,RP11-632F7.3
6785,UCHL1-AS1
6786,UCHL1
6787,LIMCH1
6788,RP11-227F19.5
6789,PHOX2B
6790,RP11-227F19.1
6791,LINC00682
6792,RP11-457P14.5
6793,TMEM33
6794,DCAF4L1
6795,RP11-814H16.2
6796,SLC30A9
6797,BEND4
6798,RP11-63A11.1
6799,SHISA3
6800,ATP8A1
6801,RP11-109E24.2
6802,RP11-109E24.1
6803,GRXCR1
6804,RP11-395F4.1
6805,RP11-324J13.2
6806,RP11-663P9.1
6807,LVCAT1
6808,KCTD8
6809,YIPF7
6810,GUF1
6811,GNPDA2
6812,RP11-700J17.2
6813,RP11-362I1.1
6814,GABRG1
6815,GABRA2
6816,RP11-436F23.1
6817,COX7B2
6818,GABRA4
6819,GABRB1
6820,COMMD8
6821,ATP10D
6822,AC092597.3
6823,CORIN
6824,RP11-121C2.3
6825,RP11-121C2.2
6826,NFXL1
6827,NIPAL1
6828,CNGA1
6829,TXK
6830,TEC
6831,SLAIN2
6832,SLC10A4
6833,ZAR1
6834,FRYL
6835,OCIAD1
6836,OCIAD1-AS1
6837,OCIAD2
6838,CWH43
6839,DCUN1D4
6840,RP11-365H22.2
6841,LRRC66
6842,SGCB
6843,SPATA18
6844,USP46
6845,USP46-AS1
6846,RP11-177B4.2
6847,ERVMER34-1
6848,LINC01618
6849,RASL11B
6850,SCFD2
6851,RP11-752D24.2
6852,FIP1L1
6853,RP11-231C18.3
6854,LNX1
6855,RP11-571I18.4
6856,CHIC2
6857,PDGFRA
6858,RP11-231C18.1
6859,RP11-231C18.2
6860,RP11-545H22.1
6861,AC006552.1
6862,KIT
6863,RP11-273B19.2
6864,RP11-273B19.1
6865,RP11-463H12.2
6866,RP11-530I17.1
6867,KDR
6868,SRD5A3
6869,RP11-177J6.1
6870,TMEM165
6871,CLOCK
6872,RP11-528I4.2
6873,PDCL2
6874,NMU
6875,RP11-345F18.1
6876,EXOC1
6877,CEP135
6878,KIAA1211
6879,AASDH
6880,RP11-646I6.5
6881,PPAT
6882,RP11-646I6.6
6883,PAICS
6884,SRP72
6885,ARL9
6886,THEGL
6887,HOPX
6888,SPINK2
6889,REST
6890,RP11-738E22.3
6891,NOA1
6892,POLR2B
6893,IGFBP7
6894,IGFBP7-AS1
6895,RP11-319E12.1
6896,RP11-319E12.2
6897,RP11-4O3.1
6898,RP11-4O3.2
6899,RP11-577G20.1
6900,RP11-506N2.1
6901,RP11-340A13.2
6902,RP11-340A13.3
6903,RP11-622J8.1
6904,RP11-725D20.1
6905,RP11-525J21.1
6906,RP11-593F5.2
6907,RP11-16N2.1
6908,ADGRL3
6909,RP11-798L4.1
6910,ADGRL3-AS1
6911,RP11-257A22.1
6912,RP11-12K22.1
6913,TECRL
6914,RP11-707A18.1
6915,EPHA5
6916,EPHA5-AS1
6917,RP11-807H7.2
6918,RP11-51P8.1
6919,RP11-25H12.1
6920,RP11-584P21.2
6921,CENPC
6922,STAP1
6923,UBA6
6924,UBA6-AS1
6925,GNRHR
6926,TMPRSS11D
6927,TMPRSS11A
6928,TMPRSS11F
6929,TMPRSS11B
6930,YTHDC1
6931,TMPRSS11E
6932,UGT2B15
6933,UGT2B10
6934,UGT2A3
6935,UGT2B11
6936,UGT2B7
6937,RP11-704M14.1
6938,UGT2B28
6939,UGT2B4
6940,UGT2A1
6941,SULT1B1
6942,SULT1E1
6943,CSN1S1
6944,CSN2
6945,STATH
6946,HTN3
6947,HTN1
6948,PRR27
6949,FDCSP
6950,CSN3
6951,SMR3A
6952,SMR3B
6953,MUC7
6954,AMTN
6955,AMBN
6956,ENAM
6957,JCHAIN
6958,UTP3
6959,RP11-46J23.1
6960,RUFY3
6961,GRSF1
6962,MOB1B
6963,DCK
6964,SLC4A4
6965,GC
6966,NPFFR2
6967,ADAMTS3
6968,RP11-373J21.1
6969,COX18
6970,ANKRD17
6971,RP11-692D12.1
6972,ALB
6973,AFP
6974,AFM
6975,RP11-622A1.2
6976,RASSF6
6977,CXCL8
6978,CXCL6
6979,CXCL1
6980,PF4
6981,CXCL5
6982,CXCL3
6983,CXCL2
6984,MTHFD2L
6985,RP11-629B11.5
6986,EPGN
6987,EREG
6988,RP11-727M10.1
6989,AREG
6990,AC142293.3
6991,BTC
6992,PARM1
6993,RP11-44F21.3
6994,RP11-44F21.2
6995,RP11-44F21.5
6996,RP11-542G1.1
6997,RP11-542G1.3
6998,RP11-567N4.2
6999,RP11-567N4.3
7000,RCHY1
7001,THAP6
7002,C4orf26
7003,CDKL2
7004,G3BP2
7005,USO1
7006,RP11-556N4.1
7007,PPEF2
7008,NAAA
7009,SDAD1
7010,AC110615.1
7011,RP11-630D6.5
7012,CXCL9
7013,ART3
7014,CXCL10
7015,CXCL11
7016,NUP54
7017,SCARB2
7018,FAM47E
7019,FAM47E-STBD1
7020,STBD1
7021,CCDC158
7022,SHROOM3
7023,RP11-359D14.2
7024,RP11-359D14.3
7025,SOWAHB
7026,SEPT11
7027,CCNI
7028,CCNG2
7029,RP11-625I7.1
7030,CXCL13
7031,CNOT6L
7032,MRPL1
7033,FRAS1
7034,ANXA3
7035,LINC01094
7036,RP11-109G23.3
7037,BMP2K
7038,PAQR3
7039,LINC01088
7040,NAA11
7041,GK2
7042,LINC00989
7043,RP11-452C8.1
7044,PCAT4
7045,ANTXR2
7046,RP11-377G16.2
7047,PRDM8
7048,FGF5
7049,C4orf22
7050,BMP3
7051,PRKG2
7052,RP11-100N20.1
7053,RASGEF1B
7054,RP11-127B20.2
7055,HNRNPD
7056,RP11-127B20.3
7057,HNRNPDL
7058,ENOPH1
7059,TMEM150C
7060,LINC00575
7061,SCD5
7062,SEC31A
7063,THAP9
7064,LIN54
7065,COPS4
7066,PLAC8
7067,RP11-576N17.5
7068,COQ2
7069,HPSE
7070,HELQ
7071,MRPS18C
7072,FAM175A
7073,GPAT3
7074,RP11-767N15.1
7075,RP11-42A4.1
7076,NKX6-1
7077,CDS1
7078,WDFY3
7079,WDFY3-AS1
7080,ARHGAP24
7081,RP13-514E23.2
7082,MAPK10
7083,RP11-778J15.1
7084,PTPN13
7085,SLC10A6
7086,C4orf36
7087,AFF1
7088,KLHL8
7089,RP11-529H2.1
7090,HSD17B13
7091,HSD17B11
7092,NUDT9
7093,RP11-710E1.2
7094,SPARCL1
7095,RP11-742B18.1
7096,DSPP
7097,DMP1
7098,IBSP
7099,MEPE
7100,SPP1
7101,PKD2
7102,ABCG2
7103,PPM1K
7104,RP11-10L7.1
7105,HERC6
7106,HERC5
7107,PYURF
7108,HERC3
7109,NAP1L5
7110,FAM13A-AS1
7111,FAM13A
7112,TIGD2
7113,RP11-84C13.2
7114,GPRIN3
7115,RP11-115D19.1
7116,SNCA
7117,RP11-115D19.3
7118,RP11-115D19.4
7119,SNCA-AS1
7120,MMRN1
7121,CCSER1
7122,AC004054.1
7123,RP11-763F8.1
7124,RP11-354O24.1
7125,RP11-562F9.2
7126,RP11-9B6.1
7127,GRID2
7128,RP11-428L21.1
7129,ATOH1
7130,RP11-363G15.2
7131,SMARCAD1
7132,HPGDS
7133,PDLIM5
7134,RP11-554D13.1
7135,BMPR1B-AS1
7136,BMPR1B
7137,UNC5C
7138,RP11-710C12.1
7139,PDHA2
7140,RP11-145G20.1
7141,RP11-431J17.1
7142,STPG2
7143,STPG2-AS1
7144,RP11-323J4.1
7145,RAP1GDS1
7146,TSPAN5
7147,RP11-724M22.1
7148,RP11-1299A16.3
7149,EIF4E
7150,RP11-571L19.7
7151,METAP1
7152,RP11-571L19.8
7153,ADH5
7154,RP11-696N14.1
7155,ADH4
7156,ADH6
7157,ADH1A
7158,ADH1B
7159,ADH1C
7160,ADH7
7161,C4orf17
7162,TRMT10A
7163,MTTP
7164,RP11-766F14.1
7165,RP11-766F14.2
7166,DAPP1
7167,LAMTOR3
7168,DNAJB14
7169,H2AFZ
7170,RP11-15B17.1
7171,DDIT4L
7172,RP11-588P8.1
7173,EMCN
7174,PPP3CA
7175,FLJ20021
7176,BANK1
7177,RP11-498M5.2
7178,SLC39A8
7179,RP11-499E18.1
7180,AF213884.2
7181,NFKB1
7182,MANBA
7183,UBE2D3
7184,RP11-10L12.4
7185,CISD2
7186,SLC9B1
7187,SLC9B2
7188,BDH2
7189,CENPE
7190,RP11-328K4.1
7191,RP11-297P16.3
7192,RP11-297P16.4
7193,TACR3
7194,RP11-703G6.1
7195,RP11-729M20.1
7196,CXXC4
7197,AC004053.1
7198,RP11-556I14.2
7199,RP11-556I14.1
7200,AC004069.2
7201,TET2
7202,TET2-AS1
7203,PPA2
7204,AC004066.3
7205,ARHGEF38
7206,INTS12
7207,GSTCD
7208,NPNT
7209,RP11-710F7.2
7210,RP11-710F7.3
7211,TBCK
7212,AIMP1
7213,RP13-612N21.1
7214,DKK2
7215,RP11-713M6.2
7216,PAPSS1
7217,SGMS2
7218,RP11-286E11.1
7219,CYP2U1
7220,HADH
7221,LEF1
7222,RPL34-AS1
7223,RPL34
7224,OSTC
7225,ETNPPL
7226,COL25A1
7227,AC004051.2
7228,SEC24B-AS1
7229,SEC24B
7230,CCDC109B
7231,CASP6
7232,AC004067.5
7233,PLA2G12A
7234,CFI
7235,RP11-602N24.3
7236,GAR1
7237,RRH
7238,LRIT3
7239,EGF
7240,ELOVL6
7241,ENPEP
7242,RP11-380D23.1
7243,RP11-380D23.2
7244,PITX2
7245,RP11-255I10.2
7246,RP11-269F21.1
7247,RP11-269F21.2
7248,RP11-269F21.3
7249,C4orf32
7250,RP11-73K9.2
7251,AP1AR
7252,RP11-73K9.3
7253,TIFA
7254,ALPK1
7255,NEUROG2
7256,RP11-402J6.1
7257,ZGRF1
7258,LARP7
7259,RP11-148B6.1
7260,RP11-148B6.2
7261,ANK2
7262,RP11-119H12.6
7263,RP11-650J17.1
7264,CAMK2D
7265,ARSJ
7266,RP11-26P13.2
7267,UGT8
7268,NDST4
7269,RP11-659O3.1
7270,RP11-55L3.1
7271,TRAM1L1
7272,AC107399.2
7273,AC113617.1
7274,LINC01378
7275,AC108056.1
7276,NDST3
7277,SNHG8
7278,PRSS12
7279,RP11-384K6.8
7280,METTL14
7281,SEC24D
7282,SYNPO2
7283,MYOZ2
7284,USP53
7285,C4orf3
7286,FABP2
7287,RP11-33B1.4
7288,RP11-33B1.3
7289,PDE5A
7290,LINC01365
7291,RP11-700N1.1
7292,RP11-96A1.5
7293,MAD2L1
7294,RP11-679C8.2
7295,RP11-501E14.1
7296,PRDM5
7297,NDNF
7298,RP11-647P12.1
7299,TNIP3
7300,QRFPR
7301,ANXA5
7302,TMEM155
7303,PP12613
7304,EXOSC9
7305,CCNA2
7306,BBS7
7307,RP11-63B13.1
7308,TRPC3
7309,KIAA1109
7310,ADAD1
7311,IL2
7312,IL21
7313,IL21-AS1
7314,BBS12
7315,FGF2
7316,RP11-170N16.3
7317,NUDT6
7318,SPATA5
7319,SPRY1
7320,RP11-381N20.2
7321,RP11-381N20.1
7322,LINC01091
7323,CTD-2325B11.1
7324,RP11-93I21.3
7325,ANKRD50
7326,FAT4
7327,RP11-399F2.2
7328,RP11-810P8.1
7329,RP11-125O18.1
7330,INTU
7331,SLC25A31
7332,HSPA4L
7333,RP11-50D9.3
7334,PLK4
7335,MFSD8
7336,ABHD18
7337,LARP1B
7338,PGRMC2
7339,RP11-420A23.1
7340,RP11-130C6.1
7341,RP11-184M15.1
7342,RP11-184M15.2
7343,JADRR
7344,JADE1
7345,SCLT1
7346,C4orf33
7347,RP11-419L4.1
7348,RP11-519M16.1
7349,RP11-422J15.1
7350,RP11-521E5.1
7351,RP11-314N14.1
7352,RP11-614F17.2
7353,RP11-745L13.2
7354,RP11-789C2.1
7355,RP11-62N21.1
7356,LINC01256
7357,RP11-404I7.2
7358,RP11-404I7.1
7359,RP11-9G1.3
7360,PCDH10
7361,RP11-427M20.1
7362,PABPC4L
7363,RP11-400D2.2
7364,RP11-400D2.3
7365,CTD-2012I17.1
7366,RP11-553P9.2
7367,RP11-553P9.3
7368,RP11-780O17.1
7369,LINC00613
7370,RP11-775H9.2
7371,RP11-775H9.1
7372,RP11-138I17.1
7373,RP11-785F11.1
7374,PCDH18
7375,RP11-714L20.1
7376,RP13-884E18.2
7377,RP13-884E18.4
7378,RP11-793B23.1
7379,LINC00616
7380,SLC7A11
7381,RP11-733C7.1
7382,LINC00498
7383,LINC00499
7384,LINC00500
7385,RP11-98O2.1
7386,RP11-371F15.3
7387,NOCT
7388,ELF2
7389,MGARP
7390,NDUFC1
7391,NAA15
7392,RP11-83A24.2
7393,RAB33B
7394,SETD7
7395,RP11-342I1.2
7396,RP11-308D13.3
7397,MGST2
7398,MAML3
7399,RP11-392B6.1
7400,SCOC
7401,SCOC-AS1
7402,CLGN
7403,MGAT4D
7404,ELMOD2
7405,UCP1
7406,TBC1D9
7407,RP11-102N12.2
7408,RP11-102N12.3
7409,RNF150
7410,ZNF330
7411,RP11-586L23.1
7412,RP11-362F19.1
7413,RP11-362F19.3
7414,IL15
7415,INPP4B
7416,RP11-223C24.2
7417,RP11-223C24.1
7418,RP11-284M14.1
7419,USP38
7420,RP11-364L4.3
7421,GAB1
7422,SMARCA5
7423,SMARCA5-AS1
7424,FREM3
7425,RP13-578N3.3
7426,GYPE
7427,RP11-673E1.1
7428,RP11-673E1.4
7429,GYPB
7430,GYPA
7431,RP11-361D14.2
7432,HHIP-AS1
7433,HHIP
7434,RP13-539F13.3
7435,ANAPC10
7436,ABCE1
7437,OTUD4
7438,RP11-142A22.4
7439,SMAD1
7440,SMAD1-AS2
7441,SMAD1-AS1
7442,MMAA
7443,RP11-557J10.4
7444,C4orf51
7445,ZNF827
7446,RP11-181K12.2
7447,RP11-203B7.2
7448,RP11-203B7.1
7449,LINC01095
7450,LSM6
7451,RP11-6L6.2
7452,RP11-6L6.7
7453,SLC10A7
7454,POU4F2
7455,TTC29
7456,RP11-292D4.2
7457,RP11-292D4.1
7458,EDNRA
7459,RP11-752L20.5
7460,RP11-425A23.1
7461,TMEM184C
7462,PRMT9
7463,ARHGAP10
7464,NR3C2
7465,RP11-76G10.1
7466,RP11-503L19.1
7467,RP11-563M4.1
7468,RP11-342A1.1
7469,RP11-24I21.1
7470,RP11-526A4.1
7471,RP11-707F2.1
7472,DCLK2
7473,LRBA
7474,RP11-1336O20.2
7475,MAB21L2
7476,RPS3A
7477,SH3D19
7478,RP11-372K14.2
7479,PRSS48
7480,RP11-731D1.4
7481,RP11-610P16.1
7482,FAM160A1
7483,RP11-164P12.4
7484,GATB
7485,RP11-164P12.3
7486,RP11-503L23.1
7487,RP11-73G16.3
7488,RP11-73G16.2
7489,RP11-18H21.1
7490,RP11-18H21.2
7491,RP11-18H21.3
7492,RP11-461L13.4
7493,RP11-461L13.5
7494,RP11-461L13.3
7495,FBXW7
7496,DEAR
7497,DKFZP434I0714
7498,TMEM154
7499,RP11-768B22.2
7500,ARFIP1
7501,TIGD4
7502,FHDC1
7503,RP11-285C1.2
7504,TRIM2
7505,MND1
7506,KIAA0922
7507,TLR2
7508,RNF175
7509,RP11-153M7.5
7510,SFRP2
7511,RP11-290O12.2
7512,DCHS2
7513,PLRG1
7514,FGB
7515,FGA
7516,LRAT
7517,RP11-21G20.3
7518,RBM46
7519,AC097467.2
7520,RP11-92A5.2
7521,MAP9
7522,RP13-487K5.1
7523,GUCY1A3
7524,GUCY1B3
7525,ASIC5
7526,TDO2
7527,CTSO
7528,RP11-171N4.1
7529,RP11-171N4.2
7530,RP11-171N4.4
7531,PDGFC
7532,RP11-154F14.2
7533,GLRB
7534,GRIA2
7535,RP11-364P22.1
7536,RP11-364P22.2
7537,FAM198B
7538,RP11-597D13.9
7539,RP11-597D13.8
7540,TMEM144
7541,RXFP1
7542,RP11-781M16.2
7543,C4orf46
7544,ETFDH
7545,PPID
7546,FNIP2
7547,C4orf45
7548,RAPGEF2
7549,RP11-138A23.2
7550,RP11-6C14.1
7551,RP11-502M1.2
7552,RP11-234O6.2
7553,FSTL5
7554,RP11-497K21.1
7555,AC005150.1
7556,RP11-563E2.2
7557,NAF1
7558,NPY1R
7559,NPY5R
7560,TKTL2
7561,TMA16
7562,MARCH1
7563,RP11-218F10.3
7564,LINC01207
7565,APELA
7566,TRIM61
7567,FAM218A
7568,TRIM60
7569,TMEM192
7570,KLHL2
7571,MSMO1
7572,CPE
7573,LINC01179
7574,TLL1
7575,RP11-217C7.1
7576,SPOCK3
7577,RP11-310I9.1
7578,ANXA10
7579,DDX60
7580,DDX60L
7581,PALLD
7582,RP11-635L1.3
7583,CBR4
7584,RP11-483A20.3
7585,SH3RF1
7586,RP11-327O17.2
7587,NEK1
7588,CLCN3
7589,C4orf27
7590,RP11-205M3.3
7591,RP11-6E9.5
7592,RP11-6E9.4
7593,MFAP3L
7594,AADAT
7595,LINC01612
7596,RP11-789C1.2
7597,RP11-344G13.1
7598,RP11-717H13.1
7599,RP11-97E7.1
7600,RP11-97E7.2
7601,GALNTL6
7602,RP11-10K16.1
7603,GALNT7
7604,RP11-798M19.3
7605,HMGB2
7606,RP11-798M19.6
7607,SAP30
7608,SCRG1
7609,RP11-489G11.3
7610,HAND2
7611,HAND2-AS1
7612,RP11-475B2.1
7613,RP11-161D15.2
7614,RP11-161D15.1
7615,RP11-161D15.3
7616,RP11-148L24.1
7617,FBXO8
7618,CEP44
7619,RP11-51M24.1
7620,HPGD
7621,RP11-440I14.2
7622,RP11-440I14.3
7623,GLRA3
7624,ADAM29
7625,RP13-577H12.2
7626,RP11-287F9.2
7627,RP11-598D14.1
7628,GPM6A
7629,RP11-806K15.1
7630,WDR17
7631,SPATA4
7632,ASB5
7633,RP11-87F15.2
7634,SPCS3
7635,RP11-313E19.2
7636,VEGFC
7637,RP11-624A4.1
7638,RP11-765K14.1
7639,RP11-487E13.1
7640,NEIL3
7641,RP11-376O6.2
7642,AGA
7643,RP11-130F10.1
7644,RP11-140M13.1
7645,LINC01098
7646,LINC01099
7647,RP11-404J23.1
7648,RP11-460H9.1
7649,LINC00290
7650,RP11-665C14.2
7651,RP11-540E16.2
7652,AC108142.1
7653,TENM3
7654,RP11-18D7.3
7655,RP11-18D7.2
7656,RP11-188P17.2
7657,DCTD
7658,RP11-335L23.5
7659,WWC2-AS2
7660,WWC2
7661,WWC2-AS1
7662,CLDN22
7663,CDKN2AIP
7664,RP11-367N14.2
7665,ING2
7666,RP11-367N14.3
7667,RWDD4
7668,TRAPPC11
7669,STOX2
7670,ENPP6
7671,RP11-290F5.2
7672,RP11-290F5.1
7673,IRF2
7674,RP11-326I11.3
7675,RP11-326I11.4
7676,RP11-242J7.1
7677,CASP3
7678,PRIMPOL
7679,CENPU
7680,ACSL1
7681,RP11-701P16.2
7682,MIR3945HG
7683,RP11-386B13.4
7684,RP11-386B13.3
7685,SLC25A4
7686,CFAP97
7687,SNX25
7688,LRP2BP
7689,RP11-714G18.1
7690,ANKRD37
7691,UFSP2
7692,C4orf47
7693,CCDC110
7694,RP11-279O9.4
7695,PDLIM3
7696,SORBS2
7697,RP11-301L8.2
7698,RP11-626E13.1
7699,RP11-45I20.1
7700,TLR3
7701,FAM149A
7702,CYP4V2
7703,KLKB1
7704,F11
7705,F11-AS1
7706,RP11-215A19.2
7707,FAT1
7708,RP11-217E13.1
7709,RP11-696F12.1
7710,RP11-308K2.1
7711,RP11-138B4.1
7712,RP11-91J3.3
7713,RP11-565A3.2
7714,RP11-565A3.1
7715,ZFP42
7716,TRIML2
7717,TRIML1
7718,RP11-366H4.3
7719,LINC01060
7720,RP11-756P10.4
7721,RP11-756P10.5
7722,RP11-756P10.2
7723,RP11-818C3.1
7724,RP11-706F1.1
7725,RP11-706F1.2
7726,LINC01262
7727,RP11-462G22.2
7728,AF146191.4
7729,LINC01596
7730,FRG1
7731,DBET
7732,DUX4
7733,CTD-2231H16.1
7734,PLEKHG4B
7735,CCDC127
7736,SDHA
7737,CTD-2083E4.6
7738,PDCD6
7739,AHRR
7740,EXOC3-AS1
7741,EXOC3
7742,PP7080
7743,SLC9A3
7744,RP11-310P5.2
7745,RP11-310P5.1
7746,CEP72
7747,TPPP
7748,CTD-2589H19.6
7749,ZDHHC11B
7750,ZDHHC11
7751,BRD9
7752,TRIP13
7753,RP11-661C8.2
7754,RP11-661C8.3
7755,RP11-43F13.3
7756,RP11-43F13.4
7757,NKD2
7758,SLC12A7
7759,CTD-3080P12.3
7760,SLC6A19
7761,SLC6A18
7762,TERT
7763,CLPTM1L
7764,LINC01511
7765,SLC6A3
7766,LPCAT1
7767,CTD-2245E15.3
7768,CTD-2012J19.3
7769,CTD-2587M23.1
7770,MRPL36
7771,NDUFS6
7772,CTD-2194D22.1
7773,IRX4
7774,CTD-2194D22.4
7775,RP11-259O2.1
7776,RP11-259O2.2
7777,RP11-259O2.3
7778,LSINCT5
7779,IRX2
7780,C5orf38
7781,RP11-35O7.1
7782,LINC01019
7783,RP11-121L11.3
7784,IRX1
7785,CTD-2383I20.1
7786,CTD-2008N3.1
7787,RP11-445O3.3
7788,RP11-445O3.2
7789,CTD-2318H23.1
7790,CTD-2247C11.1
7791,LINC01020
7792,CTD-2247C11.4
7793,CTD-2247C11.5
7794,CTD-2297D10.2
7795,ADAMTS16
7796,CTD-2297D10.1
7797,ICE1
7798,CTC-471C19.1
7799,FLJ33360
7800,MED10
7801,UBE2QL1
7802,LINC01018
7803,NSUN2
7804,SRD5A1
7805,CTD-2044J15.1
7806,PAPD7
7807,RP11-332J15.3
7808,RP11-332J15.4
7809,RP11-332J15.1
7810,RP11-332J15.2
7811,RP11-122F24.1
7812,RP11-404K5.4
7813,CTD-2296D1.1
7814,CTD-2296D1.2
7815,CTD-2296D1.3
7816,CTD-2296D1.4
7817,CTD-2296D1.5
7818,ADCY2
7819,RP11-711G10.1
7820,C5orf49
7821,MTRR
7822,FASTKD3
7823,CTD-2072I24.1
7824,RP11-480D4.1
7825,MIR4458HG
7826,RP11-417J1.1
7827,RP11-315A16.1
7828,RP11-143A12.3
7829,CTD-2215L10.1
7830,SEMA5A
7831,CTD-2201E9.4
7832,CTD-2201E9.1
7833,SNHG18
7834,TAS2R1
7835,CTD-2143L24.1
7836,RP11-447B18.1
7837,CTD-2199O4.1
7838,CTD-2199O4.3
7839,CTD-2199O4.6
7840,FAM173B
7841,CTD-2256P15.1
7842,CCT5
7843,CTD-2256P15.4
7844,CTD-2256P15.5
7845,CMBL
7846,CTD-2256P15.2
7847,MARCH6
7848,ROPN1L-AS1
7849,ROPN1L
7850,LINC01513
7851,RP11-1C1.6
7852,RP11-1C1.4
7853,RP11-1C1.5
7854,ANKRD33B
7855,ANKRD33B-AS1
7856,DAP
7857,CTD-2154B17.4
7858,CTNND2
7859,RP11-308B16.2
7860,LINC01194
7861,RP11-419C19.2
7862,CTC-305H11.1
7863,DNAH5
7864,CTB-51A17.1
7865,TRIO
7866,FAM105A
7867,CTD-2165H16.4
7868,OTULIN
7869,ANKH
7870,CTB-40H15.4
7871,RP1-137K24.1
7872,FBXL7
7873,CTD-2350J17.1
7874,MARCH11
7875,RP11-19O2.1
7876,RP11-19O2.2
7877,RP1-167G20.1
7878,RP1-167G20.2
7879,ZNF622
7880,FAM134B
7881,RP11-260E18.1
7882,MYO10
7883,BASP1
7884,CTD-2228A4.1
7885,AC091878.1
7886,CTD-2139B15.2
7887,CTD-2139B15.5
7888,CTD-2139B15.4
7889,RP11-321E2.3
7890,RP11-321E2.4
7891,RP11-454P21.1
7892,CTD-2023M8.1
7893,RP11-124N3.3
7894,CDH18
7895,RP11-420O16.1
7896,RP11-774D14.1
7897,CTD-2333M24.1
7898,RP11-374A4.1
7899,RP11-360I2.1
7900,RP11-804N13.1
7901,CDH12
7902,PRDM9
7903,C5orf17
7904,CDH10
7905,RP11-116O11.1
7906,RP11-730N24.2
7907,RP11-549K20.1
7908,RP11-184E9.1
7909,RP11-192H6.2
7910,CTD-2306M5.1
7911,RP11-351N6.1
7912,CTD-2533K21.4
7913,CDH9
7914,CTD-3007L5.1
7915,LINC01021
7916,CTD-2061E9.1
7917,CTD-2134P3.1
7918,CTD-2118P12.1
7919,CTD-2010I22.2
7920,RP11-152K4.2
7921,CDH6
7922,DROSHA
7923,C5orf22
7924,PDZD2
7925,RP11-5N11.4
7926,RP11-5N11.5
7927,RP11-5N11.6
7928,CTD-2152M20.2
7929,GOLPH3
7930,CTD-2186M15.3
7931,MTMR12
7932,ZFR
7933,SUB1
7934,CTD-2004A9.1
7935,NPR3
7936,CTD-2066L21.3
7937,CTD-2218G20.2
7938,CTD-2066L21.1
7939,RP11-113I22.1
7940,CTD-2203K17.1
7941,TARS
7942,CTD-2233C11.2
7943,ADAMTS12
7944,SLC45A2
7945,AMACR
7946,C1QTNF3-AMACR
7947,RP11-1250I15.3
7948,CTD-2024P10.2
7949,RAI14
7950,CTD-2517O10.6
7951,TTC23L
7952,RAD1
7953,BRIX1
7954,DNAJC21
7955,AGXT2
7956,PRLR
7957,SPEF2
7958,CTD-2113L7.1
7959,IL7R
7960,CAPSL
7961,UGT3A1
7962,UGT3A2
7963,LMBRD2
7964,SKP2
7965,NADK2
7966,NADK2-AS1
7967,RANBP3L
7968,SLC1A3
7969,CTD-2282P23.2
7970,CTD-2353F22.1
7971,CTD-2653M23.3
7972,NIPBL
7973,C5orf42
7974,NUP155
7975,WDR70
7976,GDNF
7977,GDNF-AS1
7978,CTD-2194L12.2
7979,CTD-2194L12.3
7980,CTD-2130F23.2
7981,CTD-2130F23.1
7982,CTD-2116N24.1
7983,EGFLAM
7984,EGFLAM-AS4
7985,EGFLAM-AS2
7986,EGFLAM-AS1
7987,CTD-2263F21.1
7988,LIFR
7989,LIFR-AS1
7990,CTD-2196P11.2
7991,LINC01265
7992,OSMR-AS1
7993,RP11-122C5.3
7994,OSMR
7995,RICTOR
7996,FYB
7997,C9
7998,DAB2
7999,CTD-2078B5.2
8000,LINC00603
8001,LINC00604
8002,PTGER4
8003,TTC33
8004,PRKAA1
8005,RPL37
8006,CARD6
8007,C7
8008,MROH2B
8009,C6
8010,PLCXD3
8011,OXCT1
8012,C5orf51
8013,FBXO4
8014,RP11-112L7.1
8015,GHR
8016,CCDC152
8017,SEPP1
8018,CTD-2325A15.5
8019,CTD-2201E18.5
8020,CTD-2035E11.3
8021,ANXA2R
8022,AC025171.1
8023,CTD-2035E11.5
8024,ZNF131
8025,NIM1K
8026,CTD-2636A23.2
8027,HMGCS1
8028,CCL28
8029,C5orf28
8030,C5orf34
8031,RP11-159F24.6
8032,RP11-159F24.5
8033,PAIP1
8034,NNT-AS1
8035,NNT
8036,RP11-8L21.1
8037,FGF10
8038,FGF10-AS1
8039,RP11-473L15.3
8040,RP11-503D12.1
8041,RP11-53O19.1
8042,RP11-53O19.2
8043,MRPS30
8044,RP11-53O19.3
8045,RP11-357F12.1
8046,HCN1
8047,CTD-2013M15.1
8048,EMB
8049,RP11-269M20.3
8050,PARP8
8051,RP11-317O24.1
8052,ISL1
8053,CTD-2335O3.3
8054,CTD-2203A3.1
8055,CTD-2288O8.1
8056,ITGA1
8057,CTD-2175A23.1
8058,ITGA2
8059,CTD-2366F13.2
8060,MOCS2
8061,CTD-2366F13.1
8062,FST
8063,NDUFS4
8064,CTD-2081C10.1
8065,CTD-2081C10.7
8066,ARL15
8067,LINC01033
8068,HSPB3
8069,SNX18
8070,ESM1
8071,GZMK
8072,GZMA
8073,CDC20B
8074,GPX8
8075,MCIDAS
8076,CCNO
8077,RP11-506H20.1
8078,DHX29
8079,SKIV2L2
8080,PLPP1
8081,SLC38A9
8082,DDX4
8083,IL31RA
8084,AC008914.1
8085,IL6ST
8086,CTD-2031P19.5
8087,FLJ31104
8088,CTD-2227I18.1
8089,ANKRD55
8090,RP11-155L15.1
8091,CTC-236F12.4
8092,C5orf67
8093,MAP3K1
8094,AC008937.2
8095,AC008937.3
8096,SETD9
8097,MIER3
8098,CTD-2310F14.1
8099,AC016644.1
8100,GPBP1
8101,CTD-2023N9.1
8102,CTD-2023N9.2
8103,CTD-2023N9.3
8104,RP11-772C9.1
8105,RP11-478P10.1
8106,CTD-2037L6.2
8107,PLK2
8108,GAPT
8109,CTD-2117L12.1
8110,RAB3C
8111,RP11-479O16.1
8112,CTD-2176I21.2
8113,PDE4D
8114,RP11-266N13.2
8115,CTD-2254N19.1
8116,AC109486.1
8117,PART1
8118,DEPDC1B
8119,ELOVL7
8120,RP11-231G3.1
8121,ERCC8
8122,AC104113.3
8123,NDUFAF2
8124,SMIM15
8125,CTC-436P18.1
8126,CTC-436P18.3
8127,ZSWIM6
8128,RP11-2O17.2
8129,CTD-2170G1.2
8130,CTD-2244C20.2
8131,KIF2A
8132,DIMT1
8133,IPO11
8134,HTR1A
8135,RNF180
8136,RGS7BP
8137,FAM159B
8138,SREK1IP1
8139,CWC27
8140,RP11-307L14.1
8141,RP11-307L14.2
8142,ADAMTS6
8143,CTD-2116N20.1
8144,CENPK
8145,PPWD1
8146,TRIM23
8147,TRAPPC13
8148,SGTB
8149,NLN
8150,CTD-2033C11.1
8151,ERBB2IP
8152,SREK1
8153,AC025442.3
8154,CTD-2016O11.1
8155,RP11-305P14.1
8156,RP11-5P22.3
8157,MAST4
8158,MAST4-AS1
8159,CD180
8160,CTD-2187J20.1
8161,RP11-434D9.1
8162,RP11-83M16.5
8163,RP11-83M16.6
8164,RP11-404L6.2
8165,PIK3R1
8166,CTD-2582M21.1
8167,CTC-537E7.3
8168,CTC-537E7.1
8169,CTC-537E7.2
8170,CTC-340D7.1
8171,RP11-141O11.1
8172,RP11-141O11.2
8173,CTC-498J12.1
8174,SLC30A5
8175,CTC-498J12.3
8176,CCNB1
8177,CENPH
8178,MRPS36
8179,CDK7
8180,CCDC125
8181,AK6
8182,RAD17
8183,MARVELD2
8184,RP11-241G9.3
8185,OCLN
8186,GTF2H2C
8187,SERF1B
8188,SMN2
8189,RP11-497H16.9
8190,SERF1A
8191,SMN1
8192,NAIP
8193,GTF2H2
8194,RP11-136K7.2
8195,RP11-136K7.1
8196,BDP1
8197,MCCC2
8198,CARTPT
8199,MAP1B
8200,MRPS27
8201,PTCD2
8202,ZNF366
8203,CTC-347C20.2
8204,CTC-347C20.1
8205,CTD-2631K10.1
8206,TNPO1
8207,CTD-2376I4.1
8208,CTD-2376I4.2
8209,FCHO2
8210,TMEM171
8211,RP11-232L2.2
8212,RP11-60A8.1
8213,FOXD1
8214,FOXD1-AS1
8215,LINC01386
8216,RP11-79P5.9
8217,BTF3
8218,ANKRA2
8219,UTP15
8220,ARHGEF28
8221,CTC-575I10.1
8222,RP11-428C6.2
8223,CTD-2292M14.1
8224,LINC01335
8225,CTD-2275D24.1
8226,LINC01332
8227,LINC01331
8228,ENC1
8229,HEXB
8230,GFM2
8231,NSA2
8232,FAM169A
8233,CTD-2377O17.1
8234,CTD-2503O16.4
8235,GCNT4
8236,LINC01336
8237,ANKRD31
8238,CTD-2235C13.2
8239,HMGCR
8240,CTD-2235C13.3
8241,COL4A3BP
8242,POLK
8243,CTC-366B18.2
8244,CTC-366B18.4
8245,ANKDD1B
8246,POC5
8247,CTC-235G5.3
8248,SV2C
8249,AC113404.1
8250,RP11-466P24.6
8251,IQGAP2
8252,CTD-2236F14.1
8253,F2RL2
8254,CTD-2384B11.2
8255,F2R
8256,F2RL1
8257,S100Z
8258,CRHBP
8259,AGGF1
8260,ZBED3
8261,CTC-564N23.2
8262,ZBED3-AS1
8263,PDE8B
8264,WDR41
8265,OTP
8266,TBCA
8267,RP11-107N7.1
8268,AP3B1
8269,SCAMP1-AS1
8270,SCAMP1
8271,LHFPL2
8272,ARSB
8273,DMGDH
8274,BHMT2
8275,BHMT
8276,JMY
8277,HOMER1
8278,PAPD4
8279,CMYA5
8280,CTC-431G16.2
8281,LINC01455
8282,MTX3
8283,THBS4
8284,CTD-2201I18.1
8285,SERINC5
8286,CTC-458I2.2
8287,ZFYVE16
8288,CTD-2015H6.3
8289,FAM151B
8290,ANKRD34B
8291,LINC01337
8292,DHFR
8293,MSH3
8294,RASGRF2-AS1
8295,RASGRF2
8296,CTD-2193P3.2
8297,CKMT2-AS1
8298,CKMT2
8299,ZCCHC9
8300,ACOT12
8301,SSBP2
8302,CTD-2249K22.1
8303,ATG10
8304,RPS23
8305,ATP6AP1L
8306,LINC01338
8307,RP11-78C3.1
8308,CTD-2227C6.2
8309,RP11-343L5.2
8310,TMEM167A
8311,XRCC4
8312,VCAN
8313,VCAN-AS1
8314,HAPLN1
8315,EDIL3
8316,CTD-2269F5.1
8317,CTC-384G19.1
8318,RP11-1072N2.3
8319,CTC-261N6.1
8320,COX7C
8321,CTC-493L21.1
8322,RP11-72L22.1
8323,CTC-242N15.1
8324,RASA1
8325,CTC-428H11.2
8326,CCNH
8327,CTD-2316B1.1
8328,CTD-2316B1.2
8329,TMEM161B
8330,TMEM161B-AS1
8331,CTC-498M16.2
8332,CTC-498M16.4
8333,LINC00461
8334,CTC-467M3.1
8335,CTC-467M3.3
8336,MEF2C
8337,MEF2C-AS1
8338,CTD-2232E5.2
8339,RP11-116A1.1
8340,AC113167.1
8341,AC113167.2
8342,RP11-61G23.2
8343,CETN3
8344,MBLAC2
8345,POLR3G
8346,LYSMD3
8347,ADGRV1
8348,RP11-414H23.2
8349,RP11-213H15.1
8350,LUCAT1
8351,ARRDC3
8352,ARRDC3-AS1
8353,RP11-348J24.2
8354,RP11-133F8.2
8355,CTC-529L17.1
8356,CTC-529L17.2
8357,CTC-458G6.4
8358,CTC-458G6.2
8359,CTD-2091N23.1
8360,NR2F1-AS1
8361,NR2F1
8362,FAM172A
8363,RP11-185E12.2
8364,KIAA0825
8365,SLF1
8366,MCTP1
8367,CTC-484P3.3
8368,CTC-558O19.1
8369,FAM81B
8370,TTC37
8371,ARSK
8372,GPR150
8373,RFESD
8374,SPATA9
8375,CTD-2154I11.2
8376,RHOBTB3
8377,GLRX
8378,AC008592.4
8379,AC008592.8
8380,LINC01554
8381,ELL2
8382,CTD-2337A12.1
8383,AC008592.7
8384,RP11-254I22.3
8385,PCSK1
8386,CAST
8387,CTC-506B8.1
8388,ERAP1
8389,CTD-2260A17.1
8390,CTD-2260A17.3
8391,CTD-2260A17.2
8392,ERAP2
8393,LNPEP
8394,CTD-2215E18.1
8395,LIX1
8396,RIOK2
8397,CTD-2215E18.2
8398,CTD-2215E18.3
8399,LINC01340
8400,RP11-455B3.1
8401,AC008834.1
8402,RGMB
8403,RGMB-AS1
8404,AC008522.1
8405,CHD1
8406,CTD-2007H13.3
8407,CTD-2151A2.1
8408,RP11-346J10.1
8409,CTD-2001C12.1
8410,FAM174A
8411,CTC-293G12.1
8412,ST8SIA4
8413,CTD-2333K2.1
8414,SLCO4C1
8415,SLCO6A1
8416,RP11-58B2.1
8417,LINC00492
8418,LINC00491
8419,PAM
8420,GIN1
8421,PPIP5K2
8422,CTC-503K11.2
8423,C5orf30
8424,CTD-2154H6.1
8425,CTD-2193G5.1
8426,NUDT12
8427,RP11-138J23.1
8428,RP11-6N13.1
8429,RP11-6N13.4
8430,CTC-254B4.1
8431,EFNA5
8432,RP11-252I13.2
8433,FBXL17
8434,LINC01023
8435,FER
8436,CTD-2197I11.1
8437,CTD-2587M2.1
8438,PJA2
8439,RP11-231G15.2
8440,CTC-332L22.1
8441,MAN2A1
8442,AC011366.3
8443,TMEM232
8444,SLC25A46
8445,CTC-551A13.1
8446,TSLP
8447,CTC-551A13.2
8448,WDR36
8449,CAMK4
8450,AC010468.2
8451,CTC-499J9.1
8452,STARD4
8453,STARD4-AS1
8454,NREP
8455,NREP-AS1
8456,EPB41L4A
8457,EPB41L4A-AS1
8458,CTC-459M5.1
8459,CTC-459M5.2
8460,RP11-526F3.1
8461,EPB41L4A-AS2
8462,RP11-159K7.2
8463,APC
8464,CTC-554D6.1
8465,CTC-487M23.8
8466,REEP5
8467,ZRSR1
8468,CTC-487M23.5
8469,CTC-487M23.7
8470,DCP2
8471,MCC
8472,CTD-2201G3.1
8473,YTHDC2
8474,RP11-371M22.1
8475,KCNN2
8476,RP11-492A10.1
8477,CTC-313D10.1
8478,RP11-438C19.2
8479,TRIM36
8480,PGGT1B
8481,CTC-428G20.6
8482,CCDC112
8483,FEM1C
8484,TMED7-TICAM2
8485,AC010226.4
8486,TMED7
8487,CTC-505O3.3
8488,CDO1
8489,ATG12
8490,AP3S1
8491,LVRN
8492,CTD-2287O16.3
8493,CTD-2287O16.4
8494,CTD-2287O16.5
8495,COMMD10
8496,CTC-339F2.2
8497,SEMA6A
8498,SEMA6A-AS1
8499,CTB-118N6.2
8500,RP11-249M12.2
8501,CTC-472C24.1
8502,RP11-492L8.2
8503,LINC00992
8504,CTD-3179P9.1
8505,HNCAT21
8506,CTD-2281M20.1
8507,RP11-2N5.2
8508,RP11-2N5.1
8509,CTC-448D22.1
8510,DTWD2
8511,CTB-161M19.4
8512,DMXL1
8513,TNFAIP8
8514,HSD17B4
8515,CTC-552D5.1
8516,RP11-574H6.1
8517,PRR16
8518,CTD-2334D19.1
8519,CTC-546K23.1
8520,FTMT
8521,SRFBP1
8522,LOX
8523,CTC-441N14.2
8524,ZNF474
8525,CTD-2544H17.2
8526,SNCAIP
8527,CTD-2544H17.1
8528,CTD-2280E9.1
8529,MGC32805
8530,RP11-166A12.1
8531,SNX2
8532,SNX24
8533,PPIC
8534,RP11-359P5.1
8535,AC106786.1
8536,PRDM6
8537,CEP120
8538,CSNK1G3
8539,LINC01170
8540,CTD-2308B18.1
8541,CTD-2308B18.3
8542,ZNF608
8543,RP11-43D2.2
8544,RP11-284A20.3
8545,RP11-257I8.2
8546,RP11-508M8.1
8547,RP11-395P13.7
8548,RP11-395P13.4
8549,RP11-756H20.1
8550,RP11-114J13.1
8551,CTC-339D2.1
8552,GRAMD3
8553,RP11-517I3.1
8554,ALDH7A1
8555,PHAX
8556,TEX43
8557,RP11-434D11.4
8558,LMNB1
8559,MARCH3
8560,C5orf63
8561,MEGF10
8562,CTD-2195M15.3
8563,PRRC1
8564,CTD-2195M15.4
8565,CTXN3
8566,CTC-548H10.2
8567,LINC01183
8568,CTC-228N24.2
8569,LINC01184
8570,SLC12A2
8571,FBN2
8572,SLC27A6
8573,ISOC1
8574,ADAMTS19-AS1
8575,ADAMTS19
8576,CTC-575N7.1
8577,KIAA1024L
8578,CHSY3
8579,HINT1
8580,LYRM7
8581,CDC42SE2
8582,RAPGEF6
8583,CTC-432M15.3
8584,FNIP1
8585,MEIKIN
8586,CTB-127M13.1
8587,AC034228.4
8588,ACSL6
8589,AC034228.3
8590,AC034228.2
8591,IL3
8592,AC063976.3
8593,P4HA2-AS1
8594,P4HA2
8595,PDLIM4
8596,SLC22A4
8597,SLC22A5
8598,C5orf56
8599,AC116366.5
8600,AC116366.6
8601,IRF1
8602,RP11-89G4.1
8603,IL5
8604,RAD50
8605,TH2LCRR
8606,IL13
8607,IL4
8608,AC004237.1
8609,KIF3A
8610,CCNI2
8611,SEPT8
8612,SOWAHA
8613,AC004775.5
8614,SHROOM1
8615,GDF9
8616,UQCRQ
8617,LEAP2
8618,AFF4
8619,CTC-350I8.1
8620,ZCCHC10
8621,HSPA4
8622,RP11-485M7.3
8623,CTB-49A3.2
8624,FSTL4
8625,CTB-49A3.5
8626,CTB-49A3.4
8627,CTB-3M24.3
8628,WSPAR
8629,C5orf15
8630,VDAC1
8631,CTB-113I20.2
8632,TCF7
8633,SKP1
8634,CTD-2410N18.5
8635,PPP2CA
8636,CTD-2410N18.3
8637,CDKL3
8638,UBE2B
8639,RP11-215P8.3
8640,CDKN2AIPNL
8641,RP11-215P8.4
8642,AC005355.1
8643,AC005355.2
8644,JADE2
8645,SAR1B
8646,SEC24A
8647,CAMLG
8648,DDX46
8649,C5orf24
8650,TXNDC15
8651,PCBD2
8652,CATSPER3
8653,PITX1
8654,C5orf66
8655,C5orf66-AS1
8656,CTC-276P9.3
8657,H2AFY
8658,CTC-203F4.2
8659,TIFAB
8660,CTB-138E5.1
8661,CTC-321K16.1
8662,CXCL14
8663,CTC-321K16.4
8664,RP11-119J18.1
8665,SLC25A48
8666,IL9
8667,GS1-39E22.2
8668,GS1-39E22.1
8669,LECT2
8670,TGFBI
8671,SMAD5-AS1
8672,SMAD5
8673,AC009014.3
8674,TRPC7
8675,TRPC7-AS1
8676,TRPC7-AS2
8677,AC063980.3
8678,RP11-114H21.2
8679,CTB-1I21.1
8680,SPOCK1
8681,KLHL3
8682,HNRNPA0
8683,RP11-381K20.4
8684,RP11-381K20.2
8685,MYOT
8686,PKD2L2
8687,FAM13B
8688,RP11-325L7.1
8689,RP11-325L7.2
8690,WNT8A
8691,NME5
8692,BRD8
8693,KIF20A
8694,CDC23
8695,GFRA3
8696,CDC25C
8697,FAM53C
8698,RP11-256P1.1
8699,KDM3B
8700,REEP2
8701,EGR1
8702,ETF1
8703,HSPA9
8704,CTNNA1
8705,AC034243.1
8706,LRRTM2
8707,SIL1
8708,CTB-46B19.2
8709,MATR3
8710,PAIP2
8711,CTB-43P18.1
8712,SLC23A1
8713,MZB1
8714,PROB1
8715,SPATA24
8716,DNAJC18
8717,ECSCR
8718,TMEM173
8719,UBE2D2
8720,CTD-3224K15.3
8721,CXXC5
8722,CTD-3224K15.2
8723,CTB-35F21.1
8724,CTB-35F21.2
8725,CTB-35F21.3
8726,CTB-35F21.5
8727,PSD2
8728,NRG2
8729,CTB-35F21.4
8730,LINC01024
8731,PURA
8732,IGIP
8733,CYSTM1
8734,PFDN1
8735,AC011380.1
8736,HBEGF
8737,CTC-329D1.3
8738,SLC4A9
8739,CTC-329D1.2
8740,ANKHD1
8741,ANKHD1-EIF4EBP3
8742,SRA1
8743,EIF4EBP3
8744,APBB3
8745,SLC35A4
8746,CD14
8747,NDUFA2
8748,TMCO6
8749,IK
8750,WDR55
8751,DND1
8752,HARS
8753,HARS2
8754,ZMAT2
8755,PCDHA1
8756,AC005609.16
8757,AC005609.19
8758,AC005609.20
8759,AC005609.18
8760,AC005609.17
8761,CTC-270D5.2
8762,CTC-270D5.1
8763,PCDHB1
8764,CH17-140K24.1
8765,PCDHB2
8766,AC005754.7
8767,PCDHB3
8768,AC005754.8
8769,PCDHB4
8770,PCDHB5
8771,CH17-140K24.2
8772,PCDHB6
8773,CH17-140K24.3
8774,PCDHB7
8775,PCDHB8
8776,PCDHB16
8777,PCDHB10
8778,PCDHB11
8779,PCDHB12
8780,PCDHB13
8781,PCDHB14
8782,CH17-140K24.8
8783,PCDHB15
8784,TAF7
8785,AC005618.6
8786,PCDHGA1
8787,DIAPH1
8788,CTD-2024I7.13
8789,AC008781.7
8790,HDAC3
8791,RELL2
8792,FCHSD1
8793,ARAP3
8794,PCDH1
8795,KIAA0141
8796,PCDH12
8797,AC005740.6
8798,RNF14
8799,AC005740.5
8800,GNPDA1
8801,NDFIP1
8802,SPRY4
8803,AC005592.2
8804,FGF1
8805,AC005592.3
8806,AC005592.1
8807,ARHGAP26
8808,ARHGAP26-AS1
8809,NR3C1
8810,CTD-2050E21.1
8811,CTD-2050E21.2
8812,HMHB1
8813,YIPF5
8814,KCTD16
8815,CTC-367F4.1
8816,CTC-806A22.1
8817,CTB-73N10.1
8818,PRELID2
8819,GRXCR2
8820,SH3RF2
8821,PLAC8L1
8822,RP11-118M9.3
8823,LARS
8824,RP11-449H3.3
8825,CTC-359M8.1
8826,CTB-1H10.1
8827,TCERG1
8828,GPR151
8829,CTB-99A3.1
8830,PPP2R2B
8831,CTC-255N20.1
8832,STK32A
8833,DPYSL3
8834,CTB-108O6.2
8835,JAKMIP2-AS1
8836,JAKMIP2
8837,SPINK1
8838,SCGB3A2
8839,C5orf46
8840,SPINK5
8841,SPINK14
8842,SPINK6
8843,CTC-295J13.3
8844,SPINK13
8845,RP11-373N22.3
8846,SPINK7
8847,SPINK9
8848,FBXO38
8849,CTD-2283N19.1
8850,HTR4
8851,ADRB2
8852,SH3TC2
8853,RP11-44B19.1
8854,CTC-529P8.1
8855,ABLIM3
8856,RP11-331K21.1
8857,AFAP1L1
8858,GRPEL2
8859,GRPEL2-AS1
8860,PCYOX1L
8861,IL17B
8862,RP11-394O4.3
8863,CARMN
8864,RP11-394O4.6
8865,RP11-394O4.5
8866,CSNK1A1
8867,ARHGEF37
8868,PPARGC1B
8869,PDE6A
8870,SLC26A2
8871,TIGD6
8872,HMGXB3
8873,CSF1R
8874,PDGFRB
8875,CDX1
8876,SLC6A7
8877,CAMK2A
8878,ARSI
8879,TCOF1
8880,CD74
8881,RPS14
8882,CTC-367J11.1
8883,NDST1
8884,SYNPO
8885,CTB-140J7.2
8886,MYOZ3
8887,CTC-345K18.2
8888,RBM22
8889,DCTN4
8890,SMIM3
8891,IRGM
8892,ZNF300
8893,AC008641.1
8894,GPX3
8895,TNIP1
8896,ANXA6
8897,CTB-17P3.4
8898,CCDC69
8899,GM2A
8900,SLC36A3
8901,SLC36A2
8902,SLC36A1
8903,FAT2
8904,CTC-251D13.1
8905,CTB-113P19.4
8906,SPARC
8907,CTB-113P19.1
8908,CTB-113P19.5
8909,ATOX1
8910,CTB-113P19.3
8911,G3BP1
8912,GLRA1
8913,CTB-12O2.1
8914,NMUR2
8915,LINC01470
8916,GRIA1
8917,AC091962.3
8918,RP11-461L18.1
8919,FAM114A2
8920,MFAP3
8921,GALNT10
8922,SAP30L-AS1
8923,SAP30L
8924,HAND1
8925,LARP1
8926,FAXDC2
8927,CNOT8
8928,GEMIN5
8929,MRPL22
8930,KIF4B
8931,SGCD
8932,AC016577.1
8933,CTC-340I23.2
8934,TIMD4
8935,HAVCR1
8936,HAVCR2
8937,CTB-120L21.1
8938,MED7
8939,ITK
8940,FAM71B
8941,CTB-4E7.1
8942,CTC-248O19.1
8943,CYFIP2
8944,FNDC9
8945,CTB-47B11.3
8946,ADAM19
8947,NIPAL4
8948,AC106801.1
8949,SOX30
8950,C5orf52
8951,AC008694.3
8952,THG1L
8953,LSM11
8954,CLINT1
8955,CTC-436K13.5
8956,CTC-436K13.1
8957,CTC-436K13.6
8958,RP11-524N5.1
8959,RP11-542A14.1
8960,RP11-542A14.2
8961,RP11-32D16.1
8962,EBF1
8963,RP11-175K6.1
8964,RNF145
8965,CTB-11I22.1
8966,UBLCP1
8967,AC008697.1
8968,IL12B
8969,AC008703.1
8970,AC008691.1
8971,AC011343.1
8972,ADRA1B
8973,TTC1
8974,PWWP2A
8975,FABP6
8976,CTB-127C13.1
8977,CCNJL
8978,C1QTNF2
8979,ZBED8
8980,SLU7
8981,PTTG1
8982,MIR3142HG
8983,ATP10B
8984,CTC-348L5.1
8985,CTC-529G1.1
8986,RP11-109J4.1
8987,GABRB2
8988,GABRA6
8989,RP11-348M17.2
8990,GABRA1
8991,LINC01202
8992,GABRG2
8993,RP11-96G10.1
8994,RP11-167P20.1
8995,RP11-541P9.3
8996,CCNG1
8997,NUDCD2
8998,HMMR
8999,HMMR-AS1
9000,MAT2B
9001,CTC-207P7.1
9002,CTB-32P11.1
9003,CTC-340A15.2
9004,CTD-2313P7.1
9005,CTB-181F24.1
9006,CTC-535M15.2
9007,RP11-67M9.1
9008,CTB-7E3.1
9009,CTC-264O10.2
9010,CTC-264O10.1
9011,TENM2
9012,CTB-180C19.1
9013,CTC-286N12.1
9014,CTB-105L4.2
9015,CTB-78F1.1
9016,CTC-353G13.1
9017,CTB-77H17.1
9018,CTB-178M22.1
9019,CTB-178M22.2
9020,WWC1
9021,RARS
9022,FBLL1
9023,PANK3
9024,CTC-558O2.2
9025,SLIT3
9026,CTC-558O2.1
9027,CTB-174D11.2
9028,CTB-174D11.1
9029,SPDL1
9030,DOCK2
9031,CTB-37A13.1
9032,FAM196B
9033,FOXI1
9034,LINC01187
9035,LCP2
9036,CTB-114C7.4
9037,KCNIP1
9038,KCNMB1
9039,CTB-147C13.1
9040,CTC-265N9.1
9041,CTC-455F18.1
9042,GABRP
9043,RANBP17
9044,RP11-546B8.6
9045,TLX3
9046,NPM1
9047,FGF18
9048,SMIM23
9049,FBXW11
9050,STK10
9051,EFCAB9
9052,UBTD2
9053,SH3PXD2B
9054,NEURL1B
9055,CTB-79E8.2
9056,RP11-779O18.1
9057,RP11-779O18.3
9058,DUSP1
9059,RP11-536N17.1
9060,ERGIC1
9061,CTC-308K20.1
9062,CTC-308K20.2
9063,RPL26L1
9064,ATP6V0E1
9065,CREBRF
9066,CTC-209H22.3
9067,BNIP1
9068,STC2
9069,CTB-32H22.1
9070,CTB-164N12.1
9071,CTB-33O18.1
9072,CTB-33O18.2
9073,CTB-33O18.3
9074,BOD1
9075,CTB-43E15.1
9076,CTB-43E15.2
9077,LINC01484
9078,LINC01485
9079,CPEB4
9080,C5orf47
9081,HMP19
9082,RP11-619L12.4
9083,LINC01411
9084,RP11-267A15.3
9085,MSX2
9086,CTD-2532K18.1
9087,CTC-281M20.1
9088,DRD1
9089,SFXN1
9090,HRH2
9091,CPLX2
9092,THOC3
9093,RP11-91H12.3
9094,RP11-826N14.1
9095,RP11-826N14.2
9096,FAM153B
9097,RP11-844P9.1
9098,RP11-826N14.4
9099,RP11-844P9.2
9100,SIMC1
9101,KIAA1191
9102,RP11-843P14.2
9103,RP11-843P14.1
9104,ARL10
9105,NOP16
9106,CLTB
9107,FAF2
9108,RNF44
9109,CDHR2
9110,GPRIN1
9111,SNCB
9112,EIF4E1B
9113,TSPAN17
9114,RP11-375B1.1
9115,RP11-375B1.2
9116,LINC01574
9117,UNC5A
9118,HK3
9119,UIMC1
9120,ZNF346
9121,FGFR4
9122,NSD1
9123,RAB24
9124,MXD3
9125,PRELID1
9126,LMAN2
9127,RGS14
9128,SLC34A1
9129,PFN3
9130,F12
9131,GRK6
9132,PRR7-AS1
9133,PRR7
9134,DBN1
9135,PDLIM7
9136,RP11-1334A24.6
9137,DOK3
9138,DDX41
9139,FAM193B
9140,RP11-1277A3.3
9141,TMED9
9142,B4GALT7
9143,RP11-1277A3.1
9144,RP11-1101H11.1
9145,FAM153A
9146,RP11-1026M7.2
9147,RP11-1026M7.3
9148,RP11-423H2.5
9149,RP11-1252I4.2
9150,PROP1
9151,FAM153C
9152,N4BP3
9153,RMND5B
9154,NHP2
9155,HNRNPAB
9156,PHYKPL
9157,COL23A1
9158,CLK4
9159,ZNF354A
9160,ZNF354B
9161,ZFP2
9162,RP11-281O15.8
9163,ZNF454
9164,RP11-281O15.4
9165,GRM6
9166,ZNF879
9167,ZNF354C
9168,ADAMTS2
9169,RP11-798K23.4
9170,RUFY1
9171,RP11-1379J22.2
9172,HNRNPH1
9173,RP11-1379J22.5
9174,CBY3
9175,CANX
9176,MAML1
9177,LTC4S
9178,MGAT4B
9179,SQSTM1
9180,C5orf45
9181,CTC-241N9.1
9182,TBC1D9B
9183,RNF130
9184,CTC-563A5.2
9185,RASGEF1C
9186,MAPK9
9187,CTB-129O4.1
9188,GFPT2
9189,CNOT6
9190,SCGB3A1
9191,FLT4
9192,MGAT1
9193,LINC00847
9194,ZFP62
9195,BTNL8
9196,BTNL3
9197,BTNL9
9198,OR2V1
9199,CTC-338M12.2
9200,CTC-338M12.5
9201,TRIM7
9202,CTC-338M12.6
9203,CTC-338M12.1
9204,TRIM41
9205,CTC-338M12.7
9206,GNB2L1
9207,TRIM52
9208,CTC-338M12.9
9209,AC138035.2
9210,AC138035.1
9211,LINC00266-3
9212,RP3-416J7.4
9213,RP3-416J7.5
9214,DUSP22
9215,IRF4
9216,EXOC2
9217,RP1-20B11.2
9218,RP11-532F6.3
9219,RP11-532F6.4
9220,RP11-532F6.5
9221,RP11-284J1.1
9222,RP5-1077H22.2
9223,RP5-1077H22.1
9224,RP5-856G1.1
9225,RP5-856G1.2
9226,FOXQ1
9227,LINC01394
9228,RP4-668J24.2
9229,FOXF2
9230,RP11-157J24.2
9231,FOXC1
9232,GMDS
9233,GMDS-AS1
9234,LINC01600
9235,RP11-145H9.3
9236,MYLK4
9237,WRNIP1
9238,SERPINB1
9239,SERPINB9P1
9240,SERPINB9
9241,RP1-90J20.2
9242,SERPINB6
9243,LINC01011
9244,NQO2
9245,RP1-90J20.8
9246,RP1-40E16.2
9247,RIPK1
9248,RP1-40E16.12
9249,BPHL
9250,RP1-40E16.11
9251,TUBB2A
9252,RP1-40E16.9
9253,TUBB2B
9254,PSMG4
9255,SLC22A23
9256,RP11-506K6.4
9257,RP1-223B1.1
9258,PXDC1
9259,RP11-420L9.5
9260,FAM50B
9261,RP1-140K8.1
9262,RP1-140K8.5
9263,RP3-406P24.4
9264,RP3-406P24.3
9265,PRPF4B
9266,FAM217A
9267,C6orf201
9268,ECI2
9269,RP3-400B16.4
9270,RP3-400B16.1
9271,RP3-400B16.3
9272,RP3-527G5.1
9273,RP11-274H24.1
9274,RP4-529N6.2
9275,RP4-529N6.1
9276,CDYL
9277,RPP40
9278,RP11-428J1.5
9279,RP11-428J1.4
9280,PPP1R3G
9281,LYRM4
9282,FARS2
9283,RP1-232P20.1
9284,RP1-256G22.2
9285,RP3-380B8.4
9286,NRN1
9287,F13A1
9288,LY86-AS1
9289,LY86
9290,RP1-80N2.3
9291,RP1-80N2.2
9292,RP3-470L22.1
9293,RP3-429O6.1
9294,RP11-556O15.1
9295,RREB1
9296,SSR1
9297,RP11-69L16.4
9298,CAGE1
9299,RIOK1
9300,RP3-512B11.3
9301,DSP
9302,SNRNP48
9303,BMP6
9304,TXNDC5
9305,BLOC1S5-TXNDC5
9306,EEF1E1-BLOC1S5
9307,EEF1E1
9308,RP11-203H2.1
9309,RP11-203H2.2
9310,SLC35B3
9311,HULC
9312,RP11-314C16.1
9313,RP11-354I10.1
9314,OFCC1
9315,TFAP2A
9316,TFAP2A-AS1
9317,RP1-290I10.3
9318,LINC00518
9319,MIR5689HG
9320,RP1-290I10.5
9321,GCNT2
9322,RP11-360O19.4
9323,C6orf52
9324,PAK1IP1
9325,TMEM14C
9326,RP11-421M1.8
9327,TMEM14B
9328,RP11-637O19.3
9329,MAK
9330,GCM2
9331,SYCP2L
9332,ELOVL2
9333,ELOVL2-AS1
9334,SMIM13
9335,ERVFRD-1
9336,RP3-510L9.1
9337,NEDD9
9338,RP11-716O23.1
9339,RP11-716O23.2
9340,TMEM170B
9341,RP11-679B17.2
9342,ADTRP
9343,RP3-413H6.2
9344,RP11-456H18.1
9345,RP11-456H18.2
9346,HIVEP1
9347,EDN1
9348,RP11-125M16.1
9349,PHACTR1
9350,RP1-257A7.4
9351,TBC1D7
9352,GFOD1
9353,GFOD1-AS1
9354,SIRT5
9355,RP1-223E5.4
9356,NOL7
9357,RANBP9
9358,MCUR1
9359,RP3-500L14.2
9360,RNF182
9361,RP3-380E11.2
9362,CD83
9363,RP11-359N11.1
9364,RP3-448I9.2
9365,RP3-448I9.1
9366,RP11-146I2.1
9367,RP11-560J1.2
9368,JARID2
9369,JARID2-AS1
9370,DTNBP1
9371,RP11-401E14.2
9372,MYLIP
9373,GMPR
9374,RP3-467D16.3
9375,ATXN1
9376,RP1-151F17.1
9377,RP1-151F17.2
9378,STMND1
9379,RBM24
9380,CAP2
9381,FAM8A1
9382,NUP153
9383,RP11-500C11.3
9384,KIF13A
9385,NHLRC1
9386,TPMT
9387,KDM1B
9388,DEK
9389,RNF144B
9390,RP11-686D16.1
9391,RP1-167F1.2
9392,ID4
9393,MBOAT1
9394,RP11-239H6.2
9395,E2F3
9396,CDKAL1
9397,RP3-348I23.2
9398,RP1-135L22.1
9399,LINC00581
9400,RP11-204E9.1
9401,SOX4
9402,CASC15
9403,NBAT1
9404,RP11-524C21.2
9405,RP3-404K8.2
9406,PRL
9407,HDGFL1
9408,RP1-309H15.2
9409,RP1-209A6.1
9410,RP11-439H9.1
9411,NRSN1
9412,DCDC2
9413,KAAG1
9414,MRS2
9415,GPLD1
9416,ALDH5A1
9417,KIAA0319
9418,TDP2
9419,ACOT13
9420,RP1-30M3.5
9421,C6orf62
9422,RP1-30M3.6
9423,RP3-369A17.4
9424,GMNN
9425,C6orf229
9426,RP3-369A17.6
9427,FAM65B
9428,RP3-425P12.5
9429,RP3-425P12.1
9430,RP3-425P12.2
9431,RP3-522P13.3
9432,LRRC16A
9433,SCGN
9434,SLC17A4
9435,SLC17A1
9436,SLC17A3
9437,SLC17A2
9438,TRIM38
9439,U91328.21
9440,U91328.19
9441,U91328.22
9442,HIST1H1A
9443,HIST1H3A
9444,HIST1H4A
9445,HIST1H2BB
9446,HIST1H3C
9447,HFE
9448,HIST1H4C
9449,HIST1H2BC
9450,HIST1H2AC
9451,HIST1H1E
9452,HIST1H2BD
9453,RP1-221C16.8
9454,HIST1H2BE
9455,HIST1H4D
9456,RP1-34B20.21
9457,HIST1H2BF
9458,HIST1H4E
9459,HIST1H2BG
9460,HIST1H2AE
9461,HIST1H3E
9462,HIST1H1D
9463,HIST1H2BH
9464,HIST1H4H
9465,BTN3A2
9466,BTN2A2
9467,BTN3A1
9468,BTN3A3
9469,BTN2A1
9470,BTN1A1
9471,HCG11
9472,CTA-14H9.5
9473,HMGN4
9474,ABT1
9475,RP11-457M11.7
9476,ZNF322
9477,RP11-457M11.5
9478,LINC00240
9479,RP11-239L20.6
9480,RP1-86C11.7
9481,HIST1H2BJ
9482,HIST1H2AG
9483,HIST1H4I
9484,HIST1H2BK
9485,PRSS16
9486,POM121L2
9487,ZNF391
9488,RP1-153G14.4
9489,ZNF184
9490,LINC01012
9491,HIST1H2BL
9492,HIST1H3H
9493,HIST1H2BM
9494,HIST1H4J
9495,HIST1H2BN
9496,HIST1H2AK
9497,HIST1H3I
9498,HIST1H3J
9499,HIST1H2BO
9500,OR2B2
9501,OR2B6
9502,RP1-313I6.12
9503,ZNF165
9504,ZSCAN16-AS1
9505,ZSCAN16
9506,RP1-265C24.8
9507,ZKSCAN8
9508,ZSCAN9
9509,ZKSCAN4
9510,NKAPL
9511,ZSCAN26
9512,RP5-874C20.8
9513,PGBD1
9514,ZSCAN31
9515,ZKSCAN3
9516,ZSCAN12
9517,ZSCAN23
9518,GPX6
9519,GPX5
9520,ZBED9
9521,RP5-1186N24.3
9522,LINC00533
9523,XXbac-BPG308K3.5
9524,LINC01623
9525,HCG14
9526,TRIM27
9527,LINC01556
9528,HCG16
9529,ZNF311
9530,XXbac-BPG258E24.10
9531,OR2J3
9532,XXbac-BCX196D17.5
9533,XXbac-BPG308J9.3
9534,OR5V1
9535,OR12D2
9536,OR11A1
9537,OR2H1
9538,XXbac-BPG13B8.10
9539,LINC01015
9540,UBD
9541,GABBR1
9542,MOG
9543,ZFP57
9544,HLA-F
9545,XXbac-BPG170G13.32
9546,HLA-G
9547,HCP5B
9548,HLA-A
9549,HCG9
9550,ZNRD1-AS1
9551,ZNRD1
9552,PPP1R11
9553,RNF39
9554,TRIM31
9555,TRIM31-AS1
9556,TRIM40
9557,TRIM10
9558,TRIM15
9559,TRIM26
9560,HCG17
9561,HCG18
9562,TRIM39
9563,TRIM39-RPP21
9564,RPP21
9565,HLA-E
9566,XXbac-BPG249D20.9
9567,GNL1
9568,PRR3
9569,ABCF1
9570,PPP1R10
9571,MRPS18B
9572,ATAT1
9573,C6orf136
9574,DHX16
9575,PPP1R18
9576,NRM
9577,MDC1
9578,MDC1-AS1
9579,TUBB
9580,XXbac-BPG252P9.9
9581,FLOT1
9582,XXbac-BPG252P9.10
9583,IER3
9584,HCG20
9585,LINC00243
9586,XXbac-BPG27H4.8
9587,DDR1-AS1
9588,DDR1
9589,GTF2H4
9590,VARS2
9591,SFTA2
9592,DPCR1
9593,MUC21
9594,MUC22
9595,HCG22
9596,PSORS1C1
9597,CDSN
9598,PSORS1C2
9599,CCHCR1
9600,TCF19
9601,POU5F1
9602,XXbac-BPG299F13.17
9603,HCG27
9604,XXbac-BPG299F13.14
9605,HLA-C
9606,HLA-B
9607,XXbac-BPG181B23.7
9608,MICA
9609,LINC01149
9610,MICB
9611,MCCD1
9612,ATP6V1G2-DDX39B
9613,DDX39B-AS1
9614,ATP6V1G2
9615,NFKBIL1
9616,LTA
9617,TNF
9618,LTB
9619,LST1
9620,NCR3
9621,AIF1
9622,PRRC2A
9623,BAG6
9624,APOM
9625,C6orf47
9626,C6orf47-AS1
9627,GPANK1
9628,CSNK2B
9629,LY6G5B
9630,LY6G5C
9631,ABHD16A
9632,XXbac-BPG32J3.20
9633,XXbac-BPG32J3.19
9634,C6orf25
9635,LY6G6C
9636,DDAH2
9637,CLIC1
9638,MSH5
9639,SAPCD1-AS1
9640,VWA7
9641,VARS
9642,LSM2
9643,HSPA1L
9644,HSPA1A
9645,HSPA1B
9646,C6orf48
9647,NEU1
9648,SLC44A4
9649,EHMT2
9650,EHMT2-AS1
9651,C2
9652,ZBTB12
9653,XXbac-BPG116M5.17
9654,C2-AS1
9655,CFB
9656,NELFE
9657,SKIV2L
9658,DXO
9659,STK19
9660,C4A
9661,AL645922.1
9662,C4B
9663,CYP21A2
9664,TNXB
9665,ATF6B
9666,FKBPL
9667,PRRT1
9668,PPT2
9669,PPT2-EGFL8
9670,AGPAT1
9671,RNF5
9672,AGER
9673,PBX2
9674,GPSM3
9675,NOTCH4
9676,XXbac-BPG154L12.5
9677,C6orf10
9678,HCG23
9679,BTNL2
9680,HLA-DRA
9681,HLA-DRB5
9682,HLA-DRB1
9683,HLA-DQA1
9684,HLA-DQB1
9685,HLA-DQB1-AS1
9686,HLA-DQA2
9687,HLA-DQB2
9688,HLA-DOB
9689,XXbac-BPG246D15.9
9690,PSMB8
9691,PSMB8-AS1
9692,PSMB9
9693,TAP1
9694,HLA-DMB
9695,XXbac-BPG181M17.5
9696,HLA-DMA
9697,BRD2
9698,XXbac-BPG181M17.6
9699,HLA-DOA
9700,HLA-DPA1
9701,HLA-DPB1
9702,HCG24
9703,COL11A2
9704,RXRB
9705,SLC39A7
9706,HSD17B8
9707,RING1
9708,XXbac-BPG157A10.21
9709,HCG25
9710,VPS52
9711,RPS18
9712,B3GALT4
9713,WDR46
9714,PFDN6
9715,RGL2
9716,TAPBP
9717,ZBTB22
9718,DAXX
9719,KIFC1
9720,PHF1
9721,CUTA
9722,SYNGAP1
9723,XXbac-BPG294E21.9
9724,ZBTB9
9725,BAK1
9726,LINC00336
9727,ITPR3
9728,UQCC2
9729,IP6K3
9730,LEMD2
9731,MLN
9732,LINC01016
9733,RP3-468B3.2
9734,GRM4
9735,HMGA1
9736,C6orf1
9737,NUDT3
9738,RPS10-NUDT3
9739,RPS10
9740,PACSIN1
9741,SPDEF
9742,C6orf106
9743,RP11-140K17.3
9744,SNRPC
9745,UHRF1BP1
9746,TAF11
9747,ANKS1A
9748,TCP11
9749,SCUBE3
9750,RP3-329A5.8
9751,ZNF76
9752,DEF6
9753,PPARD
9754,FANCE
9755,RPL10A
9756,TEAD3
9757,TULP1
9758,FKBP5
9759,RP3-510O8.4
9760,ARMC12
9761,CLPSL2
9762,CLPSL1
9763,CLPS
9764,LHFPL5
9765,SRPK1
9766,SLC26A8
9767,MAPK14
9768,MAPK13
9769,RP1-179N16.6
9770,BRPF3
9771,PNPLA1
9772,C6orf222
9773,ETV7
9774,RP1-50J22.4
9775,PXT1
9776,KCTD20
9777,STK38
9778,SRSF3
9779,PANDAR
9780,CDKN1A
9781,RAB44
9782,CPNE5
9783,PPIL1
9784,C6orf89
9785,RP1-90K10.4
9786,PI16
9787,MTCH1
9788,FGD2
9789,PIM1
9790,TMEM217
9791,TBC1D22B
9792,RNF8
9793,CMTR1
9794,CCDC167
9795,RP1-153P14.8
9796,RP1-153P14.5
9797,MDGA1
9798,RP3-441A12.1
9799,ZFAND3
9800,BTBD9
9801,BTBD9-AS1
9802,GLO1
9803,RP3-503A6.2
9804,DNAH8
9805,RP1-207H1.3
9806,GLP1R
9807,SAYSD1
9808,KCNK5
9809,KCNK17
9810,KCNK16
9811,KIF6
9812,DAAM2
9813,RP11-61I13.3
9814,MOCS1
9815,RP11-552E20.1
9816,TDRG1
9817,LINC00951
9818,RP11-552E20.4
9819,LRFN2
9820,UNC5CL
9821,OARD1
9822,APOBEC2
9823,NFYA
9824,TREML1
9825,TREM2
9826,TREML2
9827,TREML4
9828,TREM1
9829,NCR2
9830,FOXP4-AS1
9831,LINC01276
9832,FOXP4
9833,MDFI
9834,TFEB
9835,RP11-298J23.5
9836,PGC
9837,RP11-298J23.8
9838,FRS3
9839,PRICKLE4
9840,USP49
9841,RP5-973N23.4
9842,MED20
9843,BYSL
9844,CCND3
9845,RP11-533O20.2
9846,TAF8
9847,RP11-7K24.3
9848,C6orf132
9849,GUCA1A
9850,GUCA1B
9851,MRPS10
9852,TRERF1
9853,UBR2
9854,PRPH2
9855,TBCC
9856,GLTSCR1L
9857,RPL7L1
9858,C6orf226
9859,PTCRA
9860,CNPY3
9861,RP3-475N16.1
9862,GNMT
9863,PEX6
9864,PPP2R5D
9865,MEA1
9866,KLHDC3
9867,RRP36
9868,RP1-20C7.6
9869,CUL7
9870,KLC4
9871,MRPL2
9872,RP11-387M24.5
9873,PTK7
9874,SRF
9875,CUL9
9876,RP3-330M21.5
9877,DNPH1
9878,TTBK1
9879,SLC22A7
9880,CRIP3
9881,ZNF318
9882,ABCC10
9883,DLK2
9884,TJAP1
9885,LRRC73
9886,POLR1C
9887,YIPF3
9888,RP3-337H4.9
9889,XPO5
9890,RP3-337H4.10
9891,POLH
9892,RP3-337H4.8
9893,GTPBP2
9894,MAD2L1BP
9895,RSPH9
9896,MRPS18A
9897,RP1-261G23.5
9898,VEGFA
9899,RP1-261G23.7
9900,RP5-1120P11.1
9901,C6orf223
9902,RP5-1120P11.3
9903,MRPL14
9904,TMEM63B
9905,CAPN11
9906,RP1-302G2.5
9907,SLC29A1
9908,HSP90AB1
9909,SLC35B2
9910,NFKBIE
9911,TMEM151B
9912,RP11-444E17.6
9913,TCTE1
9914,AARS2
9915,CDC5L
9916,RP3-449H6.1
9917,SUPT3H
9918,RUNX2
9919,RP1-244F24.1
9920,RP1-166H4.2
9921,CLIC5
9922,RP1-8B1.4
9923,ENPP4
9924,ENPP5
9925,RCAN2
9926,RP11-795J1.1
9927,CYP39A1
9928,SLC25A27
9929,RP11-446F17.3
9930,TDRD6
9931,PLA2G7
9932,ANKRD66
9933,MEP1A
9934,ADGRF5
9935,RP3-365O12.2
9936,ADGRF1
9937,TNFRSF21
9938,RP11-385F7.1
9939,CD2AP
9940,ADGRF2
9941,ADGRF4
9942,RP11-550C4.6
9943,OPN5
9944,PTCHD4
9945,MUT
9946,CENPQ
9947,GLYATL3
9948,C6orf141
9949,RHAG
9950,CRISP2
9951,CRISP3
9952,PGK2
9953,CRISP1
9954,DEFB133
9955,DEFB112
9956,RP11-524K22.1
9957,RP1-28O17.1
9958,TFAP2D
9959,TFAP2B
9960,RP3-335N17.2
9961,PKHD1
9962,LINCMD1
9963,IL17F
9964,MCM3
9965,PAQR8
9966,EFHC1
9967,TRAM2
9968,TRAM2-AS1
9969,TMEM14A
9970,GSTA2
9971,GSTA1
9972,GSTA5
9973,GSTA3
9974,GSTA4
9975,ICK
9976,FBXO9
9977,GCM1
9978,ELOVL5
9979,RP3-483K16.4
9980,GCLC
9981,RP1-27K12.4
9982,LINC01564
9983,KLHL31
9984,RP11-79N23.1
9985,RP13-476E20.1
9986,LRRC1
9987,RP3-523E19.2
9988,MLIP
9989,MLIP-AS1
9990,TINAG
9991,FAM83B
9992,HCRTR2
9993,GFRAL
9994,HMGCLL1
9995,BMP5
9996,COL21A1
9997,DST
9998,RP11-472M19.2
9999,BEND6
10000,KIAA1586
10001,ZNF451
10002,RP11-203B9.4
10003,BAG2
10004,RAB23
10005,PRIM2
10006,XXbac-BPGBPG55C20.1
10007,XXbac-BPGBPG55C20.3
10008,XXbac-BPGBPG55C20.2
10009,LINC00680
10010,XXbac-BPG55C20.7
10011,RP11-143A22.1
10012,AL356135.1
10013,KHDRBS2
10014,FKBP1C
10015,LGSN
10016,PTP4A1
10017,RP5-1148A21.3
10018,PHF3
10019,EYS
10020,RP11-59D5__B.2
10021,RP11-349P19.1
10022,RP11-301G19.1
10023,RP11-542F9.1
10024,RP11-406O16.1
10025,RP3-525N10.2
10026,ADGRB3
10027,LMBRD1
10028,COL19A1
10029,COL9A1
10030,RP1-149L1.1
10031,RP11-462G2.1
10032,RP11-462G2.2
10033,FAM135A
10034,SDHAF4
10035,RP11-134K13.4
10036,SMAP1
10037,B3GAT2
10038,OGFRL1
10039,RP3-331H24.5
10040,LINC00472
10041,LINC01626
10042,RIMS1
10043,KCNQ5
10044,KCNQ5-AS1
10045,RP11-257K9.8
10046,KHDC1
10047,RP11-398K22.12
10048,DPPA5
10049,KHDC3L
10050,OOEP
10051,OOEP-AS1
10052,DDX43
10053,MB21D1
10054,MTO1
10055,RP11-505P4.6
10056,EEF1A1
10057,RP11-505P4.7
10058,SLC17A5
10059,RP11-553A21.3
10060,CD109
10061,RP11-554D15.1
10062,RP11-554D15.3
10063,COL12A1
10064,COX7A2
10065,TMEM30A
10066,RP1-234P15.4
10067,FILIP1
10068,RP11-415D17.3
10069,RP11-415D17.4
10070,SENP6
10071,MYO6
10072,IMPG1
10073,RP11-35J1.1
10074,RP11-35J1.2
10075,RP11-354K4.2
10076,HTR1B
10077,MEI4
10078,RP3-390M24.1
10079,RP11-173D14.3
10080,IRAK1BP1
10081,PHIP
10082,HMGN3
10083,HMGN3-AS1
10084,RP1-232L24.3
10085,LCA5
10086,RP11-177G23.2
10087,SH3BGRL2
10088,LINC01621
10089,RP1-92C4.2
10090,ELOVL4
10091,AL133475.1
10092,TTK
10093,BCKDHB
10094,RP11-250B2.6
10095,RP11-250B2.3
10096,RP11-250B2.5
10097,FAM46A
10098,RP11-379B8.1
10099,IBTK
10100,TPBG
10101,UBE3D
10102,RP11-445L13__B.3
10103,DOPEY1
10104,PGM3
10105,RWDD2A
10106,ME1
10107,PRSS35
10108,SNAP91
10109,RP3-393K13.1
10110,RIPPLY2
10111,CYB5R4
10112,RP4-676J13.2
10113,RP11-51G5.1
10114,MRAP2
10115,CEP162
10116,LINC01611
10117,TBX18
10118,TBX18-AS1
10119,RP11-30P6.6
10120,NT5E
10121,SNX14
10122,RP11-321N4.5
10123,SYNCRIP
10124,HTR1E
10125,CGA
10126,RP11-393I2.4
10127,ZNF292
10128,GJB7
10129,SMIM8
10130,CFAP206
10131,RP3-382I10.7
10132,SLC35A1
10133,RARS2
10134,ORC3
10135,AKIRIN2
10136,SPACA1
10137,CNR1
10138,RP11-459O1.2
10139,RNGTT
10140,RP11-63L7.5
10141,PNRC1
10142,SRSF12
10143,PM20D2
10144,GABRR1
10145,GABRR2
10146,UBE2J1
10147,RRAGD
10148,ANKRD6
10149,RP11-16C18.3
10150,LYRM2
10151,MDN1
10152,RP1-122O8.7
10153,CASP8AP2
10154,GJA10
10155,RP11-63K6.7
10156,BACH2
10157,RP3-512E2.2
10158,RP1-45N11.1
10159,MAP3K7
10160,RP1-177I10.1
10161,CASC6
10162,RP1-23E21.2
10163,EPHA7
10164,RP3-463P15.1
10165,MANEA-AS1
10166,MANEA
10167,FUT9
10168,UFL1-AS1
10169,UFL1
10170,FHL5
10171,RP3-417O22.3
10172,GPR63
10173,NDUFAF4
10174,KLHL32
10175,MMS22L
10176,RP11-436D23.1
10177,RP1-104O17.3
10178,RP11-111D3.2
10179,RP1-273N12.4
10180,POU3F2
10181,FBXL4
10182,FAXC
10183,COQ3
10184,PNISR
10185,RP11-98I9.4
10186,USP45
10187,TSTD3
10188,CCNC
10189,RP1-199J3.7
10190,PRDM13
10191,MCHR2
10192,MCHR2-AS1
10193,SIM1
10194,RP1-121G13.2
10195,ASCC3
10196,RP3-467N11.1
10197,GRIK2
10198,HACE1
10199,LINC00577
10200,LIN28B
10201,BVES
10202,BVES-AS1
10203,POPDC3
10204,RP3-355L5.5
10205,PREP
10206,RP3-355L5.4
10207,RP3-359N14.2
10208,PRDM1
10209,ATG5
10210,RP11-404H14.1
10211,AIM1
10212,RP3-335E1.1
10213,RTN4IP1
10214,QRSL1
10215,RP1-60O19.2
10216,RP1-60O19.1
10217,CD24
10218,C6orf203
10219,BEND3
10220,PDSS2
10221,SOBP
10222,RP1-67A8.3
10223,SCML4
10224,SEC63
10225,RP1-191J18.66
10226,RP1-111B22.3
10227,OSTM1
10228,OSTM1-AS1
10229,NR2E1
10230,SNX3
10231,LACE1
10232,FOXO3
10233,LINC00222
10234,ARMC2
10235,ARMC2-AS1
10236,SESN1
10237,RP11-787I22.3
10238,CEP57L1
10239,CD164
10240,RP11-425D10.10
10241,PPIL6
10242,SMPD2
10243,MICAL1
10244,ZBTB24
10245,RP5-919F19.5
10246,AK9
10247,FIG4
10248,RP1-249I4.2
10249,GPR6
10250,WASF1
10251,CDC40
10252,METTL24
10253,DDO
10254,SLC22A16
10255,CDK19
10256,AMD1
10257,GTF3C6
10258,RPF2
10259,SLC16A10
10260,RP11-428F8.2
10261,KIAA1919
10262,RP5-1112D6.4
10263,RP5-1112D6.7
10264,REV3L
10265,RP5-1112D6.8
10266,TRAF3IP2-AS1
10267,TRAF3IP2
10268,C6orf3
10269,FYN
10270,RP1-97J1.2
10271,WISP3
10272,TUBE1
10273,FAM229B
10274,LAMA4
10275,RP1-142L7.5
10276,RP11-506B6.7
10277,RFPL4B
10278,RP1-105O18.1
10279,RP11-437J19.1
10280,RP1-124C6.1
10281,RP11-346D19.1
10282,RP11-367G18.1
10283,RP1-249H1.2
10284,MARCKS
10285,LINC01268
10286,RP11-544L8__B.4
10287,HDAC2
10288,RP3-399L15.3
10289,HS3ST5
10290,RP3-399L15.1
10291,RP3-399L15.2
10292,RP11-282C5.1
10293,FRK
10294,NT5DC1
10295,COL10A1
10296,RP3-486I3.5
10297,TSPYL4
10298,DSE
10299,TSPYL1
10300,RP1-93H18.6
10301,FAM26F
10302,RP11-259P20.1
10303,TRAPPC3L
10304,FAM26E
10305,FAM26D
10306,RWDD1
10307,RSPH4A
10308,ZUFSP
10309,KPNA5
10310,FAM162B
10311,GPRC6A
10312,RFX6
10313,VGLL2
10314,ROS1
10315,RP1-179P9.3
10316,DCBLD1
10317,GOPC
10318,NUS1
10319,SLC35F1
10320,CEP85L
10321,PLN
10322,MCM9
10323,ASF1A
10324,RP11-351A11.1
10325,FAM184A
10326,MAN1A1
10327,TBC1D32
10328,GJA1
10329,HSF2
10330,SERINC1
10331,PKIB
10332,FABP7
10333,SMPDL3A
10334,CLVS2
10335,TRDN
10336,RP11-532N4.2
10337,NKAIN2
10338,RNF217-AS1
10339,RNF217
10340,TPD52L1
10341,HDDC2
10342,RP11-735G4.1
10343,RP11-138M12.1
10344,RP11-624M8.1
10345,RP1-293L8.2
10346,HEY2
10347,NCOA7
10348,NCOA7-AS1
10349,HINT3
10350,TRMT11
10351,RP11-527F13.1
10352,CENPW
10353,RSPO3
10354,RNF146
10355,ECHDC1
10356,RP3-403A15.5
10357,SOGA3
10358,C6orf58
10359,RP11-325O24.6
10360,THEMIS
10361,PTPRK
10362,RP11-103C16.2
10363,RP1-86D1.5
10364,LAMA2
10365,RP1-69D17.3
10366,RP1-69D17.4
10367,ARHGAP18
10368,TMEM244
10369,L3MBTL3
10370,RP11-73O6.3
10371,SAMD3
10372,TMEM200A
10373,RP11-102N11.1
10374,SMLR1
10375,EPB41L2
10376,AKAP7
10377,ARG1
10378,MED23
10379,ENPP3
10380,CTAGE9
10381,ENPP1
10382,RP11-69I8.2
10383,CTGF
10384,RP11-69I8.3
10385,RP3-523C21.2
10386,LINC01013
10387,MOXD1
10388,STX7
10389,TAAR2
10390,VNN1
10391,VNN3
10392,VNN2
10393,RP1-55C23.7
10394,SLC18B1
10395,RPS12
10396,LINC00326
10397,EYA4
10398,RP1-283K11.3
10399,RP1-283K11.2
10400,TARID
10401,RP11-704J17.5
10402,LINC01312
10403,TBPL1
10404,SLC2A12
10405,SGK1
10406,RP11-557H15.3
10407,LINC01010
10408,RP11-557H15.4
10409,CTA-31J9.2
10410,RP1-287H17.1
10411,ALDH8A1
10412,RP11-349J5.2
10413,HBS1L
10414,CTA-212D2.2
10415,MYB
10416,AHI1
10417,RP3-388E23.2
10418,LINC00271
10419,RP11-394G3.2
10420,PDE7B
10421,RP13-143G15.4
10422,MTFR2
10423,BCLAF1
10424,RP3-406A7.7
10425,MAP7
10426,RP3-325F22.5
10427,MAP3K5
10428,RP3-325F22.3
10429,PEX7
10430,SLC35D3
10431,NHEG1
10432,RP11-204P2.3
10433,IL20RA
10434,IL22RA2
10435,IFNGR1
10436,OLIG3
10437,RP11-356I2.1
10438,RP11-356I2.4
10439,TNFAIP3
10440,RP11-10J5.1
10441,RP11-240M16.1
10442,PERP
10443,ARFGEF3
10444,PBOV1
10445,RP3-422G23.4
10446,HEBP2
10447,NHSL1
10448,RP11-390P2.4
10449,GVQW2
10450,CCDC28A
10451,ECT2L
10452,REPS1
10453,ABRACL
10454,HECA
10455,RP1-225E12.2
10456,TXLNB
10457,RP11-445F6.2
10458,CITED2
10459,LINC01625
10460,RP5-899B16.1
10461,RP5-899B16.2
10462,RP3-332B22.1
10463,RP3-460G2.2
10464,RP11-63E9.1
10465,NMBR
10466,RP11-137J7.2
10467,GJE1
10468,VTA1
10469,RP11-753B14.1
10470,ADGRG6
10471,RP11-440G9.1
10472,RP1-67K17.3
10473,HIVEP2
10474,RP1-67K17.4
10475,RP11-439L18.2
10476,RP11-439L18.1
10477,LINC01277
10478,RP1-45I4.3
10479,AIG1
10480,RP1-45I4.2
10481,ADAT2
10482,PEX3
10483,FUCA2
10484,PHACTR2
10485,PHACTR2-AS1
10486,RP3-468K18.5
10487,LTV1
10488,RP3-468K18.7
10489,PLAGL1
10490,SF3B5
10491,STX11
10492,UTRN
10493,RP1-91J24.3
10494,EPM2A
10495,RP3-466P17.1
10496,RP3-466P17.2
10497,AL023806.1
10498,FBXO30
10499,RP11-545I5.3
10500,SHPRH
10501,GRM1
10502,RAB32
10503,RP11-715G15.1
10504,ADGB
10505,STXBP5-AS1
10506,RP11-497D6.3
10507,LUADT1
10508,STXBP5
10509,SAMD5
10510,RP11-307P5.1
10511,RP11-307P5.2
10512,RP11-242F11.2
10513,RP11-631F7.2
10514,RP11-631F7.1
10515,SASH1
10516,UST
10517,UST-AS1
10518,RP11-162J8.3
10519,RP1-111D6.3
10520,TAB2
10521,RP1-111D6.2
10522,ZC3H12D
10523,PPIL4
10524,RP1-12G14.5
10525,GINM1
10526,RP1-12G14.9
10527,RP1-12G14.7
10528,KATNA1
10529,LATS1
10530,AL358852.1
10531,NUP43
10532,PCMT1
10533,RP11-350J20.5
10534,LRP11
10535,RP11-350J20.12
10536,RAET1E-AS1
10537,RAET1E
10538,RAET1E-AS1.1
10539,RAET1G
10540,ULBP2
10541,ULBP1
10542,RAET1L
10543,RP11-472G23.10
10544,ULBP3
10545,PPP1R14C
10546,IYD
10547,PLEKHG1
10548,RP11-136K14.3
10549,MTHFD1L
10550,RP1-292B18.3
10551,RP1-292B18.4
10552,AKAP12
10553,ZBTB2
10554,RMND1
10555,ARMT1
10556,CCDC170
10557,ESR1
10558,SYNE1
10559,SYNE1-AS1
10560,RP3-398G3.5
10561,NANOGP11
10562,MYCT1
10563,VIP
10564,RP1-200K18.1
10565,FBXO5
10566,RP1-101K10.6
10567,MTRF1L
10568,RGS17
10569,RP11-306O13.1
10570,OPRM1
10571,IPCEF1
10572,CNKSR3
10573,SCAF8
10574,TIAM2
10575,RP11-477D19.2
10576,TFB1M
10577,CLDN20
10578,RP1-257I9.2
10579,NOX3
10580,RP11-518I13.1
10581,RP11-230C9.4
10582,RP11-230C9.2
10583,ARID1B
10584,RP11-230C9.3
10585,RP1-137K2.2
10586,TMEM242
10587,RP5-933K21.3
10588,ZDHHC14
10589,SNX9
10590,RP11-52J3.3
10591,RP11-52J3.2
10592,RP3-403L10.3
10593,SYNJ2
10594,SERAC1
10595,GTF2H5
10596,TULP4
10597,RP11-732M18.2
10598,TMEM181
10599,DYNLT1
10600,SYTL3
10601,EZR
10602,EZR-AS1
10603,C6orf99
10604,RSPH3
10605,RP1-111C20.4
10606,TAGAP
10607,RP11-13P5.1
10608,RP11-13P5.2
10609,FNDC1
10610,RP3-393E18.2
10611,SOD2
10612,WTAP
10613,ACAT2
10614,TCP1
10615,MRPL18
10616,PNLDC1
10617,RP1-249F5.3
10618,MAS1
10619,IGF2R
10620,AIRN
10621,SLC22A1
10622,SLC22A2
10623,SLC22A3
10624,LPA
10625,RP1-81D8.3
10626,PLG
10627,RP11-235G24.1
10628,RP3-428L16.1
10629,RP3-428L16.2
10630,MAP3K4
10631,AGPAT4
10632,PARK2
10633,PACRG
10634,PACRG-AS2
10635,PACRG-AS3
10636,PACRG-AS1
10637,CAHM
10638,QKI
10639,RP5-826L7.1
10640,RP1-230L10.1
10641,RP1-155D22.2
10642,RP1-155D22.1
10643,RP11-300M24.1
10644,C6orf118
10645,PDE10A
10646,RP11-252P19.1
10647,LINC00473
10648,LINC00602
10649,RP11-459F1.2
10650,T
10651,RP4-655C5.4
10652,RP4-655C5.9
10653,PRR18
10654,SFT2D1
10655,MPC1
10656,RP1-168L15.5
10657,RPS6KA2
10658,RP11-514O12.4
10659,RPS6KA2-AS1
10660,RNASET2
10661,RP1-167A14.2
10662,FGFR1OP
10663,CCR6
10664,TCP10L2
10665,RP11-568A7.4
10666,RP11-568A7.3
10667,RP11-568A7.2
10668,UNC93A
10669,TTLL2
10670,TCP10
10671,RP11-351J23.2
10672,RP11-351J23.1
10673,LINC01558
10674,RP3-431P23.5
10675,MLLT4-AS1
10676,MLLT4
10677,RP3-470B24.5
10678,KIF25-AS1
10679,KIF25
10680,FRMD1
10681,RP11-503C24.1
10682,RP11-503C24.3
10683,RP11-503C24.4
10684,DACT2
10685,SMOC2
10686,RP1-125N5.2
10687,RP3-495K2.2
10688,LINC01615
10689,RP11-417E7.2
10690,XXyac-YX65C7_A.2
10691,THBS2
10692,RP1-137D17.1
10693,RP1-137D17.2
10694,WDR27
10695,C6orf120
10696,PHF10
10697,RP1-266L20.2
10698,RP1-266L20.4
10699,TCTE3
10700,ERMARD
10701,LINC00242
10702,LINC00574
10703,RP1-182D15.2
10704,RP11-302L19.1
10705,RP11-302L19.3
10706,RP5-1086L22.1
10707,RP5-894D12.5
10708,LINC01624
10709,DLL1
10710,FAM120B
10711,PSMB1
10712,TBP
10713,PDCD2
10714,XX-C2158C12.1
10715,XX-C2158C12.2
10716,XX-C2158C6.3
10717,ABC7-481722F1.2
10718,AC093627.7
10719,AC093627.8
10720,AC093627.9
10721,AC093627.10
10722,RP11-90P13.1
10723,AC093627.12
10724,FAM20C
10725,WI2-2373I1.2
10726,AC226118.1
10727,AC147651.1
10728,PDGFA
10729,HRAT92
10730,PRKAR1B
10731,AC147651.5
10732,AC147651.4
10733,DNAAF5
10734,SUN1
10735,GET4
10736,RP11-449P15.2
10737,ADAP1
10738,COX19
10739,CYP2W1
10740,C7orf50
10741,AC073957.15
10742,GPR146
10743,AC091729.7
10744,AC091729.8
10745,GPER1
10746,ZFAND2A
10747,AC091729.9
10748,UNCX
10749,MICALL2
10750,AC102953.4
10751,RP11-1246C19.1
10752,INTS1
10753,AC102953.6
10754,MAFK
10755,TMEM184A
10756,PSMG3
10757,PSMG3-AS1
10758,AC074389.5
10759,ELFN1
10760,ELFN1-AS1
10761,MAD1L1
10762,AC110781.3
10763,FTSJ2
10764,NUDT1
10765,SNX8
10766,EIF3B
10767,AC004840.8
10768,CHST12
10769,GRIFIN
10770,LFNG
10771,BRAT1
10772,IQCE
10773,TTYH3
10774,AMZ1
10775,GNA12
10776,CARD11
10777,AC024028.1
10778,AC091801.1
10779,AC073316.2
10780,AC073316.1
10781,SDK1
10782,AC011284.3
10783,FOXK1
10784,AP5Z1
10785,RADIL
10786,MMD2
10787,RBAK-RBAKDN
10788,RBAKDN
10789,WIPI2
10790,SLC29A4
10791,TNRC18
10792,AC093620.5
10793,AC092171.2
10794,RP11-1275H24.2
10795,RP11-1275H24.1
10796,RP11-1275H24.3
10797,FBXL18
10798,AC092171.4
10799,ACTB
10800,CTB-161C1.1
10801,FSCN1
10802,RNF216
10803,OCM
10804,CCZ1
10805,RSPH10B
10806,PMS2
10807,AIMP2
10808,EIF2AK1
10809,ANKRD61
10810,AC004895.4
10811,USP42
10812,CYTH3
10813,FAM220A
10814,RAC1
10815,DAGLB
10816,KDELR2
10817,GRID2IP
10818,ZDHHC4
10819,AC079742.4
10820,C7orf26
10821,ZNF853
10822,ZNF316
10823,AC073343.13
10824,ZNF12
10825,RSPH10B2
10826,CCZ1B
10827,C1GALT1
10828,COL28A1
10829,RP5-1159O4.2
10830,RP5-1159O4.1
10831,MIOS
10832,RP5-1007H16.1
10833,RPA3
10834,UMAD1
10835,AC007161.5
10836,AC009473.1
10837,AC006042.7
10838,GLCCI1
10839,ICA1
10840,AC006042.6
10841,AC007009.1
10842,AC007128.1
10843,NXPH1
10844,RP4-668E10.4
10845,AC060834.3
10846,AC006373.1
10847,CTD-2060L22.1
10848,AC004535.2
10849,NDUFA4
10850,RP5-855F16.1
10851,PHF14
10852,THSD7A
10853,AC004160.4
10854,TMEM106B
10855,VWDE
10856,AC005281.1
10857,SCIN
10858,ARL4A
10859,AC011288.2
10860,AC006000.5
10861,AC005019.3
10862,ETV1
10863,DGKB
10864,AC006150.1
10865,AC006458.3
10866,AGMO
10867,MEOX2
10868,AC005550.3
10869,MEOX2-AS1
10870,AC005550.5
10871,AC006041.1
10872,ISPD
10873,ISPD-AS1
10874,SOSTDC1
10875,GS1-166A23.1
10876,LRRC72
10877,GS1-166A23.2
10878,ANKMY2
10879,BZW2
10880,AC073333.8
10881,TSPAN13
10882,AC073333.1
10883,AGR2
10884,AGR3
10885,AC003075.4
10886,AHR
10887,AC019117.1
10888,AC019117.2
10889,AC017060.1
10890,AC006482.1
10891,SNX13
10892,PRPS1L1
10893,HDAC9
10894,AC010082.2
10895,AC004744.3
10896,TWIST1
10897,AC003986.6
10898,AC003986.7
10899,AC003986.5
10900,FERD3L
10901,AC007091.1
10902,TWISTNB
10903,TMEM196
10904,AC004543.2
10905,RP11-486P11.1
10906,MACC1
10907,MACC1-AS1
10908,AC099342.1
10909,CTA-293F17.1
10910,ITGB8
10911,ABCB5
10912,SP8
10913,LINC01162
10914,SP4
10915,DNAH11
10916,CDCA7L
10917,RAPGEF5
10918,STEAP1B
10919,AC002480.3
10920,AC002480.4
10921,AC002480.2
10922,AC073072.5
10923,IL6
10924,AC073072.1
10925,TOMM7
10926,FAM126A
10927,KLHL7-AS1
10928,KLHL7
10929,NUPL2
10930,AC005082.12
10931,GPNMB
10932,MALSU1
10933,IGF2BP3
10934,TRA2A
10935,CCDC126
10936,AC006026.2
10937,FAM221A
10938,AC006026.13
10939,STK31
10940,AC009508.1
10941,AC004485.3
10942,NPY
10943,MPP6
10944,DFNA5
10945,OSBPL3
10946,CYCS
10947,C7orf31
10948,NPVF
10949,AC003985.1
10950,RP5-978I12.1
10951,AC091705.1
10952,AC003090.1
10953,CTD-2227E11.1
10954,NFE2L3
10955,CTB-119C2.1
10956,HNRNPA2B1
10957,CBX3
10958,SNX10
10959,AC004540.4
10960,AC004540.5
10961,KIAA0087
10962,AC004947.2
10963,C7orf71
10964,SKAP2
10965,HOTAIRM1
10966,HOXA3
10967,HOXA-AS2
10968,HOXA-AS3
10969,HOXA7
10970,HOXA11
10971,HOXA11-AS
10972,HOXA13
10973,HOTTIP
10974,EVX1
10975,AC004009.3
10976,HIBADH
10977,AC004549.6
10978,TAX1BP1
10979,JAZF1
10980,JAZF1-AS1
10981,CREB5
10982,TRIL
10983,AC005013.5
10984,CTB-113D17.1
10985,CPVL
10986,AC005162.4
10987,CHN2
10988,AC004593.3
10989,AC007255.8
10990,PRR15
10991,WIPF3
10992,SCRN1
10993,AC007285.6
10994,FKBP14
10995,PLEKHA8
10996,AC007285.7
10997,MTURN
10998,AC007036.6
10999,ZNRF2
11000,GS1-114I9.3
11001,NOD1
11002,GS1-114I9.1
11003,GGCT
11004,RP4-777O23.3
11005,RP4-777O23.2
11006,RP4-777O23.1
11007,GARS
11008,CRHR2
11009,INMT
11010,INMT-FAM188B
11011,AC004691.5
11012,RP5-877J2.1
11013,AQP1
11014,GHRHR
11015,ADCYAP1R1
11016,NEUROD6
11017,AC006380.3
11018,CCDC129
11019,PPP1R17
11020,PDE1C
11021,LSM5
11022,AVL9
11023,RP11-225B17.2
11024,LINC00997
11025,RP11-265E18.1
11026,KBTBD2
11027,FKBP9
11028,NT5C3A
11029,RP9
11030,BBS9
11031,RP11-89N17.1
11032,RP11-89N17.4
11033,RP11-89N17.3
11034,BMPER
11035,AC009262.2
11036,NPSR1
11037,DPY19L1
11038,TBX20
11039,AC007652.1
11040,HERPUD2
11041,RP11-379H18.1
11042,AC018647.3
11043,SEPT7-AS1
11044,SEPT7
11045,AC083864.3
11046,AC083864.4
11047,EEPD1
11048,AC007327.5
11049,RP11-182J23.1
11050,KIAA0895
11051,ANLN
11052,AC006960.7
11053,AOAH
11054,RP11-85E16.1
11055,AC007349.4
11056,AC007349.5
11057,AC007349.7
11058,ELMO1
11059,ELMO1-AS1
11060,EPDR1
11061,SFRP4
11062,STARD3NL
11063,TRGC2
11064,TRG-AS1
11065,AMPH
11066,VPS41
11067,POU6F2
11068,POU6F2-AS2
11069,POU6F2-AS1
11070,AC011290.4
11071,YAE1D1
11072,RALA
11073,AC004837.5
11074,LINC00265
11075,RP11-467D6.1
11076,CDK13
11077,MPLKIP
11078,SUGCT
11079,AC004988.1
11080,LINC01450
11081,LINC01449
11082,INHBA
11083,INHBA-AS1
11084,GLI3
11085,LINC01448
11086,AC010132.10
11087,RP11-111K18.2
11088,C7orf25
11089,RP11-111K18.1
11090,PSMA2
11091,MRPL32
11092,AC005537.2
11093,HECW1
11094,AC004692.4
11095,AC011738.4
11096,STK17A
11097,COA1
11098,BLVRA
11099,URGCP-MRPS24
11100,URGCP
11101,UBE2D4
11102,SPDYE1
11103,AC004951.6
11104,LINC00957
11105,DBNL
11106,PGAM2
11107,POLM
11108,AEBP1
11109,POLD2
11110,MYL7
11111,GCK
11112,YKT6
11113,CAMK2B
11114,NUDCD3
11115,NPC1L1
11116,DDX56
11117,TMED4
11118,OGDH
11119,ZMIZ2
11120,AC013436.6
11121,PPIA
11122,H2AFV
11123,AC004854.4
11124,PURB
11125,RP4-673M15.1
11126,MYO1G
11127,SNHG15
11128,CCM2
11129,NACAD
11130,TBRG4
11131,RAMP3
11132,AC073325.1
11133,ADCY1
11134,IGFBP1
11135,IGFBP3
11136,AC073115.6
11137,AC073115.7
11138,AC023669.1
11139,AC092657.2
11140,AC004869.2
11141,AC011294.3
11142,AC004901.1
11143,AC004870.3
11144,TNS3
11145,LINC01447
11146,C7orf65
11147,HUS1
11148,LINC00525
11149,C7orf69
11150,SUN3
11151,C7orf57
11152,UPP1
11153,ABCA13
11154,AC010971.1
11155,VWC2
11156,ZPBP
11157,C7orf72
11158,AC020743.2
11159,IKZF1
11160,FIGNL1
11161,DDC
11162,DDC-AS1
11163,GRB10
11164,RP4-724E13.2
11165,COBL
11166,RP4-718N17.2
11167,RP11-153N17.1
11168,GS1-278J22.1
11169,GS1-278J22.2
11170,LINC01446
11171,RP11-806J6.1
11172,LINC01445
11173,VSTM2A
11174,GS1-18A18.2
11175,SEC61G
11176,RP11-745C15.2
11177,EGFR
11178,EGFR-AS1
11179,ELDR
11180,LANCL2
11181,VOPP1
11182,RP11-310H4.1
11183,RP11-310H4.2
11184,RP11-310H4.3
11185,SEPT14
11186,RP11-15K19.2
11187,GBAS
11188,PSPH
11189,CCT6A
11190,SUMF2
11191,PHKG1
11192,CHCHD2
11193,NUPR2
11194,RP11-760D2.1
11195,RP11-760D2.5
11196,RP13-580B18.4
11197,ZNF479
11198,RP11-1217F2.15
11199,RP11-114G11.5
11200,ZNF716
11201,RP11-196D18.1
11202,RP5-905H7.9
11203,RP11-73B2.2
11204,RP11-340I6.3
11205,AC079355.1
11206,RP11-340I6.7
11207,RP11-340I6.8
11208,LINC01005
11209,ZNF727
11210,RP11-321E8.4
11211,ZNF735
11212,ZNF679
11213,ZNF736
11214,ZNF680
11215,ZNF107
11216,ZNF138
11217,ZNF273
11218,RP11-797H7.5
11219,ZNF117
11220,ERV3-1
11221,AC104073.2
11222,RP11-328P23.4
11223,ZNF92
11224,AC104057.1
11225,RP11-479O9.4
11226,VKORC1L1
11227,GUSB
11228,ASL
11229,AC068533.7
11230,CRCP
11231,RP5-1132H15.1
11232,TPST1
11233,LINC00174
11234,GS1-124K5.3
11235,GS1-124K5.4
11236,GS1-124K5.11
11237,KCTD7
11238,RABGEF1
11239,RP11-792A8.4
11240,RP11-458F8.4
11241,TMEM248
11242,SBDS
11243,TYW1
11244,RP11-166O4.6
11245,LINC01372
11246,RP4-736H5.3
11247,RP11-358M3.1
11248,RP5-945F2.2
11249,RP5-945F2.3
11250,RP11-123O1.1
11251,RP11-3P22.1
11252,RP11-3P22.2
11253,RP5-942I16.1
11254,AUTS2
11255,WBSCR17
11256,CALN1
11257,TYW1B
11258,POM121
11259,RP11-313P13.5
11260,TRIM74
11261,NSUN5
11262,TRIM50
11263,FKBP6
11264,FZD9
11265,BAZ1B
11266,BCL7B
11267,TBL2
11268,MLXIPL
11269,VPS37D
11270,DNAJC30
11271,WBSCR22
11272,STX1A
11273,ABHD11-AS1
11274,ABHD11
11275,CLDN3
11276,CLDN4
11277,WBSCR27
11278,WBSCR28
11279,RP11-731K22.1
11280,ELN
11281,CTB-51J22.1
11282,LIMK1
11283,EIF4H
11284,LAT2
11285,RFC2
11286,CLIP2
11287,GTF2IRD1
11288,RP5-1186P10.2
11289,GTF2I
11290,NCF1
11291,GTF2IRD2
11292,GATSL2
11293,WBSCR16
11294,GTF2IRD2B
11295,AC004878.2
11296,TRIM73
11297,POM121C
11298,SPDYE5
11299,HIP1
11300,CCL26
11301,CCL24
11302,RHBDD2
11303,POR
11304,TMEM120A
11305,STYXL1
11306,MDH2
11307,SRRM3
11308,HSPB1
11309,YWHAG
11310,SSC4D
11311,ZP3
11312,DTX2
11313,AC007078.4
11314,UPK3B
11315,SPDYE16
11316,POMZP3
11317,AC005522.7
11318,CCDC146
11319,FGL2
11320,AC073635.5
11321,GSAP
11322,RP5-899E9.1
11323,PTPN12
11324,APTR
11325,RSBN1L
11326,TMEM60
11327,PHTF2
11328,RP5-1185I7.1
11329,MAGI2
11330,MAGI2-AS1
11331,MAGI2-AS2
11332,RP5-1093G23.1
11333,GNAI1
11334,AC003988.1
11335,AC004862.6
11336,CD36
11337,GNAT3
11338,SEMA3C
11339,AC005008.2
11340,AC008163.4
11341,AC010091.1
11342,HGF
11343,CACNA2D1
11344,AC006145.4
11345,PCLO
11346,AC079799.2
11347,SEMA3E
11348,SEMA3A
11349,AC003984.1
11350,AC074183.4
11351,SEMA3D
11352,LINC00972
11353,GRM3
11354,AC005009.1
11355,AC005009.2
11356,KIAA1324L
11357,CTA-254O6.1
11358,AC005076.5
11359,DMTF1
11360,TMEM243
11361,TP53TG1
11362,CROT
11363,ABCB4
11364,ABCB1
11365,RUNDC3B
11366,SLC25A40
11367,DBF4
11368,ADAM22
11369,SRI
11370,CTB-167B5.1
11371,AC003991.3
11372,STEAP4
11373,AC002127.4
11374,ZNF804B
11375,C7orf62
11376,AC002383.2
11377,RP5-1121E10.2
11378,STEAP1
11379,STEAP2
11380,CFAP69
11381,AC002064.4
11382,AC002064.5
11383,GTPBP10
11384,CLDN12
11385,CDK14
11386,AC002456.2
11387,FZD1
11388,RP11-115N4.1
11389,RP11-142A5.1
11390,CTB-111F10.1
11391,MTERF1
11392,AKAP9
11393,CYP51A1
11394,LRRD1
11395,CYP51A1-AS1
11396,KRIT1
11397,ANKIB1
11398,GATAD1
11399,AC007566.10
11400,ERVW-1
11401,PEX1
11402,RBM48
11403,FAM133B
11404,CDK6
11405,AC002454.1
11406,SAMD9
11407,SAMD9L
11408,HEPACAM2
11409,VPS50
11410,CALCR
11411,GNGT1
11412,TFPI2
11413,GNG11
11414,BET1
11415,AC006378.2
11416,AC003092.1
11417,AC003092.2
11418,COL1A2
11419,CASD1
11420,SGCE
11421,PEG10
11422,PPP1R9A
11423,AC002429.5
11424,PON1
11425,PON3
11426,PON2
11427,AC004012.1
11428,ASB4
11429,PDK4
11430,AC002451.3
11431,DYNC1I1
11432,SLC25A13
11433,SHFM1
11434,DLX6-AS1
11435,DLX6
11436,DLX5
11437,SDHAF3
11438,TAC1
11439,ASNS
11440,OCM2
11441,LMTK2
11442,TECPR1
11443,BRI3
11444,BAIAP2L1
11445,RP11-307C18.1
11446,NPTX2
11447,TMEM130
11448,TRRAP
11449,AC004893.11
11450,SMURF1
11451,KPNA7
11452,ARPC1A
11453,ARPC1B
11454,PDAP1
11455,BUD31
11456,PTCD1
11457,CPSF4
11458,ATP5J2
11459,ZNF789
11460,ZNF394
11461,ZKSCAN5
11462,FAM200A
11463,ZNF655
11464,GS1-259H13.13
11465,GS1-259H13.2
11466,ZSCAN25
11467,CYP3A5
11468,CYP3A7-CYP3A51P
11469,CYP3A7
11470,CYP3A4
11471,RP11-757A13.1
11472,CYP3A43
11473,TRIM4
11474,GJC3
11475,RP4-604G5.1
11476,AZGP1
11477,ZKSCAN1
11478,ZSCAN21
11479,ZNF3
11480,COPS6
11481,MCM7
11482,AP4M1
11483,TAF6
11484,RP11-506M12.1
11485,CNPY4
11486,MBLAC1
11487,AC073842.19
11488,LAMTOR4
11489,C7orf43
11490,GAL3ST4
11491,GPC2
11492,STAG3
11493,GATS
11494,PVRIG
11495,SPDYE3
11496,PILRB
11497,PILRA
11498,ZCWPW1
11499,MEPCE
11500,RP11-758P17.2
11501,PPP1R35
11502,RP11-758P17.3
11503,C7orf61
11504,TSC22D4
11505,NYAP1
11506,RP11-44M6.1
11507,AGFG2
11508,SAP25
11509,LRCH4
11510,FBXO24
11511,PCOLCE-AS1
11512,PCOLCE
11513,MOSPD3
11514,TFR2
11515,ACTL6B
11516,GNB2
11517,GIGYF1
11518,POP7
11519,EPO
11520,ZAN
11521,EPHB4
11522,SLC12A9
11523,RP11-126L15.4
11524,TRIP6
11525,SRRT
11526,UFSP1
11527,ACHE
11528,MUC3A
11529,RP11-395B7.2
11530,MUC12
11531,RP11-395B7.4
11532,MUC17
11533,TRIM56
11534,SERPINE1
11535,AP1S1
11536,VGF
11537,NAT16
11538,MOGAT3
11539,PLOD3
11540,ZNHIT1
11541,CLDN15
11542,FIS1
11543,RP11-132A1.3
11544,RP11-132A1.4
11545,IFT22
11546,COL26A1
11547,LINC01007
11548,MYL10
11549,AC004953.1
11550,CUX1
11551,CTA-339C12.1
11552,CTA-305I2.1
11553,SH2B2
11554,SPDYE6
11555,PRKRIP1
11556,RP11-514P8.2
11557,ORAI2
11558,ALKBH4
11559,LRWD1
11560,POLR2J
11561,RASA4B
11562,POLR2J3
11563,RP11-514P8.7
11564,SPDYE2
11565,RP11-514P8.6
11566,RP11-577H5.5
11567,SPDYE2B
11568,AC105052.2
11569,FAM185A
11570,FBXL13
11571,LRRC17
11572,NFE4
11573,RP11-645N11.3
11574,ARMC10
11575,NAPEPLD
11576,PMPCB
11577,DNAJC2
11578,PSMC2
11579,SLC26A5
11580,CTB-107G13.1
11581,RELN
11582,ORC5
11583,LHFPL3
11584,RP11-325F22.2
11585,LINC01004
11586,KMT2E-AS1
11587,KMT2E
11588,CTB-152G17.6
11589,SRPK2
11590,RP4-778K6.3
11591,PUS7
11592,RINT1
11593,EFCAB10
11594,RP11-251G23.5
11595,ATXN7L1
11596,CDHR3
11597,SYPL1
11598,NAMPT
11599,RP11-22N19.2
11600,CTB-30L5.1
11601,CCDC71L
11602,RP5-884M6.1
11603,PIK3CG
11604,PRKAR2B
11605,HBP1
11606,CTA-363E19.2
11607,COG5
11608,GPR22
11609,DUS4L
11610,RP4-593H12.1
11611,BCAP29
11612,SLC26A4-AS1
11613,SLC26A4
11614,AC002467.7
11615,CBLL1
11616,SLC26A3
11617,DLD
11618,LAMB1
11619,CTB-13F3.1
11620,LAMB4
11621,NRCAM
11622,PNPLA8
11623,THAP5
11624,DNAJB9
11625,AC005487.2
11626,C7orf66
11627,AC004014.3
11628,AC002386.1
11629,AC073071.1
11630,AC003088.1
11631,IMMP2L
11632,LRRN3
11633,DOCK4
11634,DOCK4-AS1
11635,ZNF277
11636,AC004112.4
11637,IFRD1
11638,LSMEM1
11639,AC002463.3
11640,TMEM168
11641,C7orf60
11642,HRAT17
11643,GPR85
11644,LINC00998
11645,PPP1R3A
11646,FOXP2
11647,AC073626.2
11648,MDFIC
11649,LINC01392
11650,LINC01393
11651,RP11-458K10.1
11652,TFEC
11653,TES
11654,AC002066.1
11655,CAV2
11656,CAV1
11657,AC006159.5
11658,AC006159.4
11659,LINC01510
11660,MET
11661,CAPZA2
11662,ST7-AS1
11663,ST7
11664,AC106873.4
11665,ST7-AS2
11666,WNT2
11667,AC002465.2
11668,ASZ1
11669,CFTR
11670,AC000111.6
11671,CTTNBP2
11672,AC003084.2
11673,LSM8
11674,ANKRD7
11675,RP11-328J2.1
11676,RP4-742N3.1
11677,RP5-1006K12.1
11678,KCND2
11679,RP4-797C5.2
11680,TSPAN12
11681,ING3
11682,CPED1
11683,WNT16
11684,FAM3C
11685,RP4-745K6.1
11686,PTPRZ1
11687,AASS
11688,RP11-560I19.1
11689,FEZF1
11690,FEZF1-AS1
11691,CADPS2
11692,RP5-1101C3.1
11693,TAS2R16
11694,RP11-61D3.1
11695,SLC13A1
11696,IQUB
11697,RP11-332K15.1
11698,NDUFA5
11699,ASB15
11700,RP11-390E23.3
11701,LMOD2
11702,WASL
11703,RP11-390E23.6
11704,HYAL4
11705,SPAM1
11706,RP4-630C24.3
11707,TMEM229A
11708,RP5-921G16.1
11709,RP11-264K23.1
11710,RP5-921G16.2
11711,GPR37
11712,C7orf77
11713,POT1
11714,POT1-AS1
11715,RP11-3B12.5
11716,RP11-3B12.2
11717,RP11-3B12.3
11718,RP11-807H17.1
11719,AC005276.1
11720,AC000370.2
11721,GRM8
11722,AC000099.1
11723,ZNF800
11724,AC000124.1
11725,GCC1
11726,ARF5
11727,FSCN3
11728,PAX4
11729,AC073934.6
11730,SND1
11731,LRRC4
11732,LEP
11733,RP11-62J1.4
11734,RBM28
11735,PRRT4
11736,IMPDH1
11737,AC010655.1
11738,HILPDA
11739,METTL2B
11740,RP11-212P7.2
11741,RP11-274B21.10
11742,FAM71F2
11743,RP11-274B21.9
11744,FAM71F1
11745,CALU
11746,OPN1SW
11747,CCDC136
11748,FLNC
11749,RP11-309L24.2
11750,KCP
11751,ATP6V1F
11752,RP11-309L24.4
11753,IRF5
11754,RP11-309L24.10
11755,TNPO3
11756,TSPAN33
11757,SMO
11758,RP11-286H14.8
11759,AHCYL2
11760,STRIP2
11761,SMKR1
11762,RP11-448A19.1
11763,NRF1
11764,RP11-738B7.1
11765,UBE2H
11766,RP11-306G20.1
11767,ZC3HC1
11768,KLHDC10
11769,RP11-775D22.2
11770,TMEM209
11771,RP11-775D22.3
11772,SSMEM1
11773,CPA2
11774,CPA4
11775,CPA5
11776,CPA1
11777,CEP41
11778,RP11-2E11.5
11779,MESTIT1
11780,MEST
11781,RP11-2E11.6
11782,COPG2
11783,RP11-2E11.9
11784,TSGA13
11785,RP11-36B6.1
11786,AC016831.7
11787,AC058791.1
11788,RP11-138A9.1
11789,RP11-138A9.2
11790,LINC-PINT
11791,MKLN1
11792,RP11-180C16.1
11793,PODXL
11794,AC009518.4
11795,PLXNA4
11796,AC018643.4
11797,AC011625.1
11798,FLJ40288
11799,AC009365.4
11800,CHCHD3
11801,AC009518.8
11802,EXOC4
11803,LRGUK
11804,AC008154.4
11805,SLC35B4
11806,AC008154.5
11807,RP11-38M8.1
11808,AKR1B1
11809,AKR1B10
11810,AKR1B15
11811,BPGM
11812,AC009276.4
11813,CALD1
11814,AGBL3
11815,C7orf49
11816,TMEM140
11817,RP11-134L10.1
11818,WDR91
11819,AC009542.2
11820,STRA8
11821,CNOT4
11822,NUP205
11823,C7orf73
11824,SLC13A4
11825,RP11-644N4.1
11826,FAM180A
11827,AC015987.1
11828,MTPN
11829,AC024084.1
11830,AC009784.3
11831,AC009264.1
11832,CHRM2
11833,PTN
11834,AC078842.4
11835,AC078842.3
11836,DGKI
11837,AC090498.1
11838,CREB3L2
11839,AC022173.2
11840,AKR1D1
11841,AC083867.4
11842,TRIM24
11843,SVOPL
11844,ATP6V0A4
11845,TMEM213
11846,KIAA1549
11847,ZC3HAV1L
11848,ZC3HAV1
11849,TTC26
11850,UBN2
11851,C7orf55
11852,LUC7L2
11853,RP11-634H22.1
11854,KLRG2
11855,CLEC2L
11856,HIPK2
11857,TBXAS1
11858,PARP12
11859,KDM7A
11860,JHDM1D-AS1
11861,SLC37A3
11862,RAB19
11863,MKRN1
11864,DENND2A
11865,ADCK2
11866,NDUFB2
11867,NDUFB2-AS1
11868,BRAF
11869,MRPS33
11870,TMEM178B
11871,RP5-842K16.1
11872,RP5-842K16.2
11873,RP11-744I24.3
11874,RP11-744I24.2
11875,AGK
11876,RP5-894A10.2
11877,KIAA1147
11878,WEE2-AS1
11879,WEE2
11880,SSBP1
11881,TAS2R5
11882,PRSS37
11883,MGAM
11884,CLEC5A
11885,MGAM2
11886,PRSS58
11887,U66059.58
11888,TRBV5-1
11889,TRBV4-2
11890,TRBV12-1
11891,TRBV11-2
11892,TRBV6-5
11893,TRBV14
11894,TRBV17
11895,TRBV18
11896,TRBV20-1
11897,TRBV21-1
11898,TRBV23-1
11899,MTRNR2L6
11900,TRBVA
11901,TRBV26
11902,TRBVB
11903,TRBC1
11904,TRBC2
11905,TRBV30
11906,EPHB6
11907,TRPV6
11908,RP11-114L10.2
11909,TRPV5
11910,KEL
11911,OR6V1
11912,PIP
11913,TAS2R39
11914,RP11-556I13.2
11915,GSTK1
11916,AC073342.12
11917,TMEM139
11918,CASP2
11919,CLCN1
11920,FAM131B
11921,RP11-563K23.1
11922,AC093673.5
11923,ZYX
11924,EPHA1
11925,EPHA1-AS1
11926,TCAF2
11927,CTAGE6
11928,TCAF1
11929,RP4-669B10.3
11930,OR2A25
11931,OR2A12
11932,OR2A14
11933,CTAGE4
11934,ARHGEF35
11935,RP4-545C24.1
11936,OR2A1-AS1
11937,ARHGEF5
11938,NOBOX
11939,TPK1
11940,AC006007.1
11941,CNTNAP2
11942,AC006004.1
11943,C7orf33
11944,RP5-1136G13.2
11945,CUL1
11946,EZH2
11947,GHET1
11948,PDIA4
11949,ZNF786
11950,ZNF425
11951,ZNF398
11952,ZNF282
11953,ZNF212
11954,ZNF783
11955,AC004941.3
11956,RP11-143I21.1
11957,ZNF777
11958,ZNF746
11959,KRBA1
11960,ZNF467
11961,SSPO
11962,ZNF862
11963,RP4-751H13.7
11964,ATP6V0E2-AS1
11965,ATP6V0E2
11966,RP11-445N20.3
11967,RP11-728K20.3
11968,RP11-728K20.2
11969,RP11-545G3.1
11970,ACTR3C
11971,LRRC61
11972,RARRES2
11973,RP4-584D14.5
11974,ZNF775
11975,RP4-584D14.6
11976,RP11-511P7.5
11977,LINC00996
11978,GIMAP8
11979,GIMAP7
11980,GIMAP4
11981,GIMAP6
11982,GIMAP2
11983,GIMAP5
11984,TMEM176B
11985,TMEM176A
11986,AOC1
11987,KCNH2
11988,NOS3
11989,ATG9B
11990,ABCB8
11991,RP11-148K1.10
11992,ASIC3
11993,CDK5
11994,SLC4A2
11995,RP11-148K1.12
11996,FASTK
11997,TMUB1
11998,AGAP3
11999,GBX1
12000,ASB10
12001,IQCA1L
12002,ABCF2
12003,CHPF2
12004,SMARCD3
12005,RP4-548D19.3
12006,RP5-1070G24.2
12007,NUB1
12008,WDR86
12009,RP4-555L14.4
12010,CRYGN
12011,RHEB
12012,PRKAG2
12013,PRKAG2-AS1
12014,RP11-796I2.1
12015,GALNTL5
12016,GALNT11
12017,RP5-981O7.2
12018,KMT2C
12019,LINC01003
12020,XRCC2
12021,ACTR3B
12022,LINC01287
12023,DPP6
12024,RP5-1048B16.1
12025,AC006019.3
12026,AC006019.4
12027,RP11-476H24.1
12028,PAXIP1-AS2
12029,PAXIP1
12030,RP11-5C23.1
12031,RP11-5C23.2
12032,PAXIP1-AS1
12033,HTR5A-AS1
12034,HTR5A
12035,AC099552.3
12036,AC144652.1
12037,INSIG1
12038,BLACE
12039,AC008060.7
12040,AC008060.8
12041,EN2
12042,CNPY1
12043,AC008060.5
12044,AC009403.2
12045,RBM33
12046,SHH
12047,AC021218.2
12048,AC073133.2
12049,AC073133.1
12050,LINC01006
12051,RNF32
12052,AC005534.8
12053,LMBR1
12054,NOM1
12055,MNX1
12056,MNX1-AS2
12057,MNX1-AS1
12058,RP4-639J15.3
12059,UBE3C
12060,DNAJB6
12061,AC006372.4
12062,AC006372.5
12063,AC006372.6
12064,PTPRN2
12065,AC005481.5
12066,AC011899.9
12067,RP11-452C13.1
12068,AC011899.10
12069,AC078942.1
12070,LINC01022
12071,NCAPG2
12072,ESYT2
12073,WDR60
12074,VIPR2
12075,PLCXD1
12076,GTPBP6
12077,LINC00685
12078,PPP2R3B
12079,RP13-465B17.4
12080,RP13-465B17.5
12081,SHOX
12082,RP11-309M23.1
12083,CRLF2
12084,CSF2RA
12085,IL3RA
12086,SLC25A6
12087,LINC00106
12088,ASMTL-AS1
12089,ASMTL
12090,P2RY8
12091,AKAP17A
12092,ASMT
12093,RP13-297E16.4
12094,RP13-297E16.5
12095,DHRSX
12096,LINC00102
12097,CD99
12098,XG
12099,GYG2
12100,GYG2-AS1
12101,ARSD
12102,ARSD-AS1
12103,ARSE
12104,ARSH
12105,ARSF
12106,LINC01546
12107,MXRA5
12108,PRKX
12109,PRKX-AS1
12110,RP11-706O15.1
12111,RP11-706O15.3
12112,RP11-706O15.5
12113,RP11-706O15.7
12114,RP11-707P20.1
12115,RP11-733O18.1
12116,NLGN4X
12117,VCX3A
12118,RP11-1M18.1
12119,PUDP
12120,STS
12121,VCX
12122,PNPLA4
12123,RP11-692P14.1
12124,VCX2
12125,VCX3B
12126,ANOS1
12127,FAM9A
12128,FAM9B
12129,GS1-519E5.1
12130,TBL1X
12131,GPR143
12132,SHROOM2
12133,CLDN34
12134,WWC3
12135,WWC3-AS1
12136,CLCN4
12137,RP6-1O2.1
12138,MID1
12139,RP11-120D5.1
12140,HCCS
12141,ARHGAP6
12142,AMELX
12143,GS1-590J6.3
12144,MSL3
12145,FRMPD4
12146,FRMPD4-AS1
12147,PRPS2
12148,TLR7
12149,TLR8-AS1
12150,TLR8
12151,TMSB4X
12152,FAM9C
12153,GS1-600G8.5
12154,GS1-600G8.3
12155,LINC01203
12156,RP11-1L9.1
12157,EGFL6
12158,TCEANC
12159,RAB9A
12160,TRAPPC2
12161,OFD1
12162,GPM6B
12163,RP1-122K4.2
12164,RP1-122K4.3
12165,GEMIN8
12166,GLRA2
12167,FANCB
12168,MOSPD2
12169,ASB9
12170,ASB11
12171,PIGA
12172,FIGF
12173,PIR
12174,BMX
12175,ACE2
12176,GS1-594A7.3
12177,TMEM27
12178,CA5B
12179,INE2
12180,ZRSR2
12181,AP1S2
12182,GRPR
12183,RP11-431J24.2
12184,MAGEB17
12185,CTPS2
12186,S100G
12187,SYAP1
12188,TXLNG
12189,RBBP7
12190,REPS2
12191,NHS
12192,NHS-AS1
12193,SCML1
12194,RAI2
12195,LINC01456
12196,BEND2
12197,SCML2
12198,CDKL5
12199,RS1
12200,PPEF1
12201,PPEF1-AS1
12202,PHKA2-AS1
12203,PHKA2
12204,ADGRG2
12205,PDHA1
12206,MAP3K15
12207,SH3KBP1
12208,CXorf23
12209,MAP7D2
12210,EIF1AX
12211,EIF1AX-AS1
12212,RPS6KA3
12213,CNKSR2
12214,KLHL34
12215,SMPX
12216,MBTPS2
12217,SMS
12218,PHEX
12219,PHEX-AS1
12220,PTCHD1-AS
12221,ZNF645
12222,RP11-494I9.2
12223,GS1-433O24.1
12224,DDX53
12225,PTCHD1
12226,PRDX4
12227,ACOT9
12228,RP13-314C10.5
12229,SAT1
12230,APOO
12231,CXorf58
12232,KLHL15
12233,EIF2S3
12234,ZFX-AS1
12235,ZFX
12236,PDK3
12237,PCYT1B
12238,PCYT1B-AS1
12239,POLA1
12240,ARX
12241,RP11-86A5.1
12242,MAGEB6
12243,RP11-268G12.3
12244,RP11-268G12.1
12245,DCAF8L2
12246,MAGEB10
12247,RP11-149B9.2
12248,IL1RAPL1
12249,MAGEB2
12250,MAGEB3
12251,MAGEB1
12252,NR0B1
12253,CXorf21
12254,GK
12255,GK-AS1
12256,TAB3
12257,TAB3-AS2
12258,DMD
12259,DMD-AS3
12260,RP11-305F18.1
12261,FAM47A
12262,RP11-545D19.1
12263,TMEM47
12264,MAGEB16
12265,CFAP47
12266,RP11-87M18.2
12267,FAM47C
12268,PRRG1
12269,RP5-972B16.2
12270,DYNLT3
12271,SRPX
12272,RPGR
12273,TSPAN7
12274,RP4-646N3.1
12275,MID1IP1
12276,MID1IP1-AS1
12277,RP11-265P11.1
12278,LINC01281
12279,LINC01282
12280,RP11-157D23.2
12281,RP13-126P21.2
12282,AC092198.1
12283,BCOR
12284,RP11-320G24.1
12285,ATP6AP2
12286,CXorf38
12287,MED14
12288,MED14OS
12289,USP9X
12290,RP5-1172N10.2
12291,DDX3X
12292,NYX
12293,CASK
12294,CASK-AS1
12295,GPR34
12296,GPR82
12297,RP11-524P6.1
12298,RP1-154K9.2
12299,RP3-326I13.1
12300,MAOA
12301,MAOB
12302,NDP
12303,NDP-AS1
12304,EFHC2
12305,FUNDC1
12306,KDM6A
12307,CXorf36
12308,RP11-342D14.1
12309,LINC01204
12310,MIR222HG
12311,RP5-1158E12.3
12312,RP5-1158E12.1
12313,LINC01186
12314,KRBOX4
12315,ZNF674
12316,ZNF674-AS1
12317,CHST7
12318,SLC9A7
12319,RP2
12320,LINC01545
12321,JADE3
12322,RGN
12323,NDUFB11
12324,RBM10
12325,UBA1
12326,CDK16
12327,USP11
12328,RP11-571E6.3
12329,ZNF157
12330,ZNF41
12331,LINC01560
12332,ARAF
12333,SYN1
12334,TIMP1
12335,CFP
12336,ELK1
12337,UXT
12338,UXT-AS1
12339,AL022578.1
12340,ZNF81
12341,ZNF182
12342,ZNF630
12343,SPACA5
12344,ZNF630-AS1
12345,SSX5
12346,SSX1
12347,SSX3
12348,SSX4
12349,SSX4B
12350,SLC38A5
12351,FTSJ1
12352,AF196972.9
12353,PORCN
12354,EBP
12355,TBC1D25
12356,RP11-1148L6.9
12357,RBM3
12358,RP11-1148L6.5
12359,WDR13
12360,WAS
12361,SUV39H1
12362,AF196970.3
12363,GLOD5
12364,GATA1
12365,HDAC6
12366,ERAS
12367,PCSK1N
12368,TIMM17B
12369,PQBP1
12370,SLC35A2
12371,PIM2
12372,OTUD5
12373,KCND1
12374,GRIPAP1
12375,TFE3
12376,CCDC120
12377,PRAF2
12378,WDR45
12379,GPKOW
12380,AC231657.1
12381,MAGIX
12382,PLP2
12383,PRICKLE3
12384,SYP
12385,SYP-AS1
12386,CACNA1F
12387,CCDC22
12388,FOXP3
12389,PPP1R3F
12390,GAGE10
12391,GAGE12J
12392,GAGE13
12393,GAGE1
12394,PAGE1
12395,PAGE4
12396,USP27X-AS1
12397,USP27X
12398,CLCN5
12399,CCNB3
12400,DGKK
12401,SHROOM4
12402,BMP15
12403,LINC01284
12404,NUDT10
12405,RP11-348F1.3
12406,RP11-348F1.2
12407,NUDT11
12408,LINC01496
12409,CENPVP3
12410,RP11-141O19.1
12411,GSPT2
12412,MAGED1
12413,RP11-33H15.1
12414,MAGED4B
12415,MAGED4
12416,XAGE2
12417,XAGE1B
12418,SSX2
12419,SSX2B
12420,XAGE5
12421,FAM156B
12422,FAM156A
12423,GPR173
12424,TSPYL2
12425,RP11-236P24.3
12426,KANTR
12427,RP11-258C19.7
12428,KDM5C
12429,IQSEC2
12430,SMC1A
12431,RIBC1
12432,HSD17B10
12433,HUWE1
12434,PHF8
12435,FAM120C
12436,WNK3
12437,TSR2
12438,FGD1
12439,GNL3L
12440,ITIH6
12441,MAGED2
12442,TRO
12443,PFKFB1
12444,APEX2
12445,ALAS2
12446,PAGE2B
12447,PAGE2
12448,FAM104B
12449,MTRNR2L10
12450,MAGEH1
12451,USP51
12452,RRAGB
12453,RP13-188A5.1
12454,KLF8
12455,UBQLN2
12456,RP11-431N15.2
12457,LINC01420
12458,RP11-445O16.3
12459,SPIN3
12460,SPIN2B
12461,RP3-323P24.3
12462,SPIN2A
12463,FAAH2
12464,ZXDB
12465,NLRP2P
12466,ZXDA
12467,SPIN4
12468,SPIN4-AS1
12469,ARHGEF9
12470,AMER1
12471,ASB12
12472,MTMR8
12473,ZC4H2
12474,ZC3H12B
12475,LAS1L
12476,MSN
12477,RP6-159A1.4
12478,VSIG4
12479,HEPH
12480,EDA2R
12481,AR
12482,RP6-201G10.2
12483,OPHN1
12484,YIPF6
12485,STARD8
12486,EFNB1
12487,PJA1
12488,LINC00269
12489,FAM155B
12490,EDA
12491,AWAT2
12492,OTUD6A
12493,IGBP1
12494,IGBP1-AS2
12495,IGBP1-AS1
12496,DGAT2L6
12497,AWAT1
12498,ARR3
12499,RAB41
12500,PDZD11
12501,KIF4A
12502,GDPD2
12503,DLG3
12504,DLG3-AS1
12505,TEX11
12506,SLC7A3
12507,SNX12
12508,FOXO4
12509,CXorf65
12510,IL2RG
12511,MED12
12512,NLGN3
12513,RP5-1091N2.9
12514,GJB1
12515,ZMYM3
12516,NONO
12517,ITGB1BP2
12518,TAF1
12519,OGT
12520,ACRC
12521,CXCR3
12522,LINC00891
12523,RP11-402P6.11
12524,NHSL2
12525,RGAG4
12526,PIN4
12527,ERCC6L
12528,RPS4X
12529,CITED1
12530,HDAC8
12531,PHKA1
12532,PHKA1-AS1
12533,DMRTC1B
12534,RP11-69A21.2
12535,DMRTC1
12536,PABPC1L2B-AS1
12537,PABPC1L2B
12538,PABPC1L2A
12539,NAP1L6
12540,NAP1L2
12541,CDX4
12542,CHIC1
12543,TSIX
12544,XIST
12545,JPX
12546,FTX
12547,SLC16A2
12548,RLIM
12549,KIAA2022
12550,ABCB7
12551,UPRT
12552,ZDHHC15
12553,MAGEE2
12554,PBDC1
12555,MAGEE1
12556,MIR325HG
12557,FGF16
12558,ATRX
12559,MAGT1
12560,COX7B
12561,ATP7A
12562,PGAM4
12563,PGK1
12564,TAF9B
12565,CYSLTR1
12566,ZCCHC5
12567,LPAR4
12568,P2RY10
12569,ITM2A
12570,TBX22
12571,FAM46D
12572,BRWD3
12573,HMGN5
12574,SH3BGRL
12575,POU3F4
12576,CYLC1
12577,RPS6KA6
12578,HDX
12579,APOOL
12580,SATL1
12581,RP5-928E24.2
12582,ZNF711
12583,POF1B
12584,CHM
12585,DACH2
12586,KLHL4
12587,RP1-138A5.3
12588,CPXCR1
12589,RP13-348B13.2
12590,RP13-212L9.1
12591,PABPC5-AS1
12592,PABPC5
12593,PCDH11X
12594,NAP1L3
12595,FAM133A
12596,DIAPH2
12597,DIAPH2-AS1
12598,RP11-485F13.1
12599,PCDH19
12600,TNMD
12601,TSPAN6
12602,SRPX2
12603,RP11-524D16__A.3
12604,SYTL4
12605,CSTF2
12606,NOX1
12607,XKRX
12608,ARL13A
12609,TRMT2B
12610,TMEM35
12611,CENPI
12612,DRP2
12613,TAF7L
12614,TIMM8A
12615,BTK
12616,RPL36A
12617,RPL36A-HNRNPH2
12618,GLA
12619,HNRNPH2
12620,ARMCX4
12621,ARMCX1
12622,ARMCX6
12623,ARMCX3
12624,ARMCX3-AS1
12625,ARMCX2
12626,NXF5
12627,ZMAT1
12628,TCEAL2
12629,TCEAL6
12630,BEX5
12631,NXF2
12632,NXF2B
12633,TCP11X2
12634,TMSB15A
12635,ARMCX5
12636,RP4-769N13.7
12637,GPRASP1
12638,GPRASP2
12639,BHLHB9
12640,LINC00630
12641,LL0XNC01-237H1.2
12642,RAB40AL
12643,LL0XNC01-237H1.3
12644,BEX1
12645,NXF3
12646,BEX4
12647,TCEAL8
12648,TCEAL5
12649,BEX2
12650,TCEAL7
12651,WBP5
12652,NGFRAP1
12653,RP13-349O20.2
12654,LL0XNC01-250H12.3
12655,RAB40A
12656,TCEAL4
12657,TCEAL3
12658,TCEAL3-AS1
12659,TCEAL1
12660,MORF4L2
12661,MORF4L2-AS1
12662,GLRA4
12663,TMEM31
12664,PLP1
12665,RAB9B
12666,LL0XNC01-116E7.2
12667,TMSB15B
12668,H2BFWT
12669,H2BFM
12670,RP11-722G7.1
12671,SLC25A53
12672,ZCCHC18
12673,FAM199X
12674,ESX1
12675,IL1RAPL2
12676,NRK
12677,SERPINA7
12678,MUM1L1
12679,CXorf57
12680,RNF128
12681,TBC1D8B
12682,MORC4
12683,CLDN2
12684,RBM41
12685,NUP62CL
12686,PIH1D3
12687,FRMPD3-AS1
12688,FRMPD3
12689,PRPS1
12690,TSC22D3
12691,NCBP2L
12692,MID2
12693,RP6-191P20.4
12694,TEX13B
12695,VSIG1
12696,PSMD10
12697,ATG4A
12698,COL4A6
12699,COL4A5
12700,RP6-24A23.6
12701,IRS4
12702,RP6-24A23.3
12703,GUCY2F
12704,NXT2
12705,KCNE5
12706,ACSL4
12707,TMEM164
12708,AMMECR1
12709,RGAG1
12710,CHRDL1
12711,PAK3
12712,CAPN6
12713,DCX
12714,LINC00890
12715,ALG13
12716,ALG13-AS1
12717,TRPC5
12718,TRPC5OS
12719,ZCCHC16
12720,LHFPL1
12721,AMOT
12722,XACT
12723,HTR2C
12724,IL13RA2
12725,LRCH2
12726,LUZP4
12727,PLS3-AS1
12728,PLS3
12729,DANT1
12730,DANT2
12731,AGTR2
12732,SLC6A14
12733,KLHL13
12734,WDR44
12735,DOCK11
12736,IL13RA1
12737,ZCCHC12
12738,LINC01285
12739,LONRF3
12740,KIAA1210
12741,PGRMC1
12742,RP5-1139I1.1
12743,RP5-1139I1.2
12744,SLC25A43
12745,SLC25A5
12746,CXorf56
12747,UBE2A
12748,NKRF
12749,SEPT6
12750,SOWAHD
12751,RPL39
12752,UPF3B
12753,RNF113A
12754,NDUFA1
12755,AKAP14
12756,NKAP
12757,RHOXF1-AS1
12758,RHOXF2B
12759,RHOXF1
12760,LINC01402
12761,RHOXF2
12762,ZBTB33
12763,TMEM255A
12764,ATP1B4
12765,LAMP2
12766,CUL4B
12767,MCTS1
12768,C1GALT1C1
12769,CT47B1
12770,CT47A8
12771,CT47A6
12772,GLUD2
12773,RP13-192B19.2
12774,GRIA3
12775,THOC2
12776,XIAP
12777,XIAP-AS1
12778,RP1-315G1.3
12779,STAG2
12780,TENM1
12781,TEX13C
12782,RP11-13E5.2
12783,DCAF12L2
12784,ACTRT1
12785,RP1-30E17.2
12786,SMARCA1
12787,OCRL
12788,APLN
12789,XPNPEP2
12790,SASH3
12791,ZDHHC9
12792,RP4-537K23.4
12793,UTP14A
12794,BCORL1
12795,ELF4
12796,AIFM1
12797,RAB33A
12798,ZNF280C
12799,SLC25A14
12800,RBMX2
12801,RP1-274L7.1
12802,ENOX2
12803,LINC01201
12804,ARHGAP36
12805,IGSF1
12806,FIRRE
12807,STK26
12808,FRMD7
12809,RAP2C
12810,RAP2C-AS1
12811,MBNL3
12812,HS6ST2
12813,HS6ST2-AS1
12814,USP26
12815,GPC4
12816,GPC3
12817,CCDC160
12818,PHF6
12819,HPRT1
12820,MIR503HG
12821,LINC00629
12822,PLAC1
12823,RP11-308B5.2
12824,FAM122B
12825,FAM122C
12826,MOSPD1
12827,RP3-473B4.3
12828,SMIM10
12829,FAM127C
12830,FAM127A
12831,FAM127B
12832,RP11-85L21.4
12833,SMIM10L2B
12834,LINC00633
12835,CT55
12836,ZNF75D
12837,RP13-210D15.4
12838,ZNF449
12839,RP11-265D19.6
12840,SMIM10L2A
12841,DDX26B-AS1
12842,DDX26B
12843,CT45A1
12844,SAGE1
12845,MMGT1
12846,SLC9A6
12847,FHL1
12848,MAP7D3
12849,ADGRG4
12850,BRS3
12851,HTATSF1
12852,VGLL1
12853,CD40LG
12854,ARHGEF6
12855,RP11-1114A5.4
12856,RBMX
12857,GPR101
12858,RP1-137H15.2
12859,ZIC3
12860,FGF13
12861,RP6-27P15.2
12862,FGF13-AS1
12863,F9
12864,MCF2
12865,ATP11C
12866,CXorf66
12867,AC004070.1
12868,SOX3
12869,XXyac-YR29IB3.1
12870,LINC00632
12871,CDR1
12872,CDR1-AS
12873,RP11-298A8.2
12874,SPANXB1
12875,RP3-507I15.2
12876,LDOC1
12877,SPANXC
12878,SPANXA2-OT1
12879,SPANXA1
12880,MAGEC3
12881,MAGEC1
12882,SPANXN4
12883,GS1-256O22.5
12884,SPANXN3
12885,SLITRK4
12886,SPANXN2
12887,RP3-526F5.2
12888,RP11-143G3.1
12889,SPANXN1
12890,SLITRK2
12891,TMEM257
12892,L29074.3
12893,FMR1
12894,FMR1NB
12895,AC002368.4
12896,AFF2
12897,IDS
12898,AF011889.5
12899,LINC00893
12900,CXorf40A
12901,RP5-937E21.8
12902,TMEM185A
12903,MAGEA11
12904,HSFX1
12905,LINC00850
12906,MAGEA8-AS1
12907,CXorf40B
12908,LINC00894
12909,MAMLD1
12910,MTM1
12911,MTMR1
12912,CD99L2
12913,AF003626.1
12914,HMGB3
12915,VMA21
12916,WI2-80269A6.1
12917,XX-FW80269A6.1
12918,PASD1
12919,PRRG3
12920,FATE1
12921,RP11-366F6.2
12922,MAGEA4
12923,GABRE
12924,MAGEA10
12925,RP11-329E24.6
12926,GABRA3
12927,GABRQ
12928,CSAG1
12929,MAGEA12
12930,CETN2
12931,NSDHL
12932,ZNF185
12933,PNMA5
12934,PNMA3
12935,PNMA6A
12936,RP11-635O16.2
12937,LL0XNC01-16G2.1
12938,ZNF275
12939,U82695.5
12940,ZFP92
12941,TREX2
12942,HAUS7
12943,U82695.9
12944,BGN
12945,ATP2B3
12946,FAM58A
12947,RP11-66N11.8
12948,RP11-66N11.7
12949,DUSP9
12950,PNCK
12951,SLC6A8
12952,BCAP31
12953,ABCD1
12954,U52111.14
12955,PLXNB3
12956,SRPK3
12957,IDH3G
12958,SSR4
12959,PDZD4
12960,L1CAM
12961,AVPR2
12962,ARHGAP4
12963,NAA10
12964,RENBP
12965,HCFC1
12966,HCFC1-AS1
12967,TMEM187
12968,IRAK1
12969,MECP2
12970,OPN1LW
12971,OPN1MW
12972,OPN1MW2
12973,TEX28
12974,TKTL1
12975,XX-FW83128A1.2
12976,FLNA
12977,EMD
12978,RPL10
12979,XX-FW83563B9.5
12980,DNASE1L1
12981,TAZ
12982,CH17-340M24.3
12983,ATP6AP1
12984,GDI1
12985,FAM50A
12986,PLXNA3
12987,LAGE3
12988,UBL4A
12989,SLC10A3
12990,FAM3A
12991,G6PD
12992,IKBKG
12993,FAM223A
12994,CTAG1A
12995,FAM223B
12996,CTAG2
12997,GAB3
12998,DKC1
12999,MPP1
13000,SMIM9
13001,F8
13002,H2AFB1
13003,F8A1
13004,FUNDC2
13005,MTCP1
13006,BRCC3
13007,VBP1
13008,RAB39B
13009,CLIC2
13010,RP13-228J13.1
13011,F8A2
13012,F8A3
13013,H2AFB3
13014,TMLHE-AS1
13015,TMLHE
13016,SPRY3
13017,VAMP7
13018,IL9R
13019,WASIR1
13020,AC144568.2
13021,OR4F21
13022,ZNF596
13023,RP5-855D21.1
13024,RP11-63E5.6
13025,FAM87A
13026,FBXO25
13027,RP11-91J19.3
13028,TDRP
13029,ERICH1
13030,ERICH1-AS1
13031,RP11-555E9.1
13032,CTD-2281E23.3
13033,CTD-2281E23.1
13034,AF067845.1
13035,AF067845.2
13036,DLGAP2
13037,DLGAP2-AS1
13038,CLN8
13039,CTD-2336O2.3
13040,CTD-2336O2.1
13041,ARHGEF10
13042,KBTBD11-OT1
13043,RP11-439C15.4
13044,KBTBD11
13045,RP11-1049H7.2
13046,MYOM2
13047,AC133633.2
13048,CH17-31A6.1
13049,CH17-174L20.1
13050,AC133633.1
13051,RP11-378A12.1
13052,RP11-134O21.1
13053,GS1-57L11.1
13054,CSMD1
13055,RP5-991O23.1
13056,RP11-281H11.1
13057,RP11-158A14.1
13058,RP11-124B13.1
13059,RP11-115C21.2
13060,MCPH1
13061,ANGPT2
13062,CTD-2541M15.3
13063,MCPH1-AS1
13064,AGPAT5
13065,XKR5
13066,GS1-24F4.2
13067,DEFB1
13068,DEFA6
13069,DEFA5
13070,FAM66B
13071,USP17L1
13072,ZNF705G
13073,DEFB103B
13074,SPAG11B
13075,DEFB104B
13076,DEFB107B
13077,PRR23D2
13078,DEFB107A
13079,DEFB104A
13080,SPAG11A
13081,DEFB103A
13082,ZNF705B
13083,FAM66E
13084,USP17L8
13085,FAM85B
13086,SGK223
13087,CTA-398F10.1
13088,CTA-398F10.2
13089,CTD-3023L14.3
13090,CTD-3023L14.1
13091,CTD-3023L14.2
13092,CLDN23
13093,RP11-211C9.1
13094,MFHAS1
13095,ERI1
13096,PPP1R3B
13097,RP11-10A14.3
13098,RP11-10A14.4
13099,RP11-10A14.6
13100,RP11-10A14.5
13101,RP11-115J16.1
13102,RP11-10A14.7
13103,RP11-115J16.3
13104,RP11-115J16.2
13105,RP11-375N15.2
13106,TNKS
13107,LINC00599
13108,RP11-1E4.1
13109,MSRA
13110,LINCR-0001
13111,RP11-981G7.3
13112,PRSS51
13113,RP11-981G7.6
13114,PRSS55
13115,RP1L1
13116,C8orf74
13117,SOX7
13118,CTD-2135J3.4
13119,CTD-2135J3.3
13120,PINX1
13121,RP11-177H2.2
13122,XKR6
13123,AF131215.8
13124,LINC00529
13125,AF131216.1
13126,MTMR9
13127,AF131216.6
13128,SLC35G5
13129,AF131216.5
13130,FAM167A
13131,BLK
13132,RP11-148O21.6
13133,RP11-148O21.3
13134,RP11-148O21.4
13135,GATA4
13136,C8orf49
13137,NEIL2
13138,FDFT1
13139,RP11-297N6.4
13140,CTSB
13141,DEFB136
13142,DEFB135
13143,DEFB134
13144,ZNF705D
13145,FAM66D
13146,USP17L7
13147,USP17L2
13148,FAM86B1
13149,AC145124.2
13150,FAM66A
13151,RP11-351I21.11
13152,FAM86B2
13153,RP11-419I17.1
13154,LONRF1
13155,RP11-252C15.1
13156,LINC00681
13157,KIAA1456
13158,DLC1
13159,RP11-10C8.2
13160,C8orf48
13161,SGCZ
13162,RP11-3G21.1
13163,TUSC3
13164,RP11-77B22.2
13165,MSR1
13166,RP11-13N12.2
13167,RP11-13N12.1
13168,FGF20
13169,MICU3
13170,RP11-468H14.2
13171,ZDHHC2
13172,CNOT7
13173,VPS37A
13174,MTMR7
13175,SLC7A2
13176,PDGFRL
13177,MTUS1
13178,RP11-326L2.1
13179,RP11-156K13.1
13180,FGL1
13181,RP11-156K13.2
13182,RP11-156K13.3
13183,PCM1
13184,ASAH1
13185,CTD-2547L16.1
13186,NAT1
13187,NAT2
13188,PSD3
13189,RP11-161I2.1
13190,RP11-420B22.1
13191,RP11-1080G15.1
13192,RP11-1080G15.2
13193,RP11-618M23.2
13194,SH2D4A
13195,CSGALNACT1
13196,RP11-1105O14.1
13197,INTS10
13198,LPL
13199,AC100802.3
13200,SLC18A1
13201,ATP6V1B2
13202,LZTS1
13203,LZTS1-AS1
13204,RP11-563N12.2
13205,RP11-108E14.1
13206,RP11-369E15.1
13207,RP11-369E15.3
13208,RP11-421P23.1
13209,RP11-421P23.2
13210,RP11-24P4.1
13211,GFRA2
13212,DOK2
13213,XPO7
13214,NPM2
13215,FGF17
13216,DMTN
13217,FAM160B2
13218,NUDT18
13219,HR
13220,REEP4
13221,LGI3
13222,SFTPC
13223,BMP1
13224,PHYHIP
13225,POLR3D
13226,CTD-2530N21.4
13227,PIWIL2
13228,SLC39A14
13229,PPP3CC
13230,RP11-582J16.4
13231,SORBS3
13232,RP11-582J16.3
13233,PDLIM2
13234,C8orf58
13235,CCAR2
13236,RP11-582J16.5
13237,BIN3
13238,EGR3
13239,PEBP4
13240,RP11-87E22.2
13241,RP11-875O11.1
13242,RHOBTB2
13243,TNFRSF10B
13244,RP11-875O11.2
13245,RP11-875O11.3
13246,TNFRSF10C
13247,TNFRSF10D
13248,RP11-1149O23.2
13249,TNFRSF10A
13250,RP11-1149O23.4
13251,CHMP7
13252,R3HCC1
13253,LOXL2
13254,ENTPD4
13255,CTC-756D1.2
13256,SLC25A37
13257,NKX3-1
13258,NKX2-6
13259,RP11-175E9.1
13260,RP11-213G6.2
13261,STC1
13262,RP11-203E8.1
13263,ADAM28
13264,RP11-624C23.1
13265,ADAMDEC1
13266,ADAM7
13267,GS1-72M22.1
13268,NEFM
13269,NEFL
13270,CTD-2168K21.2
13271,CTD-2168K21.1
13272,DOCK5
13273,GNRH1
13274,RP11-395I14.2
13275,KCTD9
13276,CDCA2
13277,RP11-219J21.1
13278,RP11-299D14.2
13279,EBF2
13280,PPP2R2A
13281,BNIP3L
13282,PNMA2
13283,DPYSL2
13284,ADRA1A
13285,RP11-521M14.2
13286,RP11-521M14.1
13287,STMN4
13288,TRIM35
13289,PTK2B
13290,CHRNA2
13291,EPHX2
13292,CLU
13293,SCARA3
13294,CCDC25
13295,RP11-16P20.3
13296,ESCO2
13297,PBK
13298,SCARA5
13299,RP11-597M17.1
13300,NUGGC
13301,ELP3
13302,RP11-380I10.4
13303,PNOC
13304,ZNF395
13305,FBXO16
13306,RP11-181B11.2
13307,FZD3
13308,EXTL3
13309,EXTL3-AS1
13310,INTS9
13311,RP11-662B19.2
13312,HMBOX1
13313,CTD-2647L4.5
13314,KIF13B
13315,CTD-2647L4.1
13316,DUSP4
13317,RP11-486M23.1
13318,RP11-486M23.2
13319,LINC00589
13320,AC145110.1
13321,RP11-94H18.1
13322,RP11-94H18.2
13323,RP11-489E7.1
13324,FAM183CP
13325,SARAF
13326,RP11-489E7.4
13327,LEPROTL1
13328,MBOAT4
13329,RP11-51J9.5
13330,DCTN6
13331,RP11-51J9.4
13332,RP11-51J9.6
13333,RBPMS-AS1
13334,RBPMS
13335,GTF2E2
13336,CTD-2373N4.5
13337,SMIM18
13338,GSR
13339,UBXN8
13340,PPP2CB
13341,TEX15
13342,PURG
13343,WRN
13344,RP11-363L24.3
13345,RP11-566H8.3
13346,NRG1
13347,RP11-11N9.4
13348,RP11-722E23.2
13349,FUT10
13350,TTI2
13351,MAK16
13352,RNF122
13353,DUSP26
13354,RP11-317N12.1
13355,RP1-273G13.3
13356,RP11-431M3.1
13357,RP1-84O15.2
13358,RP11-431M3.2
13359,LINC01288
13360,UNC5D
13361,RP11-473J6.1
13362,RP11-89M20.2
13363,RP11-962G15.1
13364,KCNU1
13365,RP11-527N22.2
13366,LINC01605
13367,RP11-150O12.5
13368,RP11-150O12.4
13369,RP11-346L1.2
13370,ZNF703
13371,RP11-863K10.2
13372,RP11-863K10.7
13373,ERLIN2
13374,PROSC
13375,ADGRA2
13376,BRF2
13377,RAB11FIP1
13378,GOT1L1
13379,ADRB3
13380,EIF4EBP1
13381,KB-1836B5.4
13382,ASH2L
13383,STAR
13384,RP11-90P5.2
13385,LSM1
13386,BAG4
13387,DDHD2
13388,PLPP5
13389,WHSC1L1
13390,RP11-513D5.5
13391,RP11-513D5.2
13392,RP11-350N15.5
13393,LETM2
13394,RP11-350N15.3
13395,RP11-350N15.6
13396,FGFR1
13397,RP11-350N15.4
13398,C8orf86
13399,RP11-675F6.3
13400,RP11-675F6.4
13401,TACC1
13402,RP11-723D22.3
13403,PLEKHA2
13404,CTD-2544N14.3
13405,HTRA4
13406,TM2D2
13407,ADAM9
13408,ADAM32
13409,RP11-122L4.1
13410,CTD-2024D23.1
13411,ADAM18
13412,ADAM2
13413,IDO1
13414,RP11-44K6.3
13415,IDO2
13416,RP11-359E19.2
13417,C8orf4
13418,RP11-470M17.2
13419,CTA-392C11.1
13420,CTA-392C11.2
13421,RP11-301G7.1
13422,ZMAT4
13423,SFRP1
13424,RP11-15G16.1
13425,GOLGA7
13426,GINS4
13427,RP11-360L9.4
13428,GPAT4
13429,RP11-360L9.8
13430,NKX6-3
13431,ANK1
13432,RP11-930P14.1
13433,KAT6A
13434,RP11-589C21.6
13435,AP3M2
13436,PLAT
13437,RP11-231D20.2
13438,IKBKB
13439,POLB
13440,VDAC3
13441,SLC20A2
13442,SMIM19
13443,CHRNB3
13444,RP11-412B14.1
13445,CHRNA6
13446,THAP1
13447,RNF170
13448,HOOK3
13449,RP11-598P20.5
13450,FNTA
13451,POMK
13452,HGSNAT
13453,LINC00293
13454,RP11-350F16.1
13455,RP11-350F16.2
13456,RP11-1134I14.8
13457,SPIDR
13458,CEBPD
13459,PRKDC
13460,MCM4
13461,UBE2V2
13462,RP11-770E5.1
13463,RP11-567J20.2
13464,RP11-567J20.1
13465,EFCAB1
13466,SNAI2
13467,C8orf22
13468,RP11-10H3.1
13469,RP11-738G5.1
13470,RP11-738G5.2
13471,RP11-109P6.2
13472,RP11-401N18.1
13473,SNTG1
13474,RP11-401H2.1
13475,PXDNL
13476,RP11-11C20.3
13477,PCMTD1
13478,RP11-110G21.1
13479,RP11-546K22.3
13480,RP11-546K22.1
13481,RP11-546K22.2
13482,ST18
13483,RP11-26M5.3
13484,RP11-26M5.2
13485,RP11-1023P17.2
13486,FAM150A
13487,RB1CC1
13488,NPBWR1
13489,RP11-162D9.3
13490,OPRK1
13491,RP11-1081M5.2
13492,RP11-1081M5.1
13493,RP11-400K9.4
13494,ATP6V1H
13495,RGS20
13496,RP11-1070A24.2
13497,TCEA1
13498,AC100821.2
13499,RP11-30L15.6
13500,LYPLA1
13501,MRPL15
13502,SOX17
13503,RP11-53M11.3
13504,RP1
13505,XKR4
13506,RP11-386G21.1
13507,RP11-628E19.2
13508,TMEM68
13509,TGS1
13510,LYN
13511,RPS20
13512,CTA-397H3.3
13513,MOS
13514,PLAG1
13515,CHCHD7
13516,RP11-140I16.3
13517,SDR16C5
13518,PENK
13519,RP11-17A4.2
13520,LINC00968
13521,RP11-17A4.4
13522,IMPAD1
13523,LINC01606
13524,RP11-513O17.3
13525,LINC00588
13526,RP11-756K15.2
13527,RP11-246K15.1
13528,RP11-388G22.1
13529,CTD-2339F6.1
13530,LINC01602
13531,FAM110B
13532,RP11-1112C15.2
13533,RP11-648L3.2
13534,UBXN2B
13535,CYP7A1
13536,SDCBP
13537,NSMAF
13538,TOX
13539,RP11-25K19.1
13540,RP11-379I19.1
13541,RP11-379I19.3
13542,RP11-27P7.1
13543,CA8
13544,LINC01301
13545,RAB2A
13546,RP11-91I20.4
13547,RP11-91I20.3
13548,RP11-91I20.2
13549,RP11-91I20.1
13550,CHD7
13551,RP11-33I11.2
13552,AC022182.1
13553,AC022182.3
13554,CLVS1
13555,RP11-787D18.2
13556,RP11-787D18.1
13557,ASPH
13558,RP11-280G9.1
13559,RP11-705O24.1
13560,RP11-705O24.3
13561,NKAIN3
13562,RP11-577N1.1
13563,RP11-659E9.2
13564,GGH
13565,RP11-659E9.4
13566,TTPA
13567,YTHDF3-AS1
13568,YTHDF3
13569,RP11-16E18.3
13570,CTD-3046C4.1
13571,RP11-45K10.2
13572,RP11-573J24.1
13573,RP11-32K4.1
13574,RP11-579E24.2
13575,LINC01289
13576,MIR124-2HG
13577,RP11-21C4.1
13578,BHLHE22
13579,CYP7B1
13580,RP11-1D12.2
13581,LINC00251
13582,LINC01299
13583,CTD-3025N20.3
13584,ARMC1
13585,MTFR1
13586,RP11-707M3.3
13587,PDE7A
13588,CTD-2532N20.1
13589,DNAJC5B
13590,AC084082.3
13591,TRIM55
13592,CRH
13593,LINC00967
13594,RRS1-AS1
13595,RRS1
13596,ADHFE1
13597,C8orf46
13598,MYBL1
13599,VCPIP1
13600,C8orf44-SGK3
13601,AC090154.1
13602,SGK3
13603,MCMDC2
13604,TCF24
13605,PPP1R42
13606,COPS5
13607,CSPP1
13608,ARFGEF1
13609,RP11-7F18.2
13610,CPA6
13611,RP11-396J6.1
13612,PREX2
13613,RP11-403D15.2
13614,C8orf34-AS1
13615,C8orf34
13616,RP11-865I6.2
13617,LINC01592
13618,LINC01603
13619,SULF1
13620,SLCO5A1
13621,RP11-102F4.2
13622,RP11-159H10.3
13623,PRDM14
13624,NCOA2
13625,RP11-333A23.3
13626,RP11-333A23.4
13627,TRAM1
13628,LACTB2-AS1
13629,LACTB2
13630,XKR9
13631,RP11-326E22.1
13632,EYA1
13633,RP11-1102P16.1
13634,RP11-1144P22.1
13635,RP11-281N10.1
13636,MSC-AS1
13637,MSC
13638,TRPA1
13639,RP11-142A23.1
13640,RP11-351E7.1
13641,KCNB2
13642,RP11-1145L24.1
13643,RP11-531A24.3
13644,TERF1
13645,RP11-531A24.7
13646,RP11-531A24.5
13647,SBSPON
13648,C8orf89
13649,RPL7
13650,RDH10
13651,RDH10-AS1
13652,RP11-434I12.3
13653,STAU2-AS1
13654,STAU2
13655,RP11-463D19.1
13656,RP11-463D19.2
13657,UBE2W
13658,TCEB1
13659,TMEM70
13660,LY96
13661,RP11-6I2.3
13662,RP11-6I2.4
13663,RP1-16A9.1
13664,JPH1
13665,GDAP1
13666,CTD-2320G14.2
13667,MIR2052HG
13668,RP11-730G20.1
13669,RP11-758M4.4
13670,PI15
13671,RP11-3N13.2
13672,CRISPLD1
13673,RP11-300E4.2
13674,RP11-697M17.2
13675,CASC9
13676,HNF4G
13677,RP11-706J10.2
13678,LINC01109
13679,LINC01111
13680,ZFHX4-AS1
13681,ZFHX4
13682,RP11-48D4.2
13683,PEX2
13684,RP11-38H17.1
13685,RP11-91P17.1
13686,PKIA-AS1
13687,PKIA
13688,ZC2HC1A
13689,IL7
13690,RP11-79H23.3
13691,RP11-1114I9.1
13692,STMN2
13693,HEY1
13694,LINC01607
13695,RP11-26J3.1
13696,MRPS28
13697,RP11-26J3.4
13698,TPD52
13699,RP11-92K15.1
13700,RP11-941H19.3
13701,RP11-48B3.5
13702,ZBTB10
13703,RP11-48B3.3
13704,RP11-48B3.4
13705,ZNF704
13706,PAG1
13707,RP11-172E10.1
13708,RP11-1149M10.1
13709,RP11-1149M10.2
13710,RP11-363E6.4
13711,RP11-363E6.3
13712,FABP5
13713,RP11-157I4.4
13714,PMP2
13715,FABP9
13716,FABP4
13717,RP11-257P3.3
13718,FABP12
13719,IMPA1
13720,SLC10A5
13721,ZFAND1
13722,CHMP4C
13723,RP13-923O23.6
13724,SNX16
13725,RP11-354A14.1
13726,RP11-99H20.1
13727,RP11-653B10.1
13728,RP11-731N10.1
13729,CTD-2272D18.1
13730,LINC01419
13731,RP11-120I21.2
13732,RALYL
13733,LRRCC1
13734,RP11-219B4.7
13735,E2F5
13736,RP11-219B4.3
13737,C8orf59
13738,CA13
13739,RP11-219B4.5
13740,RP11-219B4.6
13741,CA1
13742,CA3
13743,CA3-AS1
13744,CA2
13745,RP11-317J10.4
13746,CTA-392E5.1
13747,ATP6V0D2
13748,PSKH2
13749,CTD-3118D11.2
13750,CTD-3118D11.3
13751,SLC7A13
13752,WWP1
13753,RMDN1
13754,CPNE3
13755,CNGB3
13756,RP11-386D6.1
13757,RP11-386D6.2
13758,CNBD1
13759,AF121898.3
13760,DCAF4L2
13761,CTB-118P15.2
13762,MMP16
13763,RP11-586K2.1
13764,RP11-642C5.1
13765,RP11-37B2.1
13766,RIPK2
13767,OSGIN2
13768,NBN
13769,DECR1
13770,CALB1
13771,LINC00534
13772,AB015752.3
13773,TMEM64
13774,RP11-68L18.1
13775,NECAB1
13776,RP11-662G23.1
13777,C8orf88
13778,TMEM55A
13779,GS1-251I9.3
13780,OTUD6B-AS1
13781,OTUD6B
13782,LRRC69
13783,SLC26A7
13784,RP11-122C21.1
13785,RUNX1T1
13786,GS1-5L10.1
13787,RP11-700E23.2
13788,RP11-587H10.1
13789,RP11-587H10.2
13790,RP11-100L22.1
13791,RP11-100L22.3
13792,CTD-3239E11.2
13793,TRIQK
13794,C8orf87
13795,LINC00535
13796,RP11-388K12.2
13797,FAM92A1
13798,CTD-2006H14.2
13799,RBM12B
13800,RP11-10N23.4
13801,RP11-10N23.5
13802,TMEM67
13803,RP3-388N13.3
13804,PDP1
13805,RP3-388N13.5
13806,KB-1184D12.1
13807,CDH17
13808,GEM
13809,RAD54B
13810,KIAA1429
13811,RP11-267M23.3
13812,RP11-267M23.4
13813,RP11-22C11.2
13814,ESRP1
13815,DPY19L4
13816,KB-1608C10.2
13817,INTS8
13818,CCNE2
13819,RP11-347C18.5
13820,NDUFAF6
13821,TP53INP1
13822,RP11-320N21.1
13823,RP11-320N21.2
13824,PLEKHF2
13825,C8orf37-AS1
13826,LINC01298
13827,C8orf37
13828,RP11-31K23.2
13829,GDF6
13830,UQCRB
13831,KB-1043D8.6
13832,MTERF3
13833,PTDSS1
13834,KB-1448A5.1
13835,SDC2
13836,CPQ
13837,KB-1958F4.2
13838,KB-1000E4.2
13839,TSPYL5
13840,MTDH
13841,LAPTM4B
13842,MATN2
13843,RPL30
13844,KB-1208A12.3
13845,ERICH5
13846,HRSP12
13847,POP1
13848,NIPAL2
13849,KB-1458E12.1
13850,STK3
13851,KCNS2
13852,KB-1517D11.4
13853,KB-1205A7.2
13854,OSR2
13855,RP11-44N12.2
13856,RP11-410L14.2
13857,VPS13B
13858,CTD-2340D6.2
13859,RP11-402L5.1
13860,COX6C
13861,RGS22
13862,FBXO43
13863,POLR2K
13864,SPAG1
13865,RNF19A
13866,KB-1991G8.1
13867,KB-173C10.2
13868,KB-173C10.1
13869,KB-1615E4.2
13870,ANKRD46
13871,SNX31
13872,PABPC1
13873,YWHAZ
13874,FLJ42969
13875,KB-1460A1.1
13876,KB-1460A1.3
13877,KB-1460A1.5
13878,ZNF706
13879,KB-1410C5.5
13880,KB-1410C5.2
13881,KB-1410C5.3
13882,KB-1930G5.3
13883,KB-1930G5.4
13884,KB-1562D12.1
13885,GRHL2
13886,NCALD
13887,KB-1107E3.1
13888,RRM2B
13889,UBR5-AS1
13890,UBR5
13891,KB-431C1.5
13892,KB-1980E6.3
13893,ODF1
13894,KLF10
13895,KB-1732A1.1
13896,AZIN1
13897,KB-1254G8.1
13898,AZIN1-AS1
13899,KB-1507C5.4
13900,KB-1639H6.2
13901,ATP6V1C1
13902,LINC01181
13903,BAALC-AS2
13904,BAALC
13905,BAALC-AS1
13906,FZD6
13907,CTHRC1
13908,RP11-1C8.6
13909,SLC25A32
13910,DCAF13
13911,RP11-1C8.5
13912,RP11-1C8.7
13913,RP11-1C8.4
13914,RIMS2
13915,DPYS
13916,DCSTAMP
13917,LRP12
13918,ZFPM2
13919,RP11-574O7.1
13920,RP11-642D21.2
13921,RP11-152P17.3
13922,RP11-778D12.2
13923,RP11-395G23.3
13924,OXR1
13925,RP11-649G15.2
13926,ABRA
13927,ANGPT1
13928,RSPO2
13929,EIF3E
13930,RP11-35G22.1
13931,EMC2
13932,RP11-790J24.1
13933,TMEM74
13934,RP11-1084E5.1
13935,TRHR
13936,NUDCD1
13937,RP11-122A21.2
13938,ENY2
13939,PKHD1L1
13940,EBAG9
13941,SYBU
13942,RP11-422N16.3
13943,KCNV1
13944,RP11-696P8.2
13945,RP11-211F2.1
13946,RP11-238I10.1
13947,KB-1299A7.2
13948,LINC01608
13949,LINC01609
13950,RP11-1101K5.1
13951,RP11-58O3.2
13952,CSMD3
13953,RP11-67H2.1
13954,RP11-267L5.1
13955,TRPS1
13956,AF178030.2
13957,LINC00536
13958,RP11-536K17.1
13959,EIF3H
13960,UTP23
13961,RAD21
13962,AC087350.1
13963,RAD21-AS1
13964,AARD
13965,SLC30A8
13966,MED30
13967,EXT1
13968,SAMD12
13969,AC023590.1
13970,SAMD12-AS1
13971,TNFRSF11B
13972,COLEC10
13973,RP11-278I4.2
13974,MAL2
13975,RP11-4K16.2
13976,NOV
13977,RP11-775B15.2
13978,ENPP2
13979,TAF2
13980,DSCC1
13981,KB-1471A8.1
13982,DEPTOR
13983,RP11-760H22.2
13984,COL14A1
13985,MRPL13
13986,MTBP
13987,SNTB1
13988,RP11-713M15.1
13989,RP11-369K17.1
13990,HAS2
13991,HAS2-AS1
13992,RP11-3G20.1
13993,RP11-3G20.2
13994,RP11-785H20.1
13995,RP11-398G24.2
13996,RP11-94A24.1
13997,RP11-96B2.1
13998,LINC01151
13999,RP11-973F15.2
14000,RP11-44N11.2
14001,RP11-44N11.3
14002,ZHX2
14003,RP11-557C18.4
14004,RP11-557C18.3
14005,DERL1
14006,TBC1D31
14007,FAM83A
14008,RP11-539E17.5
14009,FAM83A-AS1
14010,C8orf76
14011,ZHX1-C8orf76
14012,ZHX1
14013,ATAD2
14014,WDYHV1
14015,FBXO32
14016,RP11-174I12.2
14017,CTD-2552K11.2
14018,KLHL38
14019,ANXA13
14020,FAM91A1
14021,FER1L6
14022,FER1L6-AS1
14023,FER1L6-AS2
14024,RP11-37N22.1
14025,RP11-383J24.1
14026,TMEM65
14027,TRMT12
14028,RNF139-AS1
14029,RNF139
14030,TATDN1
14031,RP11-158K1.3
14032,NDUFB9
14033,MTSS1
14034,RP11-532M24.1
14035,RP11-1082L8.4
14036,RP11-1082L8.3
14037,LINC00964
14038,RP11-1082L8.2
14039,ZNF572
14040,RP11-6D1.3
14041,SQLE
14042,KIAA0196
14043,KIAA0196-AS1
14044,NSMCE2
14045,RP11-550A5.2
14046,TRIB1
14047,RP11-136O12.2
14048,LINC00861
14049,RP11-622O11.4
14050,RP11-65D17.1
14051,RP11-103H7.1
14052,RP11-103H7.2
14053,RP11-103H7.3
14054,FAM84B
14055,RP11-89K10.1
14056,RP11-351C8.1
14057,PCAT1
14058,PCAT2
14059,PRNCR1
14060,CASC19
14061,CCAT1
14062,CASC8
14063,CASC21
14064,POU5F1B
14065,AC108925.1
14066,CASC11
14067,MYC
14068,PVT1
14069,LINC00976
14070,LINC00977
14071,CCDC26
14072,RP11-26E5.1
14073,RP11-419K12.1
14074,GSDMC
14075,RP11-473O4.5
14076,FAM49B
14077,RP11-473O4.4
14078,RP11-473O4.3
14079,ASAP1
14080,KB-1568E2.1
14081,ADCY8
14082,RP11-737F9.1
14083,RP11-381I15.1
14084,CTD-2501M5.1
14085,EFR3A
14086,OC90
14087,RP11-240B13.2
14088,HHLA1
14089,KCNQ3
14090,HPYR1
14091,LRRC6
14092,TMEM71
14093,PHF20L1
14094,AF230666.2
14095,TG
14096,SLA
14097,WISP1
14098,NDRG1
14099,ST3GAL1
14100,RP11-629O1.2
14101,CTD-2588J1.1
14102,RP11-157E21.1
14103,RP11-513H8.1
14104,ZFAT
14105,ZFAT-AS1
14106,CTD-2342N23.3
14107,AC083843.1
14108,AC083843.2
14109,NCRNA00250
14110,RP11-1057B8.2
14111,LINC01591
14112,RP11-343P9.1
14113,KHDRBS3
14114,RP11-149P24.1
14115,RP11-431D12.1
14116,RP11-30J20.1
14117,RP11-238K6.1
14118,RP11-238K6.2
14119,RP11-489O18.1
14120,FAM135B
14121,COL22A1
14122,RP11-324F11.1
14123,CTD-2534J5.1
14124,RP11-398H6.1
14125,KCNK9
14126,TRAPPC9
14127,RP11-284H18.1
14128,CTA-204B4.2
14129,CHRAC1
14130,AGO2
14131,ERICD
14132,PTK2
14133,AC105009.1
14134,DENND3
14135,RP11-809O17.1
14136,SLC45A4
14137,RP11-10J21.3
14138,RP11-10J21.5
14139,LINC01300
14140,GPR20
14141,CTD-3064M3.4
14142,PTP4A3
14143,CTD-3064M3.7
14144,AC138647.1
14145,RP11-953B20.1
14146,LINC00051
14147,TSNARE1
14148,RP13-467H17.1
14149,ADGRB1
14150,ARC
14151,AP006547.3
14152,AC145123.2
14153,JRK
14154,PSCA
14155,LY6K
14156,CTD-2292P10.4
14157,THEM6
14158,CTD-2292P10.2
14159,RP11-706C16.7
14160,LYNX1
14161,LY6D
14162,RP11-706C16.8
14163,GML
14164,CYP11B1
14165,CYP11B2
14166,RP11-273G15.2
14167,LY6E
14168,LY6H
14169,GPIHBP1
14170,ZFP41
14171,RP13-582O9.6
14172,GLI4
14173,MINCR
14174,ZNF696
14175,RP13-582O9.7
14176,TOP1MT
14177,RHPN1-AS1
14178,RHPN1
14179,RP11-909N17.2
14180,MAFA-AS1
14181,MAFA
14182,ZC3H3
14183,RP11-661A12.5
14184,RP11-661A12.4
14185,GSDMD
14186,MROH6
14187,RP11-661A12.9
14188,NAPRT
14189,RP11-661A12.7
14190,EEF1D
14191,TIGD5
14192,PYCRL
14193,TSTA3
14194,RP11-661A12.12
14195,ZNF623
14196,ZNF707
14197,CCDC166
14198,RP11-429J17.4
14199,MAPK15
14200,RP11-429J17.5
14201,FAM83H
14202,FAM83H-AS1
14203,RP11-429J17.7
14204,RP11-429J17.8
14205,SCRIB
14206,PUF60
14207,NRBP2
14208,EPPK1
14209,PLEC
14210,PARP10
14211,GRINA
14212,SPATC1
14213,SMPD5
14214,OPLAH
14215,CTD-3065J16.9
14216,EXOSC4
14217,GPAA1
14218,CYC1
14219,SHARPIN
14220,MAF1
14221,WDR97
14222,HGH1
14223,MROH1
14224,BOP1
14225,SCX
14226,HSF1
14227,DGAT1
14228,SCRT1
14229,TMEM249
14230,GS1-393G12.13
14231,SLC52A2
14232,FBXL6
14233,ADCK5
14234,CPSF1
14235,GS1-393G12.14
14236,SLC39A4
14237,VPS28
14238,TONSL
14239,TONSL-AS1
14240,CYHR1
14241,CTD-2517M22.16
14242,KIFC2
14243,FOXH1
14244,PPP1R16A
14245,GPT
14246,MFSD3
14247,RECQL4
14248,CTD-2517M22.17
14249,LRRC14
14250,LRRC24
14251,C8orf82
14252,ARHGAP39
14253,CTD-2517M22.9
14254,AF186192.1
14255,AF186192.6
14256,ZNF251
14257,ZNF34
14258,RPL8
14259,ZNF517
14260,ZNF7
14261,COMMD5
14262,ZNF250
14263,ZNF16
14264,RP5-1047A19.4
14265,ZNF252P-AS1
14266,C8orf33
14267,WASH1
14268,XXyac-YRM2039.3
14269,FAM138C
14270,PGM5P3-AS1
14271,RP11-143M1.3
14272,FOXD4
14273,CBWD1
14274,C9orf66
14275,DOCK8
14276,RP11-59O6.3
14277,RP11-165F24.3
14278,KANK1
14279,RP11-130C19.3
14280,DMRT1
14281,DMRT3
14282,DMRT2
14283,SMARCA2
14284,RP11-264I13.2
14285,VLDLR-AS1
14286,RP11-91N2.3
14287,VLDLR
14288,KCNV2
14289,PUM3
14290,LINC01231
14291,RFX3
14292,RFX3-AS1
14293,RP11-509J21.4
14294,GLIS3
14295,RP11-252M18.3
14296,GLIS3-AS1
14297,RP11-358M14.2
14298,SLC1A1
14299,SPATA6L
14300,PLPP6
14301,CDC37L1-AS1
14302,CDC37L1
14303,AK3
14304,RCL1
14305,JAK2
14306,INSL6
14307,RLN2
14308,RLN1
14309,RP11-12D24.10
14310,PLGRKT
14311,CD274
14312,PDCD1LG2
14313,RP11-574F11.3
14314,RIC1
14315,RP11-207C16.4
14316,ERMP1
14317,KIAA2026
14318,MLANA
14319,RANBP6
14320,RP11-218I7.2
14321,IL33
14322,UHRF2
14323,RP11-307L3.4
14324,GLDC
14325,RP11-390F4.6
14326,RP11-390F4.10
14327,RP11-390F4.3
14328,KDM4C
14329,RP11-77E14.2
14330,TMEM261
14331,RP11-29B9.1
14332,RP11-29B9.2
14333,PTPRD
14334,PTPRD-AS1
14335,RP11-75C9.2
14336,RP11-527D15.1
14337,PTPRD-AS2
14338,RP11-109M17.2
14339,RP11-23D5.1
14340,RP11-74C3.1
14341,TYRP1
14342,LURAP1L-AS1
14343,LURAP1L
14344,MPDZ
14345,LINC01235
14346,RP11-536O18.1
14347,LINC00583
14348,RP11-284P20.3
14349,NFIB
14350,RP11-120J1.1
14351,RP11-408A13.3
14352,RP11-408A13.4
14353,ZDHHC21
14354,CER1
14355,FREM1
14356,TTC39B
14357,SNAPC3
14358,PSIP1
14359,CCDC171
14360,C9orf92
14361,BNC2
14362,RP11-183I6.2
14363,RP11-62F24.2
14364,RP11-132E11.2
14365,CNTLN
14366,SH3GL2
14367,ADAMTSL1
14368,SAXO1
14369,RRAGA
14370,HAUS6
14371,PLIN2
14372,DENND4C
14373,RP11-146N23.4
14374,RP11-513M16.7
14375,RP11-513M16.8
14376,RPS6
14377,ACER2
14378,SLC24A2
14379,RP11-378I6.1
14380,MLLT3
14381,FOCAD
14382,FOCAD-AS1
14383,HACD4
14384,IFNW1
14385,IFNA21
14386,IFNA4
14387,IFNA5
14388,KLHL9
14389,IFNA6
14390,IFNA13
14391,IFNA2
14392,RP11-354P17.15
14393,IFNA1
14394,IFNE
14395,MTAP
14396,RP11-145E5.5
14397,RP11-70L8.4
14398,CDKN2A
14399,CDKN2B-AS1
14400,CDKN2B
14401,RP11-408N14.1
14402,DMRTA1
14403,LINC01239
14404,RP11-315I14.2
14405,ELAVL2
14406,RP11-321L2.1
14407,RP11-321L2.2
14408,IZUMO3
14409,RP11-20A20.2
14410,TUSC1
14411,LINC01241
14412,RP11-80I3.1
14413,RP11-18A15.1
14414,RP11-337A23.6
14415,CAAP1
14416,PLAA
14417,IFT74
14418,IFT74-AS1
14419,LRRC19
14420,RP11-56F10.3
14421,TEK
14422,LINC00032
14423,EQTN
14424,MOB3B
14425,RP11-298E2.2
14426,IFNK
14427,C9orf72
14428,RP11-575I8.1
14429,LINGO2
14430,LINC01242
14431,LINC01243
14432,ACO1
14433,DDX58
14434,TOPORS
14435,TOPORS-AS1
14436,NDUFB6
14437,GVQW1
14438,TAF1L
14439,RP11-555J4.4
14440,RP11-555J4.3
14441,TMEM215
14442,RP11-462B18.2
14443,APTX
14444,DNAJA1
14445,SMU1
14446,B4GALT1
14447,B4GALT1-AS1
14448,SPINK4
14449,BAG1
14450,CHMP5
14451,NFX1
14452,AQP7
14453,RP11-311H10.4
14454,AQP3
14455,NOL6
14456,RP11-255A11.2
14457,ANKRD18B
14458,CYP4F26P
14459,TRBV20OR9-2
14460,TRBV23OR9-2
14461,PTENP1-AS
14462,TRBV26OR9-2
14463,RP11-384P7.7
14464,RP11-384P7.5
14465,LINC01251
14466,PRSS3
14467,UBE2R2-AS1
14468,UBE2R2
14469,UBAP2
14470,RP11-537H15.3
14471,DCAF12
14472,UBAP1
14473,KIF24
14474,NUDT2
14475,KIAA1161
14476,C9orf24
14477,FAM219A
14478,DNAI1
14479,ENHO
14480,RP11-296L22.8
14481,CNTFR
14482,CNTFR-AS1
14483,RPP25L
14484,DCTN3
14485,ARID3C
14486,SIGMAR1
14487,GALT
14488,IL11RA
14489,CCL27
14490,RP11-195F19.5
14491,RP11-195F19.9
14492,CCL19
14493,CCL21
14494,FAM205A
14495,FAM205C
14496,PHF24
14497,DNAJB5-AS1
14498,DNAJB5
14499,C9orf131
14500,VCP
14501,FANCG
14502,PIGO
14503,RP11-182N22.8
14504,STOML2
14505,FAM214B
14506,UNC13B
14507,RUSC2
14508,FAM166B
14509,TESK1
14510,CD72
14511,RP11-331F9.3
14512,RP11-331F9.4
14513,SIT1
14514,RMRP
14515,CCDC107
14516,ARHGEF39
14517,CA9
14518,TPM2
14519,TLN1
14520,CREB3
14521,GBA2
14522,RGP1
14523,MSMP
14524,RP11-112J3.15
14525,RP11-112J3.16
14526,NPR2
14527,SPAG8
14528,HINT2
14529,TMEM8B
14530,FAM221B
14531,LINC00950
14532,OR13J1
14533,HRCT1
14534,LINC00961
14535,RP11-327L3.3
14536,OR2S2
14537,RECK
14538,GLIPR2
14539,CCIN
14540,CLTA
14541,GNE
14542,RNF38
14543,MELK
14544,PAX5
14545,RP11-344B23.2
14546,RP11-297B17.3
14547,LINC01400
14548,RP11-220I1.5
14549,EBLN3
14550,RP11-220I1.2
14551,ZCCHC7
14552,LINC01627
14553,GRHPR
14554,ZBTB5
14555,POLR1E
14556,RP11-613M10.6
14557,FBXO10
14558,RP11-613M10.8
14559,RP11-613M10.9
14560,FRMPD1
14561,TRMT10B
14562,DCAF10
14563,RP11-113O24.3
14564,ALDH1B1
14565,IGFBPL1
14566,FAM95C
14567,ANKRD18A
14568,FAM201A
14569,RP11-402N8.1
14570,CNTNAP3
14571,FAM74A1
14572,RP11-347J14.8
14573,GLIDR
14574,RP11-216M21.5
14575,ANKRD20A2
14576,FAM95B1
14577,AC129778.2
14578,BMS1P14
14579,CH17-80A12.1
14580,RP11-318K12.2
14581,PGM5P2
14582,PGM5-AS1
14583,BX255923.3
14584,FOXD4L6
14585,CBWD7
14586,RP11-4L24.3
14587,RP11-187C18.5
14588,RP11-157L3.12
14589,CNTNAP3B
14590,SPATA31A6
14591,FAM74A7
14592,RP11-286O1.1
14593,RP11-475I24.3
14594,RP11-475I24.8
14595,RP11-175I6.5
14596,RP11-459O16.9
14597,RP11-459O16.8
14598,FP325317.1
14599,RP11-144A16.6
14600,FAM74A6
14601,RP11-144A16.8
14602,RP11-101E5.6
14603,RP11-101E5.1
14604,RP11-160N1.9
14605,RP11-160N1.10
14606,FAM27C
14607,RP11-374M1.5
14608,RP11-374M1.4
14609,RP11-374M1.3
14610,RP11-449H15.2
14611,RP11-111F5.3
14612,RP11-111F5.4
14613,RP11-111F5.8
14614,LINC01189
14615,RP11-211N8.2
14616,LINC01410
14617,RP11-262H14.3
14618,RP11-262H14.4
14619,RP11-381O7.3
14620,RP11-149F8.5
14621,RP11-764K9.1
14622,ANKRD20A4
14623,FOXD4L5
14624,CBWD5
14625,FOXD4L4
14626,RP11-15E1.5
14627,ANKRD20A3
14628,RP11-327I22.5
14629,ZNF658
14630,RP11-395E19.6
14631,RP11-395E19.2
14632,RP11-118H15.1
14633,ANKRD20A1
14634,RP11-561O23.8
14635,CBWD3
14636,FOXD4L3
14637,RP11-561O23.5
14638,PGM5
14639,PGM5-AS1.1
14640,RP11-88I18.2
14641,TMEM252
14642,RP11-274B18.4
14643,LINC01506
14644,PIP5K1B
14645,RP11-203L2.4
14646,PRKACG
14647,FXN
14648,TJP2
14649,BANCR
14650,FAM189A2
14651,APBA1
14652,RP11-470P21.2
14653,RP11-109D9.4
14654,PTAR1
14655,C9orf135-AS1
14656,C9orf135
14657,MAMDC2-AS1
14658,MAMDC2
14659,SMC5-AS1
14660,SMC5
14661,KLF9
14662,TRPM3
14663,TMEM2
14664,ABHD17B
14665,C9orf85
14666,C9orf57
14667,GDA
14668,RP11-63P12.7
14669,LINC01504
14670,ZFAND5
14671,TMC1
14672,LINC01474
14673,ALDH1A1
14674,ANXA1
14675,RP11-128I7.1
14676,RP11-171A24.2
14677,RORB-AS1
14678,RORB
14679,TRPM6
14680,C9orf40
14681,C9orf41-AS1
14682,CARNMT1
14683,NMRK1
14684,OSTF1
14685,RP11-470F18.1
14686,PCSK5
14687,RFK
14688,GCNT1
14689,PRUNE2
14690,PCA3
14691,VPS13A-AS1
14692,VPS13A
14693,GNA14
14694,GNA14-AS1
14695,GNAQ
14696,CEP78
14697,PSAT1
14698,RP11-165H23.1
14699,RP11-375O18.2
14700,TLE4
14701,RP11-403N16.2
14702,RP11-403N16.3
14703,RP11-327L9.1
14704,LINC01507
14705,RP11-289F5.1
14706,TLE1
14707,RP11-154D17.1
14708,RP11-383M4.6
14709,SPATA31D3
14710,RP11-15B24.5
14711,RASEF
14712,RP11-439K3.1
14713,FRMD3
14714,RP11-439K3.3
14715,IDNK
14716,UBQLN1
14717,RP11-522I20.3
14718,GKAP1
14719,RP11-575L7.2
14720,RP11-575L7.4
14721,KIF27
14722,C9orf64
14723,HNRNPK
14724,RP11-575L7.8
14725,RMI1
14726,RP11-158D2.2
14727,SLC28A3
14728,RP11-380F14.2
14729,NTRK2
14730,AGTPBP1
14731,RP11-202I11.2
14732,RP11-213G2.2
14733,NAA35
14734,GOLM1
14735,C9orf153
14736,ISCA1
14737,ZCCHC6
14738,RP11-359J6.1
14739,RP11-395D3.1
14740,GAS1
14741,GAS1RR
14742,RP11-276H19.2
14743,C9orf170
14744,DAPK1
14745,CTSL
14746,XXyac-YM21GA2.3
14747,XXyac-YM21GA2.7
14748,XXyac-YM21GA2.4
14749,SPATA31E1
14750,CDK20
14751,SPIN1
14752,NXNL2
14753,RP13-60M5.2
14754,RP11-791O21.5
14755,C9orf47
14756,S1PR3
14757,SHC3
14758,CKS2
14759,SECISBP2
14760,SEMA4D
14761,GADD45G
14762,UNQ6494
14763,RP5-1050E16.2
14764,RP11-406A20.1
14765,MIR4290HG
14766,LINC01508
14767,LINC01501
14768,DIRAS2
14769,SYK
14770,RP11-367F23.1
14771,RP11-367F23.2
14772,RP11-305L7.1
14773,RP11-305L7.6
14774,RP11-305L7.3
14775,RP11-305L7.7
14776,AUH
14777,NFIL3
14778,RP11-440G5.2
14779,ROR2
14780,SPTLC1
14781,LINC00475
14782,RP11-100G15.10
14783,RP11-62C3.6
14784,IARS
14785,NOL8
14786,CENPP
14787,OGN
14788,OMD
14789,ASPN
14790,ECM2
14791,IPPK
14792,BICD2
14793,ZNF484
14794,FGD3
14795,SUSD3
14796,CARD19
14797,NINJ1
14798,RP11-370F5.4
14799,WNK2
14800,C9orf129
14801,RP11-165J3.5
14802,RP11-165J3.6
14803,FAM120AOS
14804,FAM120A
14805,PHF2
14806,RP11-53B5.1
14807,BARX1
14808,PTPDC1
14809,RP11-2B6.3
14810,MIRLET7DHG
14811,ZNF169
14812,NUTM2F
14813,RP11-307E17.8
14814,MFSD14B
14815,PCAT7
14816,FBP2
14817,FBP1
14818,C9orf3
14819,RP11-54O15.3
14820,FANCC
14821,RP11-80I15.4
14822,RP11-435O5.7
14823,RP11-435O5.2
14824,PTCH1
14825,RP11-435O5.6
14826,RP11-435O5.5
14827,RP11-435O5.4
14828,RP11-332M4.1
14829,RP11-180I4.2
14830,RP11-180I4.4
14831,ERCC6L2
14832,LINC00092
14833,RP11-569G13.2
14834,RP11-569G13.3
14835,HSD17B3
14836,RP11-240L7.4
14837,SLC35D2
14838,ZNF367
14839,HABP4
14840,CDC14B
14841,AAED1
14842,RP11-535M15.1
14843,ZNF510
14844,ZNF782
14845,MFSD14C
14846,NUTM2G
14847,CTSV
14848,RP11-498P14.3
14849,RP11-498P14.5
14850,RP11-498P14.4
14851,CCDC180
14852,TDRD7
14853,TMOD1
14854,RP11-244N9.6
14855,TSTD2
14856,NCBP1
14857,RP11-244N9.4
14858,XPA
14859,RP11-546O6.4
14860,PTCSC2
14861,TRMO
14862,HEMGN
14863,ANP32B
14864,RP11-535C21.3
14865,NANS
14866,TRIM14
14867,CORO2A
14868,TBC1D2
14869,GABBR2
14870,ANKS6
14871,GALNT12
14872,RP11-92C4.3
14873,COL15A1
14874,RP11-92C4.6
14875,TGFBR1
14876,ALG2
14877,SEC61B
14878,NAMA
14879,RP11-547C13.1
14880,RP11-554F20.1
14881,NR4A3
14882,STX17-AS1
14883,STX17
14884,RP11-60I3.4
14885,ERP44
14886,INVS
14887,TEX10
14888,MSANTD3
14889,MSANTD3-TMEFF1
14890,MURC
14891,PLPPR1
14892,BAAT
14893,MRPL50
14894,ZNF189
14895,ALDOB
14896,TMEM246-AS1
14897,TMEM246
14898,RNF20
14899,GRIN3A
14900,LINC00587
14901,CYLC2
14902,LINC01492
14903,RP11-436F21.1
14904,SMC2-AS1
14905,SMC2
14906,OR13F1
14907,RP11-317C20.9
14908,OR13C4
14909,OR13C3
14910,OR13C5
14911,OR13C2
14912,OR13C9
14913,OR13D1
14914,NIPSNAP3A
14915,NIPSNAP3B
14916,ABCA1
14917,RP11-217B7.2
14918,RP11-217B7.3
14919,SLC44A1
14920,FSD1L
14921,RP11-235C23.5
14922,FKTN
14923,TAL2
14924,TMEM38B
14925,RP11-6F6.1
14926,RP11-308N19.1
14927,RP11-540H22.2
14928,LINC01505
14929,ZNF462
14930,RP11-508N12.2
14931,RP11-196I18.4
14932,RAD23B
14933,LINC01509
14934,KLF4
14935,RP11-505C13.1
14936,RP11-339N8.1
14937,ACTL7B
14938,ACTL7A
14939,IKBKAP
14940,FAM206A
14941,CTNNAL1
14942,TMEM245
14943,FRRS1L
14944,EPB41L4B
14945,PTPN3
14946,PALM2
14947,RP11-406O23.2
14948,PALM2-AKAP2
14949,C9orf152
14950,TXN
14951,TXNDC8
14952,SVEP1
14953,RP11-410K21.2
14954,MUSK
14955,LPAR1
14956,RP11-202G18.1
14957,OR2K2
14958,KIAA0368
14959,ZNF483
14960,PTGR1
14961,DNAJC25
14962,DNAJC25-GNG10
14963,GNG10
14964,C9orf84
14965,UGCG
14966,SUSD1
14967,PTBP3
14968,HSDL2
14969,C9orf147
14970,KIAA1958
14971,INIP
14972,RP11-276E15.4
14973,SNX30
14974,SLC46A2
14975,RP11-408O19.5
14976,ZNF883
14977,ZFP37
14978,FAM225B
14979,FAM225A
14980,SLC31A2
14981,FKBP15
14982,SLC31A1
14983,CDC26
14984,PRPF4
14985,RNF183
14986,WDR31
14987,BSPRY
14988,HDHD3
14989,ALAD
14990,POLE3
14991,C9orf43
14992,RGS3
14993,RP11-168K11.2
14994,RP11-18B16.2
14995,ZNF618
14996,AMBP
14997,KIF12
14998,COL27A1
14999,ORM1
15000,ORM2
15001,AKNA
15002,RP11-9M16.2
15003,DFNB31
15004,ATP6V1G1
15005,C9orf91
15006,RP11-402G3.5
15007,RP11-402G3.3
15008,TNFSF15
15009,TNFSF8
15010,TNC
15011,RP11-523L1.2
15012,DEC1
15013,RP11-284G10.1
15014,LINC00474
15015,PAPPA
15016,PAPPA-AS2
15017,RP11-45A16.4
15018,PAPPA-AS1
15019,ASTN2
15020,ASTN2-AS1
15021,RP11-67K19.3
15022,TRIM32
15023,RP11-500B12.1
15024,TLR4
15025,RP11-281A20.2
15026,RP11-281A20.1
15027,RP11-349E4.1
15028,RP11-127L21.1
15029,BRINP1
15030,RP11-295D22.1
15031,CDK5RAP2
15032,MEGF9
15033,FBXW2
15034,PSMD5
15035,PSMD5-AS1
15036,PHF19
15037,TRAF1
15038,C5
15039,CNTRL
15040,RAB14
15041,GSN
15042,GSN-AS1
15043,STOM
15044,RP11-162D16.2
15045,DAB2IP
15046,RP11-524G24.2
15047,TTLL11
15048,NDUFA8
15049,MORN5
15050,LHX6
15051,RBM18
15052,MRRF
15053,PTGS1
15054,RP11-542K23.10
15055,RP11-542K23.7
15056,RP11-542K23.9
15057,OR1J1
15058,OR1J4
15059,OR1N1
15060,OR1N2
15061,OR1L8
15062,RP11-64P14.7
15063,OR1L1
15064,OR1L4
15065,OR5C1
15066,PDCL
15067,RC3H2
15068,ZBTB6
15069,ZBTB26
15070,RABGAP1
15071,STRBP
15072,CRB2
15073,DENND1A
15074,RP11-230L22.4
15075,RP11-417B4.2
15076,LHX2
15077,RP11-85O21.2
15078,RP11-85O21.5
15079,NEK6
15080,RP11-121A14.2
15081,PSMB7
15082,ADGRD2
15083,NR5A1
15084,RP11-10J18.3
15085,NR6A1
15086,MIR181A2HG
15087,RP11-175D17.3
15088,OLFML2A
15089,WDR38
15090,RPL35
15091,ARPC5L
15092,GOLGA1
15093,SCAI
15094,PPP6C
15095,RABEPK
15096,HSPA5
15097,RP11-65N13.8
15098,GAPVD1
15099,MAPKAP1
15100,RP11-12A16.3
15101,PBX3
15102,RP11-343J18.2
15103,RP11-343J18.1
15104,MVB12B
15105,RP11-205K6.1
15106,RP11-205K6.2
15107,RP11-123K19.1
15108,LMX1B
15109,ZBTB43
15110,ZBTB34
15111,RALGPS1
15112,ANGPTL2
15113,RP13-225O21.2
15114,GARNL3
15115,SLC2A8
15116,ZNF79
15117,RPL12
15118,LRSAM1
15119,FAM129B
15120,STXBP1
15121,RP11-56D16.8
15122,PTRH1
15123,CFAP157
15124,TTC16
15125,TOR2A
15126,SH2D3C
15127,AL162426.1
15128,CDK9
15129,FPGS
15130,ENG
15131,RP11-228B15.4
15132,AK1
15133,ST6GALNAC6
15134,ST6GALNAC4
15135,PIP5KL1
15136,RP11-203J24.8
15137,DPM2
15138,FAM102A
15139,RP11-379C10.1
15140,NAIF1
15141,SLC25A25
15142,RP11-379C10.4
15143,SLC25A25-AS1
15144,PTGES2
15145,PTGES2-AS1
15146,LCN2
15147,C9orf16
15148,CIZ1
15149,DNM1
15150,GOLGA2
15151,SWI5
15152,TRUB2
15153,RP11-339B21.13
15154,COQ4
15155,SLC27A4
15156,URM1
15157,MIR219A2
15158,CERCAM
15159,ODF2
15160,ODF2-AS1
15161,GLE1
15162,RP11-216B9.6
15163,SPTAN1
15164,RP11-216B9.9
15165,WDR34
15166,HMGA1P4
15167,SET
15168,PKN3
15169,ZDHHC12
15170,RP11-545E17.3
15171,ZER1
15172,TBC1D13
15173,ENDOG
15174,C9orf114
15175,CCBL1
15176,LRRC8A
15177,PHYHD1
15178,RP11-101E3.5
15179,DOLK
15180,NUP188
15181,RP11-167N5.5
15182,SH3GLB2
15183,FAM73B
15184,DOLPP1
15185,CRAT
15186,RP11-247A12.1
15187,PPP2R4
15188,RP11-247A12.7
15189,IER5L
15190,RP11-247A12.8
15191,RP11-247A12.2
15192,RP11-344B5.4
15193,RP11-344B5.3
15194,RP11-344B5.2
15195,C9orf106
15196,RP11-65J3.15
15197,LINC01503
15198,RP11-65J3.3
15199,RP11-65J3.2
15200,RP11-492E3.51
15201,RP11-492E3.2
15202,NTMT1
15203,C9orf50
15204,ASB6
15205,RP11-483H20.4
15206,PRRX2
15207,PRRX2-AS1
15208,PTGES
15209,TOR1B
15210,TOR1A
15211,C9orf78
15212,USP20
15213,FNBP1
15214,RP11-409K20.6
15215,RP11-138E2.1
15216,GPR107
15217,RP11-88G17.6
15218,NCS1
15219,HMCN2
15220,ASS1
15221,FUBP3
15222,PRDM12
15223,EXOSC2
15224,ABL1
15225,QRFP
15226,FIBCD1
15227,RP11-83J21.3
15228,LAMC3
15229,AIF1L
15230,NUP214
15231,RP11-544A12.4
15232,RP11-544A12.8
15233,FAM78A
15234,PLPP7
15235,PRRC2B
15236,RP11-334J6.7
15237,POMT1
15238,RP11-334J6.6
15239,UCK1
15240,RAPGEF1
15241,RP11-323H21.3
15242,MED27
15243,NTNG2
15244,SETX
15245,TTF1
15246,CFAP77
15247,BARHL1
15248,DDX31
15249,GTF3C4
15250,AK8
15251,C9orf9
15252,TSC1
15253,GFI1B
15254,GTF3C5
15255,CEL
15256,RALGDS
15257,GBGT1
15258,OBP2B
15259,ABO
15260,SURF6
15261,MED22
15262,RPL7A
15263,SURF1
15264,SURF2
15265,SURF4
15266,STKLD1
15267,REXO4
15268,ADAMTS13
15269,CACFD1
15270,SLC2A6
15271,TMEM8C
15272,ADAMTSL2
15273,FAM163B
15274,LL09NC01-254D11.1
15275,DBH
15276,DBH-AS1
15277,SARDH
15278,VAV2
15279,LINC00094
15280,BRD3
15281,RP11-374P20.4
15282,LL09NC01-251B2.3
15283,WDR5
15284,LL09NC01-139C3.1
15285,RP11-145E17.2
15286,RXRA
15287,RP11-473E2.2
15288,RP11-473E2.4
15289,COL5A1
15290,COL5A1-AS1
15291,FCN2
15292,FCN1
15293,RP11-447M12.2
15294,OLFM1
15295,RP11-399H11.3
15296,RP11-399H11.2
15297,C9orf62
15298,PPP1R26-AS1
15299,PPP1R26
15300,C9orf116
15301,MRPS2
15302,RP11-426A6.5
15303,LCN1
15304,OBP2A
15305,PAEP
15306,LINC01502
15307,GLT6D1
15308,LCN9
15309,SOHLH1
15310,KCNT1
15311,CAMSAP1
15312,RP11-432J22.2
15313,UBAC1
15314,NACC2
15315,RP11-83N9.5
15316,C9orf69
15317,RP11-83N9.6
15318,LHX3
15319,QSOX2
15320,WI2-1959D15.1
15321,CR392000.1
15322,CCDC187
15323,DKFZP434A062
15324,GPSM1
15325,DNLZ
15326,CARD9
15327,SNAPC4
15328,SDCCAG3
15329,PMPCA
15330,INPP5E
15331,SEC16A
15332,C9orf163
15333,NOTCH1
15334,RP11-413M3.4
15335,NALT1
15336,LINC01451
15337,RP11-251M1.1
15338,EGFL7
15339,AGPAT2
15340,FAM69B
15341,SNHG7
15342,LCN8
15343,LCN15
15344,TMEM141
15345,RP11-216L13.17
15346,CCDC183
15347,CCDC183-AS1
15348,RABL6
15349,EDF1
15350,FBXW5
15351,RP11-229P13.19
15352,PTGDS
15353,LCNL1
15354,C9orf142
15355,CLIC3
15356,ABCA2
15357,C9orf139
15358,FUT7
15359,RP11-229P13.27
15360,NPDC1
15361,ENTPD2
15362,RP11-229P13.15
15363,RP11-229P13.22
15364,SAPCD2
15365,RP11-229P13.23
15366,UAP1L1
15367,MAN1B1-AS1
15368,MAN1B1
15369,DPP7
15370,GRIN1
15371,LRRC26
15372,TMEM210
15373,ANAPC2
15374,SSNA1
15375,TPRN
15376,TMEM203
15377,NDOR1
15378,RNF208
15379,CYSRT1
15380,RNF224
15381,SLC34A3
15382,TUBB4B
15383,FAM166A
15384,C9orf173-AS1
15385,C9orf173
15386,NELFB
15387,TOR4A
15388,NRARP
15389,EXD3
15390,NOXA1
15391,ENTPD8
15392,NSMF
15393,PNPLA7
15394,MRPL41
15395,DPH7
15396,ZMYND19
15397,ARRDC1
15398,ARRDC1-AS1
15399,EHMT1
15400,RP11-188C12.3
15401,CACNA1B
15402,RP11-885N19.6
15403,FAM157B
15404,RP11-304M2.6
15405,LINC01001
15406,RP11-304M2.3
15407,BET1L
15408,ODF3
15409,RP11-304M2.5
15410,RIC8A
15411,SIRT3
15412,PSMD13
15413,NLRP6
15414,RP11-326C3.2
15415,ATHL1
15416,IFITM5
15417,IFITM2
15418,RP11-326C3.7
15419,RP11-326C3.11
15420,IFITM3
15421,RP11-326C3.12
15422,RP11-326C3.15
15423,B4GALNT4
15424,PKP3
15425,SIGIRR
15426,ANO9
15427,PTDSS2
15428,RP13-317D12.3
15429,RNH1
15430,HRAS
15431,LRRC56
15432,LMNTD2
15433,RP11-496I9.1
15434,RASSF7
15435,MIR210HG
15436,PHRF1
15437,IRF7
15438,CDHR5
15439,SCT
15440,DRD4
15441,DEAF1
15442,RP11-754B17.1
15443,EPS8L2
15444,AP006621.9
15445,TALDO1
15446,PDDC1
15447,AP006621.5
15448,CEND1
15449,SLC25A22
15450,PANO1
15451,PIDD1
15452,RPLP2
15453,PNPLA2
15454,AP006621.8
15455,CRACR2B
15456,CD151
15457,POLR2L
15458,TSPAN4
15459,RP11-1391J7.1
15460,CHID1
15461,AP2A2
15462,MUC6
15463,RP13-870H17.3
15464,MUC5AC
15465,MUC5B
15466,RP11-532E4.2
15467,TOLLIP
15468,TOLLIP-AS1
15469,BRSK2
15470,MOB2
15471,DUSP8
15472,KRTAP5-AS1
15473,KRTAP5-1
15474,KRTAP5-2
15475,KRTAP5-3
15476,KRTAP5-4
15477,KRTAP5-5
15478,KRTAP5-6
15479,IFITM10
15480,RP11-295K3.1
15481,CTSD
15482,AC068580.6
15483,SYT8
15484,TNNI2
15485,LSP1
15486,LINC01150
15487,TNNT3
15488,MRPL23
15489,MRPL23-AS1
15490,LINC01219
15491,IGF2
15492,INS-IGF2
15493,TH
15494,ASCL2
15495,C11orf21
15496,TSPAN32
15497,CD81-AS1
15498,CD81
15499,TSSC4
15500,AC124057.5
15501,TRPM5
15502,KCNQ1
15503,KCNQ1OT1
15504,KCNQ1-AS1
15505,KCNQ1DN
15506,CDKN1C
15507,SLC22A18AS
15508,SLC22A18
15509,PHLDA2
15510,NAP1L4
15511,CTC-343N3.1
15512,CARS
15513,CARS-AS1
15514,OSBPL5
15515,MRGPRG-AS1
15516,MRGPRE
15517,ZNF195
15518,RP13-726E6.1
15519,RP13-726E6.2
15520,ART5
15521,ART1
15522,CHRNA10
15523,NUP98
15524,PGAP2
15525,RHOG
15526,AC090587.5
15527,STIM1
15528,RRM1
15529,RRM1-AS1
15530,RP11-23F23.2
15531,AC009758.1
15532,TRIM21
15533,C11orf40
15534,OR52I2
15535,TRIM68
15536,OR51E1
15537,OR51E2
15538,MMP26
15539,OR51H1
15540,OR52A5
15541,OR52A1
15542,AC104389.16
15543,HBB
15544,HBD
15545,HBG2
15546,OR51M1
15547,OR51J1
15548,OR52D1
15549,OR52B6
15550,TRIM6-TRIM34
15551,TRIM5
15552,TRIM22
15553,OR56B1
15554,OR52N4
15555,OR52N2
15556,AC025016.1
15557,OR56A1
15558,OR56B4
15559,RP11-290F24.6
15560,C11orf42
15561,FAM160A2
15562,CNGA4
15563,CCKBR
15564,PRKCDBP
15565,RP11-304C12.5
15566,SMPD1
15567,APBB1
15568,HPX
15569,TRIM3
15570,ARFIP2
15571,TIMM10B
15572,TIMM10B.1
15573,DNHD1
15574,RRP8
15575,RP11-732A19.8
15576,ILK
15577,TAF10
15578,TPP1
15579,RP11-732A19.9
15580,DCHS1
15581,RP11-732A19.5
15582,RP11-732A19.6
15583,MRPL17
15584,OR2AG1
15585,OR6A2
15586,OR10A5
15587,OR10A2
15588,OR10A4
15589,OR2D2
15590,OR2D3
15591,ZNF215
15592,ZNF214
15593,NLRP14
15594,RBMXL2
15595,RP11-324J3.1
15596,SYT9
15597,CTD-2516F10.2
15598,OLFML1
15599,PPFIBP2
15600,CTD-2516F10.4
15601,CYB5R2
15602,OVCH2
15603,RP11-35J10.5
15604,RP11-35J10.4
15605,OR10A6
15606,OR10A3
15607,NLRP10
15608,EIF3F
15609,CASC23
15610,TUB
15611,RP11-236J17.6
15612,RIC3
15613,RP11-379P15.1
15614,LMO1
15615,STK33
15616,TRIM66
15617,RP11-152H18.4
15618,RPL27A
15619,ST5
15620,RP11-318C2.1
15621,AKIP1
15622,C11orf16
15623,TMEM9B
15624,TMEM9B-AS1
15625,NRIP3
15626,RP11-467K18.2
15627,SCUBE2
15628,DENND5A
15629,TMEM41B
15630,IPO7
15631,CTD-2371O3.2
15632,CTD-2371O3.3
15633,ZNF143
15634,WEE1
15635,SWAP70
15636,RP11-540A21.2
15637,SBF2-AS1
15638,SBF2
15639,RP11-1H15.2
15640,RP11-748C4.1
15641,ADM
15642,AMPD3
15643,MTRNR2L8
15644,RNF141
15645,MRVI1-AS1
15646,LYVE1
15647,MRVI1
15648,CTR9
15649,RP11-685M7.5
15650,EIF4G2
15651,RP11-685M7.3
15652,ZBED5
15653,ZBED5-AS1
15654,CTD-2003C8.2
15655,RP11-179A10.1
15656,CTD-3224I3.3
15657,GALNT18
15658,RP11-567I13.1
15659,RP11-483L5.1
15660,USP47
15661,DKK3
15662,RP13-631K18.2
15663,RP13-631K18.3
15664,RP13-631K18.5
15665,MICAL2
15666,RP11-265D17.2
15667,MICALCL
15668,PARVA
15669,RP11-51B23.3
15670,TEAD1
15671,RP11-47J17.3
15672,RP11-47J17.2
15673,LINC00958
15674,CTC-497E21.3
15675,RASSF10
15676,CTC-497E21.5
15677,ARNTL
15678,BTBD10
15679,PTH
15680,FAR1
15681,RP11-98J9.1
15682,RP11-98J9.2
15683,RP11-231N3.1
15684,SPON1
15685,RP11-21L19.1
15686,RRAS2
15687,COPB1
15688,RP11-140L24.4
15689,PSMA1
15690,PDE3B
15691,CYP2R1
15692,CALCB
15693,CALCA
15694,INSC
15695,RP11-531H8.1
15696,RP11-531H8.2
15697,RP11-396O20.1
15698,RP11-396O20.2
15699,RP11-222N13.1
15700,SOX6
15701,CTD-3096P4.1
15702,C11orf58
15703,PLEKHA7
15704,RPS13
15705,PIK3C2A
15706,NUCB2
15707,NCR3LG1
15708,RP1-239B22.5
15709,KCNJ11
15710,ABCC8
15711,USH1C
15712,OTOG
15713,MYOD1
15714,KCNC1
15715,SERGEF
15716,TPH1
15717,SAAL1
15718,MRGPRX3
15719,RP11-113D6.6
15720,MRGPRX4
15721,SAA4
15722,SAA2-SAA4
15723,SAA1
15724,HPS5
15725,GTF2H1
15726,LDHA
15727,LDHC
15728,LDHAL6A
15729,TSG101
15730,UEVLD
15731,SPTY2D1-AS1
15732,SPTY2D1
15733,TMEM86A
15734,IGSF22
15735,RP11-1081L13.4
15736,PTPN5
15737,RP11-583F24.8
15738,MRGPRX2
15739,ZDHHC13
15740,CSRP3
15741,RP11-428C19.4
15742,E2F8
15743,RP11-428C19.5
15744,NAV2
15745,NAV2-AS5
15746,NAV2-AS4
15747,RP11-359E10.1
15748,NAV2-AS3
15749,NAV2-AS2
15750,NAV2-AS1
15751,HTATIP2
15752,PRMT3
15753,SLC6A5
15754,NELL1
15755,RP11-701I24.3
15756,RP11-670N15.1
15757,CTD-2019O4.1
15758,ANO5
15759,CTD-3064C13.1
15760,CTD-2140G10.2
15761,SLC17A6
15762,CTD-2140G10.4
15763,LINC01495
15764,RP11-34N19.1
15765,FANCF
15766,GAS2
15767,SVIP
15768,RP11-17A1.3
15769,CCDC179
15770,RP11-266A24.1
15771,RP11-945A11.1
15772,RP11-945A11.2
15773,RP11-2F20.1
15774,LUZP2
15775,RP11-405K6.1
15776,RP11-20J1.1
15777,CTD-2507G9.1
15778,RP11-430L3.1
15779,ANO3
15780,MUC15
15781,SLC5A12
15782,FIBIN
15783,BBOX1
15784,BBOX1-AS1
15785,CCDC34
15786,LGR4
15787,RP11-159H22.2
15788,LIN7C
15789,BDNF-AS
15790,LINC00678
15791,BDNF
15792,RP11-406D1.2
15793,KIF18A
15794,METTL15
15795,RP11-960D24.1
15796,RP11-115J23.1
15797,RP11-466I1.1
15798,RP11-460B17.3
15799,RP11-460B17.2
15800,CTD-3012A18.1
15801,RP5-1027O15.1
15802,CTD-3138F19.1
15803,LINC01616
15804,KCNA4
15805,RP11-624D11.2
15806,FSHB
15807,ARL14EP
15808,MPPED2
15809,RP4-710M3.2
15810,RP5-1024C24.1
15811,DCDC1
15812,RP1-296L11.1
15813,DNAJC24
15814,IMMP1L
15815,ELP4
15816,Z83001.1
15817,PAX6
15818,RCN1
15819,RP1-17K7.2
15820,RP1-65P5.3
15821,RP1-65P5.5
15822,WT1
15823,WT1-AS
15824,EIF3M
15825,CCDC73
15826,PRRG4
15827,QSER1
15828,DEPDC7
15829,TCP11L1
15830,AC131263.1
15831,CSTF3
15832,CSTF3-AS1
15833,HIPK3
15834,KIAA1549L
15835,RP4-541C22.5
15836,CD59
15837,FBXO3
15838,FBXO3-AS1
15839,RP11-646J21.6
15840,RP11-646J21.4
15841,RP11-646J21.2
15842,LMO2
15843,CAPRIN1
15844,NAT10
15845,ABTB2
15846,CAT
15847,ELF5
15848,RP4-594L9.2
15849,RP11-350D17.2
15850,EHF
15851,APIP
15852,PDHX
15853,RP4-607I7.1
15854,CD44
15855,RP1-68D18.4
15856,SLC1A2
15857,RP1-68D18.3
15858,RP4-683L5.1
15859,PAMR1
15860,RP5-945I17.2
15861,FJX1
15862,RP1-276E15.1
15863,TRIM44
15864,RP11-698N11.2
15865,LDLRAD3
15866,COMMD9
15867,PRR5L
15868,RP11-514F3.4
15869,TRAF6
15870,RAG1
15871,RAG2
15872,C11orf74
15873,RP11-159D8.1
15874,RP11-277K23.1
15875,LINC01493
15876,LRRC4C
15877,RP11-63C8.1
15878,RP11-124G5.3
15879,LINC01499
15880,RP11-375D13.4
15881,RP11-375D13.3
15882,RP11-148I19.1
15883,CTD-2572N17.1
15884,API5
15885,RP11-484D2.2
15886,TTC17
15887,RP11-484D2.5
15888,HSD17B12
15889,RP11-613D13.5
15890,ALKBH3
15891,ALKBH3-AS1
15892,C11orf96
15893,RP11-613D13.8
15894,ACCSL
15895,ACCS
15896,EXT2
15897,ALX4
15898,CD82
15899,RP11-45A12.2
15900,TSPAN18
15901,TP53I11
15902,AC068858.1
15903,PRDM11
15904,CTD-2560E9.3
15905,SYT13
15906,CTD-2560E9.5
15907,RP11-430H10.1
15908,RP11-430H10.2
15909,RP11-430H10.4
15910,RP11-430H10.3
15911,RP11-958J22.3
15912,CHST1
15913,RP11-495O11.1
15914,CTD-2210P24.3
15915,DKFZp779M0652
15916,SLC35C1
15917,CTD-2210P24.6
15918,CRY2
15919,MAPK8IP1
15920,RP11-618K13.2
15921,C11orf94
15922,PEX16
15923,GYLTL1B
15924,PHF21A
15925,RP11-702F3.1
15926,RP11-702F3.3
15927,RP11-702F3.4
15928,CTD-2589M5.5
15929,CTD-2589M5.4
15930,CREB3L1
15931,DGKZ
15932,MDK
15933,CHRM4
15934,AMBRA1
15935,HARBI1
15936,ATG13
15937,ARHGAP1
15938,ZNF408
15939,F2
15940,CKAP5
15941,LRP4-AS1
15942,LRP4
15943,C11orf49
15944,RP11-390K5.3
15945,ARFGAP2
15946,PACSIN3
15947,DDB2
15948,RP11-17G12.2
15949,ACP2
15950,NR1H3
15951,MADD
15952,RP11-17G12.3
15953,MYBPC3
15954,SPI1
15955,RP11-750H9.5
15956,SLC39A13
15957,PSMC3
15958,RAPSN
15959,CELF1
15960,NDUFS3
15961,KBTBD4
15962,FAM180B
15963,C1QTNF4
15964,MTCH2
15965,AGBL2
15966,FNBP4
15967,NUP160
15968,PTPRJ
15969,PTPRJ-AS1
15970,OR4C3
15971,TRIM49B
15972,FOLH1
15973,OR4C13
15974,RP11-347H15.4
15975,TRIM48
15976,RP11-674C21.9
15977,OR5D13
15978,TRIM51
15979,OR5F1
15980,OR5M3
15981,OR5AP2
15982,AP000479.1
15983,LRRC55
15984,APLNR
15985,TNKS1BP1
15986,RP11-872D17.4
15987,SSRP1
15988,P2RX3
15989,PRG3
15990,PRG2
15991,RP11-872D17.8
15992,SLC43A3
15993,RTN4RL2
15994,RP11-624G17.3
15995,SLC43A1
15996,TIMM10
15997,SMTNL1
15998,UBE2L6
15999,SERPING1
16000,YPEL4
16001,CLP1
16002,ZDHHC5
16003,MED19
16004,TMX2
16005,TMX2-CTNND1
16006,BTBD18
16007,CTNND1
16008,OR9Q1
16009,RP11-659P15.1
16010,OR10Q1
16011,OR5B2
16012,OR5B12
16013,RP11-655C2.3
16014,OR5B21
16015,LPXN
16016,ZFP91
16017,ZFP91-CNTF
16018,CMB9-55A18.1
16019,CNTF
16020,GLYAT
16021,GLYATL2
16022,GLYATL1
16023,RP11-780O24.2
16024,RP11-142C4.6
16025,GLYATL1P3
16026,FAM111B
16027,AP001258.4
16028,FAM111A
16029,DTX4
16030,MPEG1
16031,RP11-1036E20.9
16032,OR5A1
16033,AP000442.4
16034,OSBP
16035,AP000442.1
16036,PATL1
16037,OR10V1
16038,STX3
16039,AP000640.10
16040,MRPL16
16041,GIF
16042,TCN1
16043,RP11-736I10.1
16044,OOSP2
16045,MS4A3
16046,MS4A2
16047,AP001257.1
16048,MS4A6A
16049,MS4A4E
16050,MS4A4A
16051,MS4A6E
16052,MS4A14
16053,MS4A5
16054,MS4A1
16055,MS4A12
16056,MS4A13
16057,LINC00301
16058,MS4A8
16059,MS4A18
16060,MS4A15
16061,MS4A10
16062,RP11-804A23.1
16063,RP11-804A23.2
16064,RP11-804A23.4
16065,CCDC86
16066,PTGDR2
16067,ZP1
16068,PRPF19
16069,RP11-881M11.2
16070,RP11-881M11.1
16071,TMEM109
16072,RP11-881M11.4
16073,TMEM132A
16074,SLC15A3
16075,CD6
16076,RP11-881M11.8
16077,CD5
16078,VPS37C
16079,PGA3
16080,PGA4
16081,PGA5
16082,VWCE
16083,DDB1
16084,TKFC
16085,CYB561A3
16086,TMEM138
16087,TMEM216
16088,CPSF7
16089,RP11-286N22.8
16090,PPP1R32
16091,RP11-286N22.10
16092,LRRC10B
16093,SYT7
16094,RP11-855O10.2
16095,RP11-855O10.3
16096,DAGLA
16097,DKFZP434K028
16098,MYRF
16099,TMEM258
16100,FEN1
16101,FADS2
16102,FADS1
16103,FADS3
16104,RAB3IL1
16105,BEST1
16106,FTH1
16107,RP11-810P12.5
16108,INCENP
16109,SCGB2A1
16110,RP11-703H8.9
16111,SCGB1D2
16112,SCGB2A2
16113,SCGB1D4
16114,RP11-703H8.7
16115,ASRGL1
16116,CTD-2531D15.5
16117,SCGB1A1
16118,CTD-2531D15.4
16119,AHNAK
16120,RP11-864I4.3
16121,RP11-864I4.4
16122,EEF1G
16123,RP11-864I4.1
16124,TUT1
16125,MTA2
16126,EML3
16127,RP11-831H9.3
16128,ROM1
16129,B3GAT3
16130,GANAB
16131,INTS5
16132,RP11-831H9.11
16133,LBHD1
16134,METTL12
16135,UQCC3
16136,UBXN1
16137,LRRN4CL
16138,HNRNPUL2-BSCL2
16139,GNG3
16140,TTC9C
16141,ZBTB3
16142,POLR2G
16143,RP11-727F15.11
16144,TAF6L
16145,TMEM223
16146,TMEM179B
16147,NXF1
16148,STX5
16149,RP11-727F15.9
16150,WDR74
16151,SLC3A2
16152,CHRM1
16153,AP000438.2
16154,SLC22A6
16155,SLC22A8
16156,SLC22A24
16157,SLC22A10
16158,SLC22A25
16159,SLC22A9
16160,HRASLS5
16161,LGALS12
16162,RARRES3
16163,HRASLS2
16164,PLA2G16
16165,RP11-697H9.3
16166,ATL3
16167,RP11-697H9.2
16168,RTN3
16169,C11orf95
16170,C11orf84
16171,MARK2
16172,RCOR2
16173,NAA40
16174,COX8A
16175,AP000721.4
16176,OTUB1
16177,MACROD1
16178,RP11-21A7A.2
16179,FLRT1
16180,STIP1
16181,FERMT3
16182,TRPT1
16183,NUDT22
16184,RP11-783K16.14
16185,DNAJC4
16186,VEGFB
16187,FKBP2
16188,PPP1R14B
16189,RP11-783K16.5
16190,RP11-783K16.13
16191,PLCB3
16192,BAD
16193,GPR137
16194,KCNK4
16195,TEX40
16196,ESRRA
16197,TRMT112
16198,PRDX5
16199,AP003774.1
16200,CCDC88B
16201,RPS6KA4
16202,AP003774.6
16203,AP003774.5
16204,AP003774.4
16205,AP005273.1
16206,SLC22A11
16207,SLC22A12
16208,NRXN2
16209,AP001092.4
16210,RASGRP2
16211,PYGM
16212,SF1
16213,AP001462.6
16214,MAP4K2
16215,MEN1
16216,CDC42BPG
16217,EHD1
16218,MIR194-2HG
16219,ATG2A
16220,PPP2R5B
16221,GPHA2
16222,C11orf85
16223,BATF2
16224,ARL2
16225,ARL2-SNX15
16226,SNX15
16227,SAC3D1
16228,NAALADL1
16229,CDCA5
16230,ZFPL1
16231,TMEM262
16232,VPS51
16233,AP003068.9
16234,TM7SF2
16235,ZNHIT2
16236,AP003068.12
16237,FAU
16238,SYVN1
16239,MRPL49
16240,SPDYC
16241,AP003068.23
16242,CAPN1
16243,POLA2
16244,CDC42EP2
16245,DPF2
16246,TIGD3
16247,RP11-867O8.5
16248,SLC25A45
16249,FRMD8
16250,NEAT1
16251,CMB9-22P13.1
16252,MALAT1
16253,AP000769.7
16254,AP000769.1
16255,SCYL1
16256,LTBP3
16257,SSSCA1
16258,FAM89B
16259,EHBP1L1
16260,SIPA1
16261,KCNK7
16262,MAP3K11
16263,RELA
16264,KAT5
16265,RNASEH2C
16266,RP11-770G2.2
16267,AP5B1
16268,OVOL1
16269,OVOL1-AS1
16270,RP11-770G2.5
16271,CFL1
16272,SNX32
16273,MUS81
16274,EFEMP2
16275,CTSW
16276,FIBP
16277,CCDC85B
16278,FOSL1
16279,C11orf68
16280,DRAP1
16281,TSGA10IP
16282,SART1
16283,EIF1AD
16284,BANF1
16285,CST6
16286,CATSPER1
16287,GAL3ST3
16288,SF3B2
16289,RP11-1167A19.2
16290,PACS1
16291,RP11-755F10.1
16292,KLC2
16293,RP11-755F10.3
16294,RP11-867G23.1
16295,RP11-867G23.2
16296,RAB1B
16297,RP11-867G23.3
16298,CNIH2
16299,YIF1A
16300,TMEM151A
16301,RP11-867G23.13
16302,CD248
16303,RIN1
16304,RP11-867G23.12
16305,BRMS1
16306,B4GAT1
16307,RP11-867G23.8
16308,SLC29A2
16309,NPAS4
16310,MRPL11
16311,PELI3
16312,CTD-3074O7.5
16313,DPP3
16314,CTD-3074O7.11
16315,BBS1
16316,ZDHHC24
16317,ACTN3
16318,CTD-3074O7.2
16319,CTSF
16320,CCDC87
16321,CCS
16322,RBM14
16323,RBM14-RBM4
16324,RBM4
16325,RBM4B
16326,RP11-658F2.8
16327,SPTBN2
16328,C11orf80
16329,RCE1
16330,PC
16331,LRFN4
16332,C11orf86
16333,SYT12
16334,RHOD
16335,KDM2A
16336,ADRBK1
16337,ANKRD13D
16338,SSH3
16339,RAD9A
16340,POLD4
16341,AP003419.11
16342,CLCF1
16343,PPP1CA
16344,TBC1D10C
16345,CARNS1
16346,RPS6KB2
16347,AP003419.16
16348,CORO1B
16349,CABP4
16350,TMEM134
16351,AIP
16352,PITPNM1
16353,CDK2AP2
16354,CABP2
16355,GSTP1
16356,C11orf72
16357,NDUFV1
16358,RP11-655M14.13
16359,NUDT8
16360,TBX10
16361,ACY3
16362,ALDH3B2
16363,RP11-119D9.1
16364,RP5-903G2.2
16365,UNC93B1
16366,ALDH3B1
16367,RP5-901A4.1
16368,NDUFS8
16369,TCIRG1
16370,RP11-802E16.3
16371,CHKA
16372,CTD-2655K5.1
16373,KMT5B
16374,C11orf24
16375,LRP5
16376,PPP6R3
16377,CTD-2007L18.5
16378,GAL
16379,MTL5
16380,CPT1A
16381,RP11-757G1.6
16382,MRPL21
16383,IGHMBP2
16384,RP11-757G1.5
16385,MRGPRF
16386,MRGPRF-AS1
16387,TPCN2
16388,RP11-554A11.7
16389,RP11-554A11.8
16390,RP11-554A11.9
16391,MYEOV
16392,RP11-211G23.2
16393,RP11-211G23.1
16394,AP000439.1
16395,AP000439.2
16396,AP000439.3
16397,CCND1
16398,ORAOV1
16399,FGF19
16400,FGF3
16401,RP11-643C9.2
16402,RP11-626H12.1
16403,RP11-626H12.2
16404,RP11-626H12.3
16405,ANO1
16406,FADD
16407,RP11-805J14.5
16408,PPFIA1
16409,AP000487.6
16410,AP000487.5
16411,CTTN
16412,SHANK2
16413,SHANK2-AS1
16414,SHANK2-AS2
16415,SHANK2-AS3
16416,DHCR7
16417,RP11-660L16.2
16418,NADSYN1
16419,KRTAP5-7
16420,KRTAP5-8
16421,KRTAP5-9
16422,KRTAP5-10
16423,KRTAP5-11
16424,RP11-167J8.3
16425,FAM86C1
16426,DEFB108B
16427,RP11-849H4.2
16428,CTD-2313N18.7
16429,RNF121
16430,IL18BP
16431,NUMA1
16432,RP11-849H4.4
16433,LRTOMT
16434,LAMTOR1
16435,ANAPC15
16436,FOLR3
16437,RP11-807H22.7
16438,FOLR1
16439,FOLR2
16440,INPPL1
16441,PHOX2A
16442,CLPB
16443,RP11-45F15.1
16444,RP11-45F15.2
16445,RP11-7N14.1
16446,LINC01537
16447,PDE2A
16448,RP11-169D4.2
16449,RP11-31L22.3
16450,ARAP1
16451,ARAP1-AS1
16452,ARAP1-AS2
16453,STARD10
16454,ATG16L2
16455,FCHSD2
16456,RP11-800A3.3
16457,RP11-800A3.2
16458,P2RY2
16459,P2RY6
16460,RP11-800A3.7
16461,ARHGEF17
16462,RELT
16463,RP11-809N8.2
16464,FAM168A
16465,RP11-809N8.4
16466,PLEKHB1
16467,RAB6A
16468,RP11-456I15.2
16469,RP11-707G14.1
16470,MRPL48
16471,COA4
16472,PAAF1
16473,DNAJB13
16474,RP11-167N4.2
16475,UCP2
16476,UCP3
16477,C2CD3
16478,PPME1
16479,P4HA3
16480,RP11-632K5.3
16481,PGM2L1
16482,RP11-702H23.4
16483,KCNE3
16484,LIPT2
16485,AP001372.2
16486,POLD3
16487,CHRDL2
16488,RNF169
16489,XRRA1
16490,SPCS2
16491,NEU3
16492,OR2AT4
16493,CTD-2562J17.2
16494,SLCO2B1
16495,CTD-2562J17.4
16496,TPBGL
16497,CTD-2562J17.7
16498,ARRB1
16499,CTD-2562J17.9
16500,RPS3
16501,KLHL35
16502,GDPD5
16503,SERPINH1
16504,CTD-2530H12.4
16505,MAP6
16506,MOGAT2
16507,CTD-2530H12.1
16508,DGAT2
16509,RP11-535A19.1
16510,RP11-535A19.2
16511,UVRAG
16512,WNT11
16513,RP11-619A14.2
16514,RP11-619A14.3
16515,PRKRIR
16516,RP11-111M22.2
16517,RP11-111M22.3
16518,EMSY
16519,RP11-672A2.4
16520,AP001189.4
16521,LRRC32
16522,RP11-672A2.3
16523,RP11-672A2.1
16524,RP11-21L23.4
16525,TSKU
16526,RP11-21L23.3
16527,ACER3
16528,CTD-2547H18.1
16529,B3GNT6
16530,CAPN5
16531,MYO7A
16532,GDPD4
16533,PAK1
16534,RP11-739B23.1
16535,CLNS1A
16536,AQP11
16537,RSF1
16538,AAMDC
16539,RP11-91P24.7
16540,INTS4
16541,KCTD14
16542,RP11-7I15.3
16543,NDUFC2-KCTD14
16544,RP11-7I15.4
16545,THRSP
16546,NDUFC2
16547,ALG8
16548,KCTD21-AS1
16549,KCTD21
16550,USP35
16551,GAB2
16552,RP11-452H21.1
16553,RP11-452H21.4
16554,NARS2
16555,RP11-843A23.1
16556,TENM4
16557,RP11-673F18.1
16558,CTD-2337I7.1
16559,RP11-802F5.1
16560,RP11-258O13.1
16561,CTD-2555I5.1
16562,RP11-686G23.2
16563,MIR4300HG
16564,RP11-876F14.1
16565,FAM181B
16566,RP11-718B12.2
16567,PRCP
16568,DDIAS
16569,RAB30
16570,RAB30-AS1
16571,RP11-113K21.4
16572,PCF11
16573,PCF11-AS1
16574,ANKRD42
16575,RP11-727A23.7
16576,CCDC90B
16577,RP11-727A23.10
16578,DLG2
16579,RP11-160H12.2
16580,CTD-2537O9.1
16581,AP000857.3
16582,TMEM126B
16583,TMEM126A
16584,CREBZF
16585,CCDC89
16586,SYTL2
16587,CCDC83
16588,RP11-90K17.2
16589,PICALM
16590,EED
16591,C11orf73
16592,CCDC81
16593,RP11-317J19.1
16594,ME3
16595,CTD-2005H7.1
16596,CTD-2005H7.2
16597,PRSS23
16598,RP11-736K20.5
16599,FZD4
16600,RP11-736K20.6
16601,TMEM135
16602,RP11-164N3.1
16603,RP11-164N3.2
16604,RP11-164N3.3
16605,RAB38
16606,CTSC
16607,GRM5-AS1
16608,GRM5
16609,TYR
16610,NOX4
16611,RP11-643G5.6
16612,TRIM77
16613,RP11-313I2.11
16614,TRIM49
16615,TRIM64B
16616,TRIM49D1
16617,TRIM49D2
16618,TRIM64
16619,TRIM49C
16620,NAALAD2
16621,CHORDC1
16622,RP11-699F16.2
16623,RP11-201M22.1
16624,FAT3
16625,RP11-675M1.2
16626,RP11-203F8.1
16627,RP11-676F20.4
16628,RP11-676F20.5
16629,MTNR1B
16630,SLC36A4
16631,RP11-755E23.3
16632,CCDC67
16633,SMCO4
16634,CEP295
16635,TAF1D
16636,C11orf54
16637,MED17
16638,VSTM5
16639,HEPHL1
16640,PANX1
16641,RP11-680H20.2
16642,GPR83
16643,MRE11A
16644,ANKRD49
16645,C11orf97
16646,PIWIL4
16647,RP11-867G2.8
16648,RP11-867G2.5
16649,RP11-867G2.6
16650,AMOTL1
16651,RP11-856F16.2
16652,CWC15
16653,KDM4D
16654,SRSF8
16655,ENDOD1
16656,RP11-712B9.2
16657,SESN3
16658,RP11-338H14.1
16659,RP11-644L4.1
16660,FAM76B
16661,CEP57
16662,MTMR2
16663,MAML2
16664,CCDC82
16665,JRKL
16666,JRKL-AS1
16667,RP11-49K4.2
16668,RP11-360K13.1
16669,RP11-882G5.1
16670,RP11-379J13.2
16671,RP11-115E19.1
16672,RP11-99C10.1
16673,CNTN5
16674,CTD-2383M3.1
16675,ARHGAP42
16676,TMEM133
16677,PGR
16678,TRPC6
16679,ANGPTL5
16680,CEP126
16681,C11orf70
16682,RP11-732A21.2
16683,RP11-732A21.3
16684,YAP1
16685,BIRC3
16686,BIRC2
16687,TMEM123
16688,RP11-315O6.1
16689,RP11-315O6.2
16690,MMP7
16691,MMP20
16692,RP11-817J15.2
16693,MMP27
16694,MMP10
16695,MMP1
16696,MMP3
16697,MMP12
16698,MMP13
16699,DCUN1D5
16700,DYNC2H1
16701,RP11-563P16.1
16702,PDGFD
16703,RP11-617B3.2
16704,RP11-886D15.1
16705,CASP4
16706,CASP5
16707,CASP1
16708,CARD16
16709,CARD18
16710,RP11-94P11.4
16711,GRIA4
16712,MSANTD4
16713,KBTBD3
16714,AASDHPPT
16715,RP11-677I18.3
16716,RP11-677I18.4
16717,GUCY1A2
16718,RP11-819C21.1
16719,CWF19L2
16720,ALKBH8
16721,ELMOD1
16722,SLN
16723,SLC35F2
16724,RAB39A
16725,CUL5
16726,RP11-144G7.2
16727,ACAT1
16728,NPAT
16729,ATM
16730,C11orf65
16731,KDELC2
16732,EXPH5
16733,DDX10
16734,RP11-25I9.3
16735,RP11-25I9.2
16736,RP11-708B6.2
16737,C11orf87
16738,RP11-262A12.1
16739,ZC3H12C
16740,RDX
16741,RP11-347E10.1
16742,FDX1
16743,ARHGAP20
16744,RP11-89C3.3
16745,RP11-89C3.4
16746,C11orf53
16747,COLCA1
16748,COLCA2
16749,POU2AF1
16750,RP11-794P6.2
16751,BTG4
16752,RP11-794P6.6
16753,C11orf88
16754,LAYN
16755,SIK2
16756,PPP2R1B
16757,RP11-108O10.2
16758,ALG9
16759,RP11-108O10.8
16760,FDXACB1
16761,C11orf1
16762,CRYAB
16763,HSPB2
16764,HSPB2-C11orf52
16765,DIXDC1
16766,DLAT
16767,PIH1D2
16768,C11orf57
16769,TIMM8B
16770,SDHD
16771,AP002884.2
16772,IL18
16773,RP11-356J5.4
16774,BCO2
16775,PTS
16776,PLET1
16777,RP11-356J5.12
16778,RP11-65M17.3
16779,RP11-65M17.1
16780,RP11-27G22.1
16781,RP11-629G13.1
16782,NCAM1
16783,NCAM1-AS1
16784,RP11-839D17.3
16785,TTC12
16786,ANKK1
16787,RP11-159N11.3
16788,DRD2
16789,TMPRSS5
16790,ZW10
16791,USP28
16792,RP11-667M19.10
16793,HTR3B
16794,HTR3A
16795,ZBTB16
16796,RP11-64D24.2
16797,NNMT
16798,RP11-64D24.4
16799,C11orf71
16800,RBM7
16801,RP11-212D19.4
16802,REXO2
16803,NXPE1
16804,NXPE4
16805,NXPE2
16806,CADM1
16807,AP000462.3
16808,AP000462.2
16809,RP11-136I14.5
16810,AP000997.1
16811,AP000997.2
16812,AP000797.3
16813,LINC00900
16814,AP000797.4
16815,AP001891.1
16816,AP000770.1
16817,BUD13
16818,AP006216.10
16819,ZPR1
16820,APOC3
16821,APOA1
16822,APOA1-AS
16823,SIK3
16824,AP000936.4
16825,PAFAH1B2
16826,SIDT2
16827,TAGLN
16828,PCSK7
16829,RNF214
16830,BACE1
16831,BACE1-AS
16832,CEP164
16833,AP000892.4
16834,DSCAML1
16835,RP11-35P15.1
16836,FXYD2
16837,RP11-728F11.3
16838,FXYD6-FXYD2
16839,RP11-728F11.4
16840,FXYD6
16841,TMPRSS13
16842,IL10RA
16843,TMPRSS4-AS1
16844,TMPRSS4
16845,SCN4B
16846,SCN2B
16847,JAML
16848,MPZL3
16849,MPZL2
16850,CD3E
16851,CD3D
16852,CD3G
16853,UBE4A
16854,RP11-770J1.5
16855,ATP5L
16856,RP11-770J1.4
16857,KMT2A
16858,RP11-770J1.3
16859,TTC36
16860,TMEM25
16861,IFT46
16862,ARCN1
16863,PHLDB1
16864,TREH
16865,AP002954.4
16866,DDX6
16867,RP11-158I9.8
16868,CXCR5
16869,RP11-158I9.5
16870,BCL9L
16871,UPK2
16872,FOXR1
16873,RP11-110I1.12
16874,CCDC84
16875,RP11-110I1.11
16876,RPS25
16877,TRAPPC4
16878,SLC37A4
16879,RP11-110I1.6
16880,HYOU1
16881,RP11-110I1.14
16882,RP11-110I1.13
16883,VPS11
16884,HMBS
16885,H2AFX
16886,DPAGT1
16887,C2CD2L
16888,HINFP
16889,ABCG4
16890,NLRX1
16891,PDZD3
16892,CCDC153
16893,CBL
16894,MCAM
16895,RNF26
16896,RP11-334E6.10
16897,C1QTNF5
16898,MFRP
16899,USP2
16900,RP11-334E6.3
16901,USP2-AS1
16902,THY1
16903,RP11-196E1.3
16904,PVRL1
16905,CTD-2523D13.1
16906,CTD-2523D13.2
16907,RP11-831A10.2
16908,TRIM29
16909,AP000679.2
16910,OAF
16911,POU2F3
16912,RP11-778O17.4
16913,TMEM136
16914,ARHGEF12
16915,GRIK4
16916,RP11-640N11.2
16917,TBCEL
16918,TECTA
16919,SC5D
16920,RP11-730K11.1
16921,SORL1
16922,BLID
16923,MIR100HG
16924,RP11-716H6.2
16925,UBASH3B
16926,CRTAM
16927,C11orf63
16928,BSX
16929,HSPA8
16930,CLMP
16931,CTD-2216M2.1
16932,GRAMD1B
16933,SCN3B
16934,RP11-634B22.4
16935,ZNF202
16936,TMEM225
16937,OR8D4
16938,VWA5A
16939,OR8D1
16940,OR8D2
16941,OR8B2
16942,OR8B3
16943,OR8B8
16944,PANX3
16945,TBRG1
16946,SIAE
16947,SPA17
16948,NRGN
16949,RP11-677M14.2
16950,VSIG2
16951,ESAM
16952,RP11-677M14.3
16953,MSANTD2
16954,RP11-677M14.7
16955,ROBO3
16956,RP11-664I21.5
16957,ROBO4
16958,HEPACAM
16959,HEPN1
16960,CCDC15
16961,SLC37A2
16962,TMEM218
16963,RP11-687M24.4
16964,PKNOX2-AS1
16965,PKNOX2
16966,RP11-687M24.8
16967,FEZ1
16968,AP000708.1
16969,EI24
16970,STT3A-AS1
16971,STT3A
16972,CHEK1
16973,ACRV1
16974,PATE1
16975,PATE2
16976,PATE3
16977,PATE4
16978,RP11-680F20.10
16979,HYLS1
16980,PUS3
16981,RP11-680F20.9
16982,DDX25
16983,RP11-680F20.5
16984,RP11-680F20.4
16985,RP11-680F20.6
16986,CDON
16987,RP11-680F20.12
16988,RP11-673E11.2
16989,RP11-50B3.2
16990,RPUSD4
16991,FAM118B
16992,SRPRA
16993,FOXRED1
16994,TIRAP
16995,RP11-712L6.7
16996,RP11-712L6.5
16997,DCPS
16998,ST3GAL4-AS1
16999,ST3GAL4
17000,KIRREL3
17001,KIRREL3-AS1
17002,RP11-115C10.1
17003,KIRREL3-AS2
17004,RP11-688I9.2
17005,KIRREL3-AS3
17006,RP11-168K9.1
17007,RP11-168K9.2
17008,CTD-2234N14.2
17009,CTD-2234N14.1
17010,RP11-480C22.1
17011,RP11-702B10.2
17012,RP11-702B10.1
17013,ETS1
17014,RP11-264E20.1
17015,RP11-744N12.3
17016,FLI1
17017,SENCR
17018,KCNJ1
17019,KCNJ5
17020,C11orf45
17021,TP53AIP1
17022,ARHGAP32
17023,BARX2
17024,RP11-237N19.3
17025,LINC01395
17026,TMEM45B
17027,NFRKB
17028,PRDM10
17029,LINC00167
17030,APLP2
17031,ST14
17032,ZBTB44
17033,RP11-121M22.1
17034,ADAMTS8
17035,ADAMTS15
17036,C11orf44
17037,RP11-890B15.2
17038,RP11-890B15.3
17039,SNX19
17040,AP002856.4
17041,AP002856.6
17042,AP002856.7
17043,AP002856.5
17044,NTM
17045,AP003025.2
17046,RP11-217L21.1
17047,NTM-AS1
17048,AP004372.1
17049,RP11-697E14.2
17050,OPCML
17051,RP11-448P19.1
17052,SPATA19
17053,IGSF9B
17054,RP11-713P17.5
17055,RP11-713P17.3
17056,RP11-713P17.4
17057,JAM3
17058,NCAPD3
17059,RP11-700F16.3
17060,VPS26B
17061,THYN1
17062,ACAD8
17063,GLB1L3
17064,GLB1L2
17065,B3GAT1
17066,AP004550.1
17067,RP11-469N6.2
17068,RP11-469N6.1
17069,RP11-555G19.1
17070,AP005135.2
17071,RP11-631M21.1
17072,TUBB8
17073,ZMYND11
17074,DIP2C
17075,RP11-490E15.2
17076,RP11-809C18.3
17077,PRR26
17078,RP11-164C1.2
17079,LARP4B
17080,RP11-363N22.2
17081,GTPBP4
17082,IDI2
17083,IDI2-AS1
17084,IDI1
17085,WDR37
17086,LINC00200
17087,ADARB2
17088,ADARB2-AS1
17089,LINC00700
17090,RP11-69C17.2
17091,RP11-69C17.3
17092,RP11-69C17.4
17093,LINC00701
17094,RP11-446F3.2
17095,RP11-526P5.1
17096,RP11-526P5.2
17097,RP11-118K6.2
17098,RP11-118K6.3
17099,PFKP
17100,RP11-298E9.7
17101,PITRM1
17102,PITRM1-AS1
17103,RP11-298E9.5
17104,RP11-298E9.6
17105,RP11-195B3.1
17106,RP11-482E14.1
17107,RP11-482E14.2
17108,RP11-184A2.3
17109,RP11-184A2.2
17110,KLF6
17111,RP11-464C19.3
17112,RP11-433J20.2
17113,RP11-433J20.1
17114,LINC00702
17115,LINC00703
17116,RP11-34C15.2
17117,LINC00704
17118,LINC00705
17119,AKR1E2
17120,AKR1C2
17121,AKR1C1
17122,AKR1C3
17123,AKR1C4
17124,RP11-445P17.3
17125,RP11-445P17.8
17126,UCN3
17127,TUBAL3
17128,NET1
17129,CALML3-AS1
17130,CALML3
17131,RP13-463N16.6
17132,RP11-336A10.5
17133,ASB13
17134,FAM208B
17135,RP11-336A10.2
17136,GDI2
17137,RP11-318E3.9
17138,ANKRD16
17139,FBXO18
17140,RP11-536K7.3
17141,IL15RA
17142,IL2RA
17143,RP11-536K7.5
17144,RBM17
17145,PFKFB3
17146,RP11-414H17.5
17147,RP11-563J2.2
17148,RP11-563J2.3
17149,PRKCQ
17150,RP11-554I8.1
17151,RP11-554I8.2
17152,LINC00706
17153,LINC00707
17154,RP11-799O21.2
17155,SFMBT2
17156,RP5-1031D4.2
17157,RP11-385N23.1
17158,ITIH5
17159,ITIH2
17160,KIN
17161,ATP5C1
17162,TAF3
17163,GATA3-AS1
17164,GATA3
17165,LINC00708
17166,RP5-1119O21.2
17167,RP11-543F8.2
17168,RP11-428L9.1
17169,LINC00709
17170,RP5-933E2.1
17171,RP11-271F18.1
17172,RP11-271F18.4
17173,SFTA1P
17174,RP1-251M9.2
17175,CELF2
17176,RP1-251M9.3
17177,RP11-397O4.1
17178,CELF2-AS2
17179,RP3-323N1.2
17180,CELF2-AS1
17181,USP6NL
17182,RP11-138I18.1
17183,RP11-138I18.2
17184,ECHDC3
17185,PROSER2
17186,PROSER2-AS1
17187,UPF2
17188,DHTKD1
17189,SEC61A2
17190,NUDT5
17191,CDC123
17192,RP11-186N15.3
17193,CAMK1D
17194,CCDC3
17195,OPTN
17196,MCM10
17197,UCMA
17198,PHYH
17199,SEPHS1
17200,RP11-445K13.2
17201,BEND7
17202,RP11-214D15.2
17203,PRPF18
17204,RP11-295P9.13
17205,FRMD4A
17206,RP11-295P9.12
17207,RP11-295P9.6
17208,RP11-353M9.1
17209,RP11-142M10.2
17210,RP11-397C18.2
17211,FAM107B
17212,RP11-7C6.1
17213,CDNF
17214,HSPA14
17215,RP11-398C13.6
17216,SUV39H2
17217,DCLRE1C
17218,MEIG1
17219,OLAH
17220,ACBD7
17221,C10orf111
17222,RPP38
17223,NMT2
17224,FAM171A1
17225,RP11-25G10.2
17226,ITGA8
17227,FAM188A
17228,RP11-461K13.1
17229,PTER
17230,C1QL3
17231,RSU1
17232,CUBN
17233,RP11-406H21.2
17234,TRDMT1
17235,VIM-AS1
17236,VIM
17237,RP11-124N14.3
17238,ST8SIA6
17239,ST8SIA6-AS1
17240,HACD1
17241,STAM-AS1
17242,STAM
17243,RP11-390B4.3
17244,TMEM236
17245,MRC1
17246,RP11-457D2.3
17247,SLC39A12
17248,SLC39A12-AS1
17249,CACNB2
17250,RP11-499P20.2
17251,NSUN6
17252,ARL5B
17253,RP11-139J15.5
17254,MALRD1
17255,RP11-354E11.2
17256,PLXDC2
17257,RP11-575A19.2
17258,NEBL
17259,NEBL-AS1
17260,RP11-275N1.1
17261,CASC10
17262,SKIDA1
17263,MLLT10
17264,DNAJC1
17265,RP11-573G6.6
17266,COMMD3
17267,COMMD3-BMI1
17268,BMI1
17269,RP11-573G6.9
17270,RP11-573G6.8
17271,RP11-573G6.10
17272,SPAG6
17273,PIP4K2A
17274,ARMC3
17275,MSRB2
17276,PTF1A
17277,LINC01552
17278,C10orf67
17279,RP11-371A19.2
17280,OTUD1
17281,KIAA1217
17282,ARHGAP21
17283,PRTFDC1
17284,RP11-165A20.3
17285,ENKUR
17286,THNSL1
17287,LINC01516
17288,GPR158-AS1
17289,GPR158
17290,LINC00836
17291,RP11-435M3.2
17292,MYO3A
17293,GAD2
17294,APBB1IP
17295,LINC00264
17296,RP13-16H11.7
17297,LINC00202-2
17298,RP13-16H11.2
17299,PDSS1
17300,ABI1
17301,LINC00202-1
17302,LINC00614
17303,ANKRD26
17304,YME1L1
17305,MASTL
17306,ACBD5
17307,RP11-85G18.6
17308,RP11-748L13.6
17309,PTCHD3
17310,RAB18
17311,MKX
17312,MKX-AS1
17313,ARMC4
17314,RP11-218D6.4
17315,MPP7
17316,RP11-351M16.4
17317,RP11-351M16.3
17318,WAC-AS1
17319,WAC
17320,BAMBI
17321,LINC00837
17322,C10orf126
17323,LYZL1
17324,SVIL-AS1
17325,SVIL
17326,KIAA1462
17327,MTPAP
17328,MAP3K8
17329,LYZL2
17330,RP11-14C22.3
17331,RP11-14C22.6
17332,ZNF438
17333,RP11-192P3.4
17334,ZEB1-AS1
17335,ZEB1
17336,RP11-472N13.2
17337,RP11-472N13.3
17338,ARHGAP12
17339,KIF5B
17340,RP11-166N17.1
17341,EPC1
17342,RP11-166N17.3
17343,RP11-135A24.4
17344,RP11-135A24.2
17345,CCDC7
17346,CCDC7.1
17347,RP11-479G22.8
17348,ITGB1
17349,RP11-462L8.1
17350,RP11-342D11.3
17351,NRP1
17352,RP11-342D11.2
17353,RP11-90B22.1
17354,RP11-476F14.1
17355,RP13-259N13.2
17356,LINC00838
17357,RP11-490O24.2
17358,PARD3
17359,PARD3-AS1
17360,RP11-297A16.4
17361,CUL2
17362,RP11-297A16.2
17363,CREM
17364,RP11-324I22.2
17365,CCNY
17366,RP11-324I22.4
17367,GJD4
17368,RP11-425A6.5
17369,FZD8
17370,PCAT5
17371,RP11-309N24.1
17372,RP11-92J19.3
17373,RP11-322I2.1
17374,ANKRD30A
17375,MTRNR2L7
17376,RP11-258F22.1
17377,ZNF248
17378,RP11-258F22.2
17379,RP11-162G10.5
17380,ZNF25
17381,RP11-393J16.4
17382,ZNF33A
17383,ZNF37A
17384,RP11-508N22.12
17385,RP11-508N22.13
17386,RP11-508N22.9
17387,RP11-672F9.1
17388,RP11-291L22.4
17389,LINC00839
17390,ZNF33B
17391,LINC01518
17392,AL022344.5
17393,AL022344.7
17394,BMS1
17395,RP11-124O11.1
17396,LINC01264
17397,RET
17398,RP11-351D16.3
17399,CSGALNACT2
17400,RASGEF1A
17401,RP11-168L22.2
17402,FXYD4
17403,HNRNPF
17404,RP11-517P14.2
17405,ZNF487
17406,ZNF239
17407,ZNF485
17408,ZNF32-AS3
17409,RP11-402L1.4
17410,ZNF32
17411,LINC00619
17412,LINC00840
17413,RP11-168P8.5
17414,RP11-20J15.3
17415,C10orf142
17416,CXCL12
17417,RP11-733D4.1
17418,TMEM72-AS1
17419,TMEM72
17420,RP11-285G1.9
17421,RASSF4
17422,C10orf10
17423,C10orf25
17424,ZNF22
17425,RP11-445N18.5
17426,OR13A1
17427,ALOX5
17428,RP11-67C2.2
17429,MARCH8
17430,ZFAND4
17431,FAM21C
17432,AGAP4
17433,TIMM23
17434,NCOA4
17435,MSMB
17436,ANTXRL
17437,AGAP14P
17438,ANXA8L1
17439,GPRIN2
17440,SYT15
17441,RP11-38L15.3
17442,RP11-38L15.2
17443,RP11-38L15.8
17444,PTPN20
17445,GDF10
17446,GDF2
17447,RBP3
17448,ZNF488
17449,ANXA8
17450,FAM25G
17451,RP11-144G6.4
17452,AGAP9
17453,LINC00864
17454,ABC7-42404400C24.1
17455,CH17-360D5.2
17456,CH17-360D5.1
17457,FAM25C
17458,FRMPD2
17459,MAPK8
17460,ARHGAP22
17461,RP11-534L6.2
17462,WDFY4
17463,LRRC18
17464,RP11-523O18.1
17465,VSTM4
17466,FAM170B-AS1
17467,FAM170B
17468,C10orf128
17469,C10orf71
17470,DRGX
17471,RP11-123B3.2
17472,ERCC6
17473,CHAT
17474,C10orf53
17475,OGDHL
17476,PARG
17477,TIMM23B
17478,LINC00843
17479,AGAP6
17480,FAM21A
17481,ASAH2
17482,SGMS1
17483,RP11-512N4.2
17484,SGMS1-AS1
17485,ASAH2B
17486,A1CF
17487,PRKG1
17488,RP11-96B5.3
17489,RP11-40C11.2
17490,CSTF2T
17491,PRKG1-AS1
17492,DKK1
17493,LINC01468
17494,RP11-556E13.1
17495,RP11-71J2.1
17496,PCDH15
17497,RP11-257I14.1
17498,RP11-598C10.2
17499,RP11-598C10.1
17500,MTRNR2L5
17501,ZWINT
17502,IPMK
17503,CISD1
17504,RP11-179B15.5
17505,RP11-179B15.6
17506,UBE2D1
17507,TFAM
17508,BICC1
17509,LINC00844
17510,PHYHIPL
17511,FAM13C
17512,RP11-443O13.3
17513,RP11-135D11.2
17514,SLC16A9
17515,MRLN
17516,CCDC6
17517,LINC01553
17518,ANK3
17519,RP11-388P9.2
17520,RP11-388P9.3
17521,RP11-131N11.4
17522,CDK1
17523,RHOBTB1
17524,LINC00845
17525,TMEM26
17526,TMEM26-AS1
17527,C10orf107
17528,RP11-63A2.2
17529,RP11-491H19.1
17530,ARID5B
17531,RTKN2
17532,RP11-120C12.3
17533,ZNF365
17534,RP11-436D10.3
17535,ADO
17536,EGR2
17537,RP11-144G16.1
17538,NRBF2
17539,JMJD1C
17540,JMJD1C-AS1
17541,REEP3
17542,RP11-170M17.1
17543,RP11-174J11.1
17544,RP11-179K3.2
17545,RP11-252C24.3
17546,LINC01515
17547,CTNNA3
17548,RP11-210G22.1
17549,LRRTM3
17550,DNAJC12
17551,RP11-57G10.8
17552,SIRT1
17553,HERC4
17554,MYPN
17555,ATOH7
17556,RP11-153K11.3
17557,PBLD
17558,HNRNPH3
17559,RUFY2
17560,DNA2
17561,SLC25A16
17562,TET1
17563,CCAR1
17564,STOX1
17565,DDX50
17566,DDX21
17567,KIF1BP
17568,SRGN
17569,VPS26A
17570,SUPV3L1
17571,RP11-227H15.4
17572,HKDC1
17573,RP11-227H15.5
17574,HK1
17575,TACR2
17576,TSPAN15
17577,NEUROG3
17578,RP11-343J3.2
17579,C10orf35
17580,RP11-242G20.1
17581,COL13A1
17582,RP11-262I2.2
17583,H2AFY2
17584,AIFM2
17585,TYSND1
17586,SAR1A
17587,PPA1
17588,NPFFR1
17589,LRRC20
17590,EIF4EBP2
17591,NODAL
17592,PALD1
17593,PRF1
17594,ADAMTS14
17595,SGPL1
17596,PCBD1
17597,RP11-432J9.6
17598,UNC5B
17599,UNC5B-AS1
17600,SLC29A3
17601,CDH23
17602,C10orf105
17603,C10orf54
17604,PSAP
17605,CHST3
17606,RP11-150D20.5
17607,SPOCK2
17608,ASCC1
17609,ANAPC16
17610,DDIT4
17611,RP11-442H21.2
17612,DNAJB12
17613,MICU1
17614,RP11-167P22.3
17615,MCU
17616,OIT3
17617,PLA2G12B
17618,P4HA1
17619,RP11-344N10.2
17620,RP11-344N10.5
17621,NUDT13
17622,RP11-152N13.16
17623,ECD
17624,FAM149B1
17625,DNAJC9
17626,DNAJC9-AS1
17627,MRPS16
17628,CFAP70
17629,ANXA7
17630,RP11-537A6.9
17631,MSS51
17632,PPP3CB
17633,USP54
17634,RP11-464F9.20
17635,RP11-464F9.22
17636,MYOZ1
17637,SYNPO2L
17638,RP11-464F9.21
17639,AGAP5
17640,RP11-574K11.29
17641,SEC24C
17642,FUT11
17643,CHCHD1
17644,ZSWIM8
17645,RP11-574K11.31
17646,NDST2
17647,CAMK2G
17648,RP11-574K11.5
17649,RP11-574K11.8
17650,PLAU
17651,C10orf55
17652,VCL
17653,AP3M1
17654,ADK
17655,RP11-46O21.2
17656,RP11-222G7.2
17657,KAT6B
17658,RP11-77G23.2
17659,DUPD1
17660,DUSP13
17661,SAMD8
17662,VDAC2
17663,COMTD1
17664,ZNF503-AS1
17665,RP11-399K21.11
17666,ZNF503
17667,ZNF503-AS2
17668,RP11-399K21.13
17669,RP11-399K21.14
17670,RP11-399K21.10
17671,C10orf11
17672,AC013286.1
17673,RP11-325D15.2
17674,KCNMA1
17675,KCNMA1-AS1
17676,KCNMA1-AS2
17677,RP11-328K22.1
17678,KCNMA1-AS3
17679,RP13-39P12.3
17680,DLG5
17681,RP11-126H7.4
17682,POLR3A
17683,RPS24
17684,RP11-90J7.3
17685,RP11-17G2.1
17686,ZMIZ1-AS1
17687,ZMIZ1
17688,PPIF
17689,ZCCHC24
17690,RP11-342M3.5
17691,RP11-342M3.1
17692,EIF5AL1
17693,SFTPA2
17694,SFTPA1
17695,RP11-589B3.6
17696,RP11-506M13.3
17697,NUTM2B-AS1
17698,NUTM2B
17699,RP11-182L21.6
17700,NUTM2E
17701,SFTPD
17702,SFTPD-AS1
17703,TMEM254-AS1
17704,TMEM254
17705,PLAC9
17706,ANXA11
17707,LINC00857
17708,MAT1A
17709,DYDC1
17710,DYDC2
17711,FAM213A
17712,TSPAN14
17713,RP11-137H2.4
17714,SH2D4B
17715,RP11-514F8.2
17716,NRG3
17717,RP11-202D18.2
17718,RP11-344L13.2
17719,RP11-219F10.1
17720,RP11-338I21.1
17721,GHITM
17722,C10orf99
17723,CDHR1
17724,LRIT2
17725,LRIT1
17726,RGR
17727,LINC00858
17728,CCSER2
17729,RP11-475D12.1
17730,RP11-475D12.2
17731,LINC01520
17732,GRID1-AS1
17733,GRID1
17734,RP11-93H12.4
17735,WAPL
17736,RP11-77P6.2
17737,OPN4
17738,LDB3
17739,RP11-359E3.4
17740,BMPR1A
17741,MMRN2
17742,SNCG
17743,ADIRF
17744,RP11-96C23.15
17745,RP11-96C23.10
17746,FAM25A
17747,GLUD1
17748,FAM35A
17749,NUTM2A-AS1
17750,NUTM2A
17751,LINC00863
17752,NUTM2D
17753,LINC00864.1
17754,MINPP1
17755,RP11-57C13.4
17756,RP11-57C13.6
17757,RP11-57C13.3
17758,PAPSS2
17759,ATAD1
17760,KLLN
17761,PTEN
17762,RNLS
17763,LIPJ
17764,LIPF
17765,LIPK
17766,LIPN
17767,LIPM
17768,ANKRD22
17769,STAMBPL1
17770,ACTA2
17771,FAS
17772,CH25H
17773,LIPA
17774,RP11-149I23.3
17775,IFIT2
17776,IFIT3
17777,IFIT1B
17778,IFIT1
17779,IFIT5
17780,SLC16A12
17781,SLC16A12-AS1
17782,PANK1
17783,RP11-80H5.2
17784,RP11-80H5.6
17785,RP11-80H5.9
17786,KIF20B
17787,LINC00865
17788,LINC01374
17789,LINC01375
17790,RP11-15K3.1
17791,RP11-94M14.2
17792,RP11-30G13.1
17793,HTR7
17794,RPP30
17795,ANKRD1
17796,RP11-236B18.2
17797,RP11-236B18.5
17798,LINC00502
17799,PCGF5
17800,HECTD2
17801,PPP1R3C
17802,TNKS2-AS1
17803,TNKS2
17804,FGFBP3
17805,RP11-402D21.2
17806,BTAF1
17807,CPEB3
17808,MARCH5
17809,IDE
17810,KIF11
17811,HHEX
17812,EXOC6
17813,RP11-348J12.2
17814,CYP26C1
17815,RP11-348J12.5
17816,CYP26A1
17817,MYOF
17818,CEP55
17819,FFAR4
17820,RBP4
17821,PDE6C
17822,FRA10AC1
17823,LGI1
17824,RP11-437J2.4
17825,SLC35G1
17826,PLCE1
17827,PLCE1-AS2
17828,RP11-391J2.3
17829,PLCE1-AS1
17830,RP11-76P2.4
17831,NOC3L
17832,TBC1D12
17833,HELLS
17834,CYP2C18
17835,RP11-400G3.5
17836,CYP2C19
17837,CYP2C9
17838,CYP2C8
17839,RP11-310E22.5
17840,ACSM6
17841,RP11-310E22.4
17842,PDLIM1
17843,SORBS1
17844,ALDH18A1
17845,TCTN3
17846,ENTPD1
17847,ENTPD1-AS1
17848,RP11-248J23.7
17849,C10orf131
17850,RP11-690P14.4
17851,CC2D2B
17852,CCNJ
17853,ZNF518A
17854,BLNK
17855,RP11-35J23.1
17856,DNTT
17857,OPALIN
17858,TLL2
17859,TM9SF3
17860,PIK3AP1
17861,LCOR
17862,C10orf12
17863,RP11-175O19.4
17864,SLIT1
17865,SLIT1-AS1
17866,ARHGAP19-SLIT1
17867,ARHGAP19
17868,FRAT1
17869,FRAT2
17870,RP11-452K12.4
17871,RRP12
17872,RP11-452K12.7
17873,PGAM1
17874,EXOSC1
17875,ZDHHC16
17876,MMS19
17877,UBTD1
17878,ANKRD2
17879,RP11-548K23.11
17880,MORN4
17881,PI4K2A
17882,AVPI1
17883,MARVELD1
17884,ZFYVE27
17885,SFRP5
17886,LINC00866
17887,GOLGA7B
17888,CRTAC1
17889,R3HCC1L
17890,LOXL4
17891,RP11-34A14.3
17892,PYROXD2
17893,HPS1
17894,HPSE2
17895,CNNM1
17896,GOT1
17897,RP11-441O15.3
17898,SLC25A28
17899,RP11-85A1.3
17900,RP11-483F11.7
17901,ENTPD7
17902,CUTC
17903,COX15
17904,ABCC2
17905,DNMBP
17906,DNMBP-AS1
17907,CPN1
17908,ERLIN1
17909,CHUK
17910,RP11-316M21.7
17911,RP11-316M21.6
17912,CWF19L1
17913,BLOC1S2
17914,PKD2L1
17915,RP11-34D15.2
17916,SCD
17917,OLMALINC
17918,RP11-285F16.1
17919,WNT8B
17920,SEC31B
17921,RP11-411B6.6
17922,NDUFB8
17923,HIF1AN
17924,PAX2
17925,RP11-179B2.2
17926,SLF2
17927,RP11-108L7.14
17928,MRPL43
17929,SEMA4G
17930,C10orf2
17931,LZTS2
17932,PDZD7
17933,SFXN3
17934,RP11-108L7.15
17935,KAZALD1
17936,LINC01514
17937,LBX1
17938,RP11-107I14.4
17939,RP11-107I14.2
17940,RP11-107I14.5
17941,BTRC
17942,DPCD
17943,POLL
17944,FBXW4
17945,RP11-190J1.3
17946,FGF8
17947,NPM3
17948,MGEA5
17949,KCNIP2-AS1
17950,KCNIP2
17951,C10orf76
17952,HPS6
17953,LDB1
17954,PPRC1
17955,NOLC1
17956,ELOVL3
17957,PITX3
17958,GBF1
17959,NFKB2
17960,PSD
17961,FBXL15
17962,CUEDC2
17963,C10orf95
17964,MFSD13A
17965,ACTR1A
17966,RP11-18I14.11
17967,SUFU
17968,RP11-47A8.5
17969,TRIM8
17970,ARL3
17971,SFXN2
17972,WBP1L
17973,CYP17A1
17974,CYP17A1-AS1
17975,RP11-753C18.12
17976,BORCS7
17977,BORCS7-ASMT
17978,RP11-724N1.1
17979,CNNM2
17980,NT5C2
17981,RPEL1
17982,INA
17983,PCGF6
17984,TAF5
17985,USMG5
17986,PDCD11
17987,CALHM2
17988,RP11-225H22.7
17989,RP11-225H22.4
17990,CALHM1
17991,CALHM3
17992,NEURL1-AS1
17993,NEURL1
17994,SH3PXD2A
17995,RP11-416N2.4
17996,SH3PXD2A-AS1
17997,OBFC1
17998,SLK
17999,COL17A1
18000,SFR1
18001,CFAP43
18002,GSTO1
18003,GSTO2
18004,ITPRIP
18005,RP11-127L20.5
18006,RP11-127L20.3
18007,CFAP58-AS1
18008,CFAP58
18009,RP11-127O4.3
18010,SORCS3
18011,RP11-56I23.1
18012,RP11-298H24.1
18013,SORCS1
18014,LINC01435
18015,RP11-163F15.1
18016,RP11-655H13.2
18017,XPNPEP1
18018,ADD3
18019,MXI1
18020,RP11-549L6.3
18021,SMNDC1
18022,RP11-525A16.4
18023,DUSP5
18024,SMC3
18025,RBM20
18026,RP11-313D6.3
18027,PDCD4-AS1
18028,PDCD4
18029,BBIP1
18030,RP11-348N5.9
18031,RP11-348N5.7
18032,SHOC2
18033,ADRA2A
18034,RP11-381K7.1
18035,GPAM
18036,TECTB
18037,ACSL5
18038,RP11-324O2.3
18039,ZDHHC6
18040,VTI1A
18041,RP11-25C19.3
18042,TCF7L2
18043,RP11-57H14.2
18044,HABP2
18045,NRAP
18046,CASP7
18047,RP11-211N11.5
18048,PLEKHS1
18049,DCLRE1A
18050,NHLRC2
18051,ADRB1
18052,CCDC186
18053,TDRD1
18054,VWA2
18055,CTB-1144G6.6
18056,AFAP1L2
18057,ABLIM1
18058,RP11-106M7.1
18059,FAM160B1
18060,TRUB1
18061,RP11-383C6.2
18062,ATRNL1
18063,GFRA1
18064,CCDC172
18065,PNLIPRP3
18066,PNLIP
18067,PNLIPRP1
18068,C10orf82
18069,RP11-498B4.5
18070,HSPA12A
18071,RP11-539I5.1
18072,ENO4
18073,SHTN1
18074,VAX1
18075,MIR3663HG
18076,KCNK18
18077,RP11-501J20.5
18078,SLC18A2
18079,RP11-129M16.4
18080,PDZD8
18081,CTA-109P11.4
18082,EMX2OS
18083,EMX2
18084,CTA-109P11.1
18085,RP11-328K15.1
18086,RP11-355F22.1
18087,RAB11FIP2
18088,RP11-354M20.3
18089,CASC2
18090,FAM204A
18091,LINC00867
18092,PRLHR
18093,CACUL1
18094,NANOS1
18095,EIF3A
18096,FAM45A
18097,SFXN4
18098,PRDX3
18099,GRK5
18100,RP11-79M19.2
18101,RGS10
18102,TIAL1
18103,BAG3
18104,INPP5F
18105,MCMBP
18106,SEC23IP
18107,PLPP4
18108,LINC01561
18109,WDR11-AS1
18110,WDR11
18111,RP11-95I16.4
18112,RP11-95I16.2
18113,RP11-95I16.6
18114,LINC01153
18115,FGFR2
18116,RP11-62L18.3
18117,RP11-78A18.2
18118,ATE1
18119,ATE1-AS1
18120,RP11-500G22.4
18121,NSMCE4A
18122,RP11-500G22.5
18123,TACC2
18124,BTBD16
18125,PLEKHA1
18126,ARMS2
18127,HTRA1
18128,DMBT1
18129,C10orf120
18130,CUZD1
18131,FAM24B
18132,FAM24A
18133,C10orf88
18134,PSTK
18135,IKZF5
18136,ACADSB
18137,HMX2
18138,BUB3
18139,RP11-282I1.1
18140,GPR26
18141,CPXM2
18142,CHST15
18143,OAT
18144,NKX1-2
18145,LHPP
18146,RP11-12J10.3
18147,RP11-12J10.4
18148,FAM53B-AS1
18149,METTL10
18150,FAM175B
18151,ZRANB1
18152,RP11-298J20.3
18153,CTBP2
18154,RP11-59C5.3
18155,RP11-151A10.3
18156,TEX36-AS1
18157,TEX36
18158,FLJ37035
18159,RP11-383C5.8
18160,EDRF1
18161,EDRF1-AS1
18162,MMP21
18163,UROS
18164,BCCIP
18165,DHX32
18166,FANK1
18167,ADAM12
18168,LINC00601
18169,C10orf90
18170,DOCK1
18171,RP11-223P11.3
18172,FAM196A
18173,NPS
18174,FOXI2
18175,CLRN3
18176,PTPRE
18177,RP11-4C20.3
18178,MKI67
18179,LINC01163
18180,RP11-264E18.1
18181,RP11-442O18.2
18182,RP11-442O18.1
18183,RP11-168C9.1
18184,MGMT
18185,RP11-109A6.2
18186,RP11-109A6.3
18187,EBF3
18188,RP11-234G16.4
18189,RP11-234G16.5
18190,LINC00959
18191,GLRX3
18192,RP11-540N6.1
18193,TCERG1L
18194,TCERG1L-AS1
18195,LINC01164
18196,ABC11-4932300O16.1
18197,PPP2R2D
18198,BNIP3
18199,RP11-45A17.2
18200,RP11-45A17.4
18201,JAKMIP3
18202,RP11-140A10.3
18203,DPYSL4
18204,STK32C
18205,LRRC27
18206,PWWP2B
18207,RP11-432J24.2
18208,RP11-432J24.3
18209,C10orf91
18210,RP11-432J24.5
18211,LINC01165
18212,INPP5A
18213,NKX6-2
18214,CFAP46
18215,LINC01166
18216,LINC01168
18217,ADGRA1
18218,ADGRA1-AS1
18219,KNDC1
18220,UTF1
18221,VENTX
18222,MIR202HG
18223,RP13-49I15.6
18224,ADAM8
18225,TUBGCP2
18226,ZNF511
18227,PRAP1
18228,CALY
18229,RP11-122K13.7
18230,FUOM
18231,ECHS1
18232,RP11-122K13.15
18233,PAOX
18234,RP11-108K14.8
18235,MTG1
18236,SPRN
18237,CYP2E1
18238,RP11-108K14.12
18239,SYCE1
18240,FRG2B
18241,FAM138D
18242,IQSEC3
18243,RP11-598F7.3
18244,RP11-598F7.4
18245,RP11-598F7.5
18246,RP11-598F7.6
18247,SLC6A12
18248,RP11-283I3.1
18249,RP11-283I3.2
18250,SLC6A13
18251,KDM5A
18252,CCDC77
18253,B4GALNT3
18254,NINJ2
18255,RP11-218M22.1
18256,RP11-218M22.2
18257,WNK1
18258,RAD52
18259,RP11-359B12.2
18260,ERC1
18261,RP5-951N9.1
18262,LINC00942
18263,WNT5B
18264,FBXL14
18265,ADIPOR2
18266,CACNA2D4
18267,LRTM2
18268,RP5-1096D14.3
18269,LINC00940
18270,DCP1B
18271,CACNA1C
18272,RP1-53O8.2
18273,CACNA1C-AS4
18274,CACNA1C-AS3
18275,CACNA1C-AS2
18276,CACNA1C-AS1
18277,RP11-986G18.2
18278,RP11-885B4.1
18279,FKBP4
18280,RP4-816N1.6
18281,ITFG2
18282,NRIP2
18283,FOXM1
18284,RHNO1
18285,TULP3
18286,TEAD4
18287,RP11-253E3.3
18288,TSPAN9
18289,RP5-1063M23.1
18290,RP5-1063M23.2
18291,RP11-476M19.2
18292,PRMT8
18293,CRACR2A
18294,PARP11
18295,RP11-664D1.1
18296,RP11-320N7.2
18297,CCND2-AS1
18298,CCND2
18299,TIGAR
18300,FGF23
18301,FGF6
18302,C12orf4
18303,RAD51AP1
18304,DYRK4
18305,RP11-500M8.7
18306,AKAP3
18307,RP11-234B24.6
18308,RP11-234B24.2
18309,GALNT8
18310,RP11-234B24.4
18311,KCNA1
18312,RP11-429A20.3
18313,RP11-429A20.4
18314,KCNA5
18315,RP11-319E16.1
18316,RP11-1038A11.3
18317,RP11-1038A11.2
18318,RP11-1038A11.1
18319,NTF3
18320,ANO2
18321,VWF
18322,RP3-454B23.1
18323,CD9
18324,PLEKHG6
18325,TNFRSF1A
18326,SCNN1A
18327,LTBR
18328,RP1-102E24.8
18329,CD27
18330,TAPBPL
18331,VAMP1
18332,RP1-102E24.10
18333,MRPL51
18334,NCAPD2
18335,RP5-940J5.3
18336,GAPDH
18337,RP5-940J5.9
18338,IFFO1
18339,RP5-940J5.8
18340,NOP2
18341,CHD4
18342,RP5-940J5.6
18343,LPAR5
18344,ACRBP
18345,ING4
18346,RP4-761J14.8
18347,ZNF384
18348,PIANP
18349,RP4-761J14.9
18350,COPS7A
18351,RP4-761J14.10
18352,MLF2
18353,PTMS
18354,LAG3
18355,CD4
18356,GPR162
18357,P3H3
18358,GNB3
18359,CDCA3
18360,USP5
18361,TPI1
18362,SPSB2
18363,LRRC23
18364,ENO2
18365,ATN1
18366,C12orf57
18367,U47924.31
18368,PTPN6
18369,PHB2
18370,EMG1
18371,RP3-461F17.3
18372,LPCAT3
18373,C1S
18374,C1R
18375,C1RL
18376,C1RL-AS1
18377,ABC12-49244600F4.4
18378,RBP5
18379,RP11-273B20.1
18380,CLSTN3
18381,RP11-273B20.3
18382,PEX5
18383,ACSM4
18384,CD163L1
18385,CD163
18386,APOBEC1
18387,GDF3
18388,DPPA3
18389,CLEC4C
18390,NANOGNB
18391,NANOG
18392,SLC2A14
18393,SLC2A3
18394,RP11-69M1.8
18395,FOXJ2
18396,C3AR1
18397,NECAP1
18398,CLEC4A
18399,ZNF705A
18400,FAM66C
18401,RP11-266K4.14
18402,FAM90A1
18403,RP11-266K4.9
18404,LINC00937
18405,RP11-90D4.3
18406,CLEC6A
18407,CLEC4D
18408,CLEC4E
18409,RP11-561P12.5
18410,AICDA
18411,MFAP5
18412,RP11-20D14.3
18413,RIMKLB
18414,A2ML1-AS1
18415,RP11-20D14.6
18416,A2ML1
18417,RP11-259O18.5
18418,PHC1
18419,M6PR
18420,KLRG1
18421,RP11-259O18.4
18422,A2M-AS1
18423,A2M
18424,PZP
18425,LINC00987
18426,RP11-118B22.4
18427,RP13-735L24.1
18428,KLRB1
18429,RP11-705C15.4
18430,CLEC2D
18431,RP11-75L1.1
18432,CLECL1
18433,CD69
18434,KLRF1
18435,CLEC2B
18436,RP11-290C10.1
18437,KLRF2
18438,CLEC2A
18439,AC091814.2
18440,AC091814.3
18441,CLEC12A
18442,CLEC1B
18443,CLEC12B
18444,RP11-133L14.5
18445,CLEC9A
18446,CLEC1A
18447,CLEC7A
18448,OLR1
18449,TMEM52B
18450,GABARAPL1
18451,RP11-656E20.5
18452,KLRD1
18453,RP11-277P12.10
18454,RP11-277P12.9
18455,RP11-277P12.20
18456,KLRC4-KLRK1
18457,RP11-277P12.6
18458,KLRC2
18459,KLRC1
18460,EIF2S3L
18461,RP11-291B21.2
18462,MAGOHB
18463,STYK1
18464,YBX3
18465,RP13-81N3.2
18466,TAS2R7
18467,TAS2R8
18468,TAS2R9
18469,PRH1
18470,PRR4
18471,PRH2
18472,SMIM10L1
18473,TAS2R42
18474,RP11-711K1.8
18475,PRB3
18476,PRB4
18477,PRB1
18478,PRB2
18479,RP11-434C1.2
18480,LINC01252
18481,ETV6
18482,BCL2L14
18483,LRP6
18484,MANSC1
18485,LOH12CR2
18486,BORCS5
18487,DUSP16
18488,RP11-253I19.3
18489,CREBL2
18490,RP11-180M15.6
18491,GPR19
18492,RP11-180M15.3
18493,CDKN1B
18494,RP11-180M15.4
18495,APOLD1
18496,DDX47
18497,GPRC5A
18498,RP11-392P7.6
18499,GPRC5D
18500,HEBP1
18501,RP11-377D9.3
18502,FAM234B
18503,GSG1
18504,EMP1
18505,LINC01559
18506,GRIN2B
18507,RP11-4N23.4
18508,RP11-134N1.2
18509,ATF7IP
18510,PLBD1
18511,PLBD1-AS1
18512,GUCY2C
18513,RP11-174G6.1
18514,HIST4H4
18515,H2AFJ
18516,WBP11
18517,C12orf60
18518,SMCO3
18519,ART4
18520,MGP
18521,ERP27
18522,ARHGDIB
18523,PDE6H
18524,LINC01489
18525,RERG
18526,RERG-AS1
18527,PTPRO
18528,EPS8
18529,STRAP
18530,DERA
18531,SLC15A5
18532,MGST1
18533,LMO3
18534,RP11-69C13.1
18535,RP11-871F6.3
18536,RP11-606D9.1
18537,RERGL
18538,PIK3C2G
18539,PLCZ1
18540,RP11-361I14.2
18541,CAPZA3
18542,PLEKHA5
18543,AEBP2
18544,RP11-405A12.2
18545,RP11-664H17.1
18546,CTC-465D4.1
18547,RP11-284H19.1
18548,PDE3A
18549,SLCO1C1
18550,SLCO1B3
18551,RP11-545J16.1
18552,RP11-125O5.2
18553,SLCO1B1
18554,SLCO1A2
18555,IAPP
18556,PYROXD1
18557,RECQL
18558,GOLT1B
18559,SPX
18560,GYS2
18561,LDHB
18562,RP11-59N23.3
18563,RP11-59N23.1
18564,KCNJ8
18565,ABCC9
18566,RP11-729I10.2
18567,CMAS
18568,ST8SIA1
18569,C2CD5
18570,RP11-268P4.5
18571,RP11-268P4.4
18572,ETNK1
18573,RP11-114G22.1
18574,RP11-153K16.1
18575,RP11-153K16.2
18576,SOX5
18577,RP11-437F6.1
18578,RP11-444D3.1
18579,RP11-778H2.1
18580,LINC00477
18581,RP11-625L16.1
18582,BCAT1
18583,RP11-625L16.3
18584,RP11-662I13.2
18585,C12orf77
18586,RP11-713N11.5
18587,LRMP
18588,RP11-713N11.4
18589,RP11-713N11.6
18590,CASC1
18591,LYRM5
18592,KRAS
18593,RP11-295I5.3
18594,RP11-295I5.4
18595,RP11-707G18.1
18596,LMNTD1
18597,RP11-443N24.2
18598,RASSF8-AS1
18599,RASSF8
18600,BHLHE41
18601,SSPN
18602,RP11-283G6.3
18603,RP11-283G6.4
18604,RP11-612B6.1
18605,RP11-513G19.1
18606,ITPR2
18607,RP11-666F17.1
18608,ASUN
18609,FGFR1OP2
18610,RP11-421F16.3
18611,TM7SF3
18612,MED21
18613,C12orf71
18614,RP11-582E3.2
18615,STK38L
18616,ARNTL2
18617,ARNTL2-AS1
18618,SMCO2
18619,PPFIBP1
18620,RP11-709A23.1
18621,RP11-1060J15.4
18622,REP15
18623,RP11-1060J15.9
18624,RP11-1060J15.7
18625,MRPS35
18626,MANSC4
18627,RP11-860B13.1
18628,KLHL42
18629,RP11-860B13.3
18630,PTHLH
18631,RP11-993B23.3
18632,CCDC91
18633,RP11-967K21.1
18634,RP11-946L16.1
18635,FAR2
18636,RP11-946L16.2
18637,RP11-996F15.4
18638,RP11-996F15.2
18639,RP11-996F15.5
18640,RP11-996F15.6
18641,ERGIC2
18642,OVCH1-AS1
18643,OVCH1
18644,TMTC1
18645,RP11-310I24.1
18646,RP11-776A13.1
18647,RP11-776A13.3
18648,IPO8
18649,CAPRIN2
18650,RP11-77I22.2
18651,LINC00941
18652,TSPAN11
18653,RP11-551L14.4
18654,RP11-551L14.6
18655,DDX11-AS1
18656,DDX11
18657,OVOS2
18658,FAM60A
18659,FLJ13224
18660,RP11-771K4.1
18661,DENND5B
18662,DENND5B-AS1
18663,METTL20
18664,AMN1
18665,RP11-467L13.7
18666,H3F3C
18667,RP11-428G5.5
18668,KIAA1551
18669,RP11-50I19.2
18670,RP11-843B15.2
18671,BICD1
18672,FGD4
18673,DNM1L
18674,RP11-278C7.4
18675,YARS2
18676,PKP2
18677,RP11-267D19.1
18678,SYT10
18679,RP11-847H18.2
18680,ALG10
18681,RP11-847H18.3
18682,RP11-313F23.3
18683,RP11-313F23.4
18684,ALG10B
18685,RP11-804F13.1
18686,CPNE8
18687,RP11-396F22.1
18688,RP11-554L12.1
18689,KIF21A
18690,ABCD2
18691,C12orf40
18692,SLC2A13
18693,RP11-476D10.1
18694,AC079630.2
18695,AC079630.4
18696,LRRK2
18697,RP11-115F18.1
18698,CNTN1
18699,PDZRN4
18700,RP11-413B19.2
18701,RP11-630C16.1
18702,RP11-630C16.2
18703,GXYLT1
18704,YAF2
18705,PPHLN1
18706,ZCRB1
18707,PRICKLE1
18708,RP11-328C8.4
18709,RP11-609L23.1
18710,RP11-25I15.2
18711,RP11-25I15.3
18712,RP11-547C5.1
18713,RP11-547C5.2
18714,RP11-118A3.1
18715,ADAMTS20
18716,PUS7L
18717,IRAK4
18718,TWF1
18719,TMEM117
18720,RP11-46I1.1
18721,RP11-499A10.3
18722,NELL2
18723,DBX2
18724,RP11-478B9.1
18725,ANO6
18726,RP11-352M15.1
18727,RP11-352M15.2
18728,ARID2
18729,SCAF11
18730,SLC38A1
18731,SLC38A2
18732,RP11-474P2.2
18733,RP11-96H19.1
18734,RP11-474P2.4
18735,SLC38A4
18736,RP11-618L22.1
18737,AMIGO2
18738,PCED1B
18739,RP11-493L12.3
18740,RP11-493L12.4
18741,RP11-493L12.7
18742,RP11-493L12.5
18743,RP1-90J4.1
18744,RPAP3
18745,RP1-197B17.3
18746,ENDOU
18747,RAPGEF3
18748,SLC48A1
18749,HDAC7
18750,RP5-1057I20.4
18751,RP5-1057I20.5
18752,RP5-1057I20.2
18753,VDR
18754,RP11-89H19.1
18755,RP11-89H19.2
18756,TMEM106C
18757,COL2A1
18758,RP1-228P16.4
18759,RP1-228P16.5
18760,RP1-228P16.8
18761,SENP1
18762,PFKM
18763,ASB8
18764,RP11-474C8.8
18765,CCDC184
18766,RP11-370I10.12
18767,OR10AD1
18768,RP11-370I10.2
18769,RP11-370I10.10
18770,H1FNT
18771,ZNF641
18772,RP11-370I10.6
18773,ANP32D
18774,C12orf54
18775,RP11-722P11.4
18776,OR8S1
18777,LALBA
18778,KANSL2
18779,CCNT1
18780,LINC00935
18781,ADCY6
18782,RP11-579D7.2
18783,RP11-579D7.4
18784,CACNB3
18785,DDX23
18786,RND1
18787,RP11-302B13.5
18788,CCDC65
18789,ARF3
18790,WNT10B
18791,WNT1
18792,DDN
18793,RP11-386G11.3
18794,RP11-386G11.5
18795,PRKAG1
18796,KMT2D
18797,RHEBL1
18798,DHH
18799,RP11-386G11.8
18800,LMBR1L
18801,TUBA1B
18802,RP11-386G11.10
18803,TUBA1A
18804,TUBA1C
18805,RP11-977B10.2
18806,RP11-161H23.5
18807,RP11-161H23.9
18808,PRPH
18809,TROAP
18810,C1QL4
18811,DNAJC22
18812,SPATS2
18813,KCNH3
18814,MCRS1
18815,PRPF40B
18816,RP11-133N21.10
18817,FAM186B
18818,FMNL3
18819,TMBIM6
18820,NCKAP5L
18821,BCDIN3D-AS1
18822,BCDIN3D
18823,RP11-70F11.7
18824,FAIM2
18825,RP11-70F11.11
18826,RP11-70F11.8
18827,RP11-469H8.6
18828,AQP5
18829,AQP6
18830,RACGAP1
18831,ASIC1
18832,SMARCD1
18833,GPD1
18834,COX14
18835,RP4-605O3.4
18836,CERS5
18837,LIMA1
18838,RP3-405J10.4
18839,FAM186A
18840,LARP4
18841,DIP2B
18842,ATF1
18843,TMPRSS12
18844,METTL7A
18845,RP11-407N8.6
18846,HIGD1C
18847,RP11-407N8.5
18848,SLC11A2
18849,LETMD1
18850,CSRNP2
18851,TFCP2
18852,POU6F1
18853,DAZAP2
18854,SMAGP
18855,BIN2
18856,CELA1
18857,GALNT6
18858,SLC4A8
18859,RP11-607P23.1
18860,SCN8A
18861,RP11-923I11.3
18862,RP11-923I11.8
18863,RP11-923I11.6
18864,RP11-923I11.4
18865,RP11-923I11.5
18866,ANKRD33
18867,ACVRL1
18868,ACVR1B
18869,GRASP
18870,NR4A1
18871,RP11-1100L3.8
18872,ATG101
18873,RP11-1100L3.7
18874,RP1-288H2.2
18875,KRT80
18876,C12orf80
18877,LINC00592
18878,KRT7
18879,KRT86
18880,RP11-845M18.7
18881,KRT81
18882,RP11-845M18.6
18883,KRT83
18884,KRT84
18885,RP3-416H24.4
18886,KRT82
18887,RP11-1020M18.10
18888,KRT6B
18889,KRT6C
18890,KRT6A
18891,KRT5
18892,KRT71
18893,KRT72
18894,KRT73
18895,KRT1
18896,KRT77
18897,RP11-641A6.3
18898,KRT3
18899,KRT4
18900,KRT79
18901,KRT78
18902,KRT8
18903,KRT18
18904,EIF4B
18905,RP11-983P16.4
18906,TNS2
18907,SPRYD3
18908,IGFBP6
18909,SOAT2
18910,CSAD
18911,RP11-1136G11.8
18912,ZNF740
18913,ITGB7
18914,RARG
18915,MFSD5
18916,ESPL1
18917,PFDN5
18918,RP11-680A11.5
18919,C12orf10
18920,AAAS
18921,SP7
18922,SP1
18923,AMHR2
18924,PRR13
18925,PCBP2
18926,MAP3K12
18927,RP11-793H13.11
18928,TARBP2
18929,RP11-793H13.10
18930,ATF7
18931,RP11-793H13.3
18932,ATP5G2
18933,CALCOCO1
18934,CISTR
18935,RP11-686F15.2
18936,HOXC12
18937,HOTAIR
18938,HOXC4
18939,FLJ12825
18940,RP11-834C11.5
18941,SMUG1
18942,RP11-834C11.4
18943,RP11-834C11.15
18944,RP11-834C11.8
18945,CBX5
18946,RP11-968A15.2
18947,HNRNPA1
18948,NFE2
18949,COPZ1
18950,RP11-753H16.3
18951,GPR84
18952,ZNF385A
18953,ITGA5
18954,GTSF1
18955,NCKAP1L
18956,PDE1B
18957,PPP1R1A
18958,LACRT
18959,DCD
18960,RP11-850F7.7
18961,MUCL1
18962,TESPA1
18963,RP11-616L12.1
18964,NEUROD4
18965,OR6C76
18966,RP11-110A12.2
18967,RP11-644F5.16
18968,METTL7B
18969,ITGA7
18970,RP11-644F5.10
18971,RDH5
18972,CD63
18973,RP11-644F5.11
18974,GDF11
18975,SARNP
18976,RP11-762I7.5
18977,ORMDL2
18978,DNAJC14
18979,MMP19
18980,PYM1
18981,DGKA
18982,PMEL
18983,CDK2
18984,RAB5B
18985,SUOX
18986,IKZF4
18987,RP11-603J24.21
18988,RP11-603J24.4
18989,RPS26
18990,ERBB3
18991,RP11-603J24.9
18992,PA2G4
18993,RP11-603J24.17
18994,RPL41
18995,ZC3H10
18996,ESYT1
18997,RP11-603J24.6
18998,RP11-603J24.5
18999,RP11-603J24.14
19000,MYL6B
19001,MYL6
19002,SMARCC2
19003,RNF41
19004,NABP2
19005,SLC39A5
19006,ANKRD52
19007,COQ10A
19008,RP11-977G19.14
19009,CS
19010,RP11-977G19.10
19011,RP11-977G19.11
19012,CNPY2
19013,PAN2
19014,IL23A
19015,STAT2
19016,APOF
19017,RP11-121C6.5
19018,TIMELESS
19019,MIP
19020,SPRYD4
19021,GLS2
19022,RBMS2
19023,BAZ2A
19024,ATP5B
19025,PTGES3
19026,NACA
19027,PRIM1
19028,HSD17B6
19029,SDR9C7
19030,RDH16
19031,GPR182
19032,ZBTB39
19033,TAC3
19034,MYO1A
19035,NEMP1
19036,NAB2
19037,STAT6
19038,LRP1
19039,LRP1-AS
19040,NXPH4
19041,SHMT2
19042,RP11-123K3.9
19043,NDUFA4L2
19044,STAC3
19045,RP11-123K3.4
19046,R3HDM2
19047,RP11-756H6.1
19048,INHBC
19049,INHBE
19050,GLI1
19051,ARHGAP9
19052,MARS
19053,DDIT3
19054,MBD6
19055,DCTN2
19056,KIF5A
19057,PIP4K2C
19058,DTX3
19059,ARHGEF25
19060,AC025165.8
19061,SLC26A10
19062,B4GALNT1
19063,OS9
19064,RP11-571M6.7
19065,AGAP2
19066,AGAP2-AS1
19067,TSPAN31
19068,CDK4
19069,MARCH9
19070,CYP27B1
19071,METTL1
19072,METTL21B
19073,TSFM
19074,AVIL
19075,RP11-571M6.18
19076,CTDSP2
19077,RP11-620J15.1
19078,RP11-620J15.2
19079,RP11-620J15.4
19080,RP11-620J15.3
19081,XRCC6BP1
19082,RP11-58A17.4
19083,RP11-362K2.2
19084,RP11-767I20.1
19085,LRIG3
19086,RP11-150C16.1
19087,RP11-272B17.1
19088,RP11-272B17.2
19089,SLC16A7
19090,RP11-316A16.1
19091,FAM19A2
19092,USP15
19093,MON2
19094,RP11-863H1.1
19095,LINC01465
19096,RP11-631N16.2
19097,PPM1H
19098,RP11-848D3.5
19099,AVPR1A
19100,RP11-1022B3.1
19101,DPY19L2
19102,RP11-415I12.3
19103,TMEM5
19104,TMEM5-AS1
19105,SRGAP1
19106,RP11-196H14.2
19107,RP11-196H14.4
19108,RP11-196H14.3
19109,C12orf66
19110,C12orf56
19111,XPOT
19112,RP11-114F3.4
19113,TBK1
19114,RP11-439H13.2
19115,RP11-338E21.1
19116,RASSF3
19117,RP11-338E21.3
19118,GNS
19119,RP11-629N8.3
19120,TBC1D30
19121,RP11-766N7.3
19122,RP11-766N7.4
19123,RP11-168J19.2
19124,WIF1
19125,LEMD3
19126,MSRB3
19127,RP11-230G5.2
19128,RP11-221N13.3
19129,RP11-221N13.4
19130,HMGA2
19131,RP11-366L20.2
19132,RP11-366L20.3
19133,RP11-366L20.4
19134,LLPH
19135,RP11-745O10.4
19136,LLPH-AS1
19137,TMBIM4
19138,IRAK3
19139,RP11-335I12.2
19140,HELB
19141,GRIP1
19142,RP11-123O10.4
19143,RP11-123O10.3
19144,CAND1
19145,RP11-542B15.1
19146,RP11-335O4.1
19147,DYRK2
19148,RP11-335O4.3
19149,RP11-43N5.1
19150,LINC01479
19151,IFNG-AS1
19152,IFNG
19153,IL26
19154,IL22
19155,MDM1
19156,RP11-81H14.2
19157,RP11-71J4.2
19158,RAP1B
19159,RP11-637A17.2
19160,NUP107
19161,SLC35E3
19162,MDM2
19163,RP11-611O2.5
19164,CPM
19165,RP11-324P9.1
19166,CPSF6
19167,RP11-1143G9.5
19168,LYZ
19169,RP11-1143G9.4
19170,YEATS4
19171,RP11-956E11.1
19172,FRS2
19173,CCT2
19174,LRRC10
19175,BEST3
19176,RP11-588G21.2
19177,RAB3IP
19178,AC025263.3
19179,MYRFL
19180,LINC01481
19181,RP11-320P7.2
19182,CNOT2
19183,AC092881.1
19184,KCNMB4
19185,RP11-588H23.3
19186,PTPRB
19187,RP11-785D18.3
19188,PTPRR
19189,CTD-2021H9.1
19190,CTD-2021H9.2
19191,CTD-2021H9.3
19192,TSPAN8
19193,LGR5
19194,RP11-186F10.2
19195,ZFC3H1
19196,THAP2
19197,RP11-293I14.2
19198,TMEM19
19199,RAB21
19200,RP11-2H8.2
19201,TBC1D15
19202,TPH2
19203,RP11-89M22.3
19204,TRHDE
19205,RP11-12K6.2
19206,RP11-314D7.2
19207,RP11-314D7.3
19208,RP11-295G12.1
19209,RP11-711C17.1
19210,RP11-711C17.2
19211,RP11-81H3.2
19212,ATXN7L3B
19213,RP11-56G10.2
19214,RP11-81K13.1
19215,KCNC2
19216,RP11-560G2.1
19217,CAPS2
19218,GLIPR1L1
19219,GLIPR1L2
19220,GLIPR1
19221,RP11-585P4.5
19222,KRR1
19223,RP11-114H23.1
19224,RP11-290L1.5
19225,PHLDA1
19226,RP11-290L1.3
19227,RP11-290L1.2
19228,NAP1L1
19229,RP11-54A9.1
19230,BBS10
19231,OSBPL8
19232,RP11-20E24.1
19233,ZDHHC17
19234,CSRP2
19235,RP11-461F16.3
19236,E2F7
19237,RP1-81P11.1
19238,RP1-34H18.1
19239,RP11-781A6.1
19240,NAV3
19241,RP11-136F16.1
19242,RP11-38F22.1
19243,RP11-754N21.1
19244,RP11-90C1.1
19245,RP11-171L9.1
19246,RP11-123M21.1
19247,SYT1
19248,RP11-390N6.1
19249,RP1-78O14.1
19250,RP11-359M6.1
19251,PAWR
19252,RP11-530C5.1
19253,PPP1R12A
19254,RP11-530C5.2
19255,RP11-84G21.1
19256,OTOGL
19257,PTPRQ
19258,RP11-272K23.3
19259,MYF6
19260,LINC01490
19261,LIN7A
19262,ACSS3
19263,RP11-543H12.1
19264,PPFIA2
19265,RP11-121G22.3
19266,RP11-315E17.1
19267,RP11-362A1.1
19268,CCDC59
19269,METTL25
19270,RP11-263K4.5
19271,RP11-263K4.3
19272,TMTC2
19273,RP11-87P13.2
19274,RP11-788H18.1
19275,SLC6A15
19276,TSPAN19
19277,LRRIQ1
19278,RP11-193M21.1
19279,ALX1
19280,RP11-408B11.2
19281,RASSF9
19282,NTS
19283,MGAT4C
19284,RP11-18J9.3
19285,RP11-202H2.1
19286,RP11-248E9.5
19287,RP11-248E9.6
19288,C12orf50
19289,C12orf29
19290,CEP290
19291,TMTC3
19292,KITLG
19293,RP11-900F13.3
19294,RP11-900F13.2
19295,RP11-13A1.1
19296,RP11-13A1.3
19297,DUSP6
19298,RP11-823E8.3
19299,RP11-1109F11.3
19300,RP11-1109F11.5
19301,POC1B
19302,POC1B-GALNT4
19303,RP11-734K2.4
19304,RP11-981P6.1
19305,ATP2B1
19306,LINC00936
19307,RP11-654D12.2
19308,RP11-567C2.1
19309,RP11-753N8.1
19310,RP11-632B21.1
19311,RP11-20L19.1
19312,CCER1
19313,LINC00615
19314,EPYC
19315,KERA
19316,LUM
19317,DCN
19318,RP11-693J15.6
19319,RP11-587P21.3
19320,BTG1
19321,RP11-796E2.4
19322,RP11-756G20.1
19323,CLLU1OS
19324,RP11-693J15.4
19325,RP11-693J15.5
19326,PLEKHG7
19327,EEA1
19328,RP11-511B23.1
19329,RP11-511B23.2
19330,RP11-202G11.2
19331,RP11-511B23.3
19332,RP11-486A14.2
19333,NUDT4
19334,UBE2N
19335,MRPL42
19336,SOCS2
19337,CRADD
19338,RP11-887P2.5
19339,RP11-1060G2.1
19340,RP11-1060G2.2
19341,PLXNC1
19342,RP11-74K11.2
19343,RP11-1105G2.4
19344,RP11-1105G2.3
19345,CEP83
19346,CEP83-AS1
19347,RP11-778J16.3
19348,TMCC3
19349,NDUFA12
19350,NR2C1
19351,FGD6
19352,VEZT
19353,RP11-167N24.6
19354,RP11-167N24.5
19355,RP11-167N24.4
19356,METAP2
19357,USP44
19358,NTN4
19359,RP11-536G4.2
19360,RP11-536G4.1
19361,SNRPF
19362,CCDC38
19363,AMDHD1
19364,HAL
19365,RP11-256L6.3
19366,LTA4H
19367,RP11-256L6.2
19368,ELK3
19369,RP11-394J1.2
19370,CDK17
19371,RP11-510I5.4
19372,CFAP54
19373,NEDD1
19374,RP11-541G9.1
19375,RP11-541G9.2
19376,RP11-690J15.1
19377,RP11-181C3.1
19378,TMPO-AS1
19379,TMPO
19380,SLC25A3
19381,IKBIP
19382,APAF1
19383,ANKS1B
19384,RP11-473C19.1
19385,RP11-406H4.1
19386,FAM71C
19387,UHRF1BP1L
19388,RP11-175P13.2
19389,ACTR6
19390,DEPDC4
19391,SCYL2
19392,SLC17A8
19393,NR1H4
19394,GAS2L3
19395,ANO4
19396,RP11-263E1.1
19397,RP11-350G24.1
19398,SLC5A8
19399,UTP20
19400,ARL1
19401,RP11-321F8.4
19402,SPIC
19403,MYBPC1
19404,RP11-755O11.2
19405,RP11-285E23.2
19406,CHPT1
19407,SYCP3
19408,GNPTAB
19409,DRAM1
19410,RP11-512N21.3
19411,RP11-554E23.2
19412,CCDC53
19413,RP11-554E23.4
19414,NUP37
19415,PARPBP
19416,PMCH
19417,RP11-210L7.3
19418,IGF1
19419,LINC00485
19420,PAH
19421,ASCL1
19422,RP11-328J6.1
19423,RP11-552I14.1
19424,C12orf42
19425,RP11-626I20.3
19426,STAB2
19427,RP11-341G23.2
19428,RP11-341G23.4
19429,NT5DC3
19430,RP11-650K20.2
19431,RP11-650K20.3
19432,HSP90B1
19433,C12orf73
19434,TDG
19435,GLT8D2
19436,HCFC2
19437,NFYB
19438,RP11-818F20.4
19439,TXNRD1
19440,RP11-818F20.5
19441,CHST11
19442,SLC41A2
19443,C12orf45
19444,ALDH1L2
19445,RP11-61E11.1
19446,RP11-61E11.2
19447,KIAA1033
19448,APPL2
19449,C12orf75
19450,RP11-474B16.1
19451,CASC18
19452,RP11-114F10.2
19453,NUAK1
19454,RP11-114F10.3
19455,CKAP4
19456,RP11-651L5.3
19457,TCP11L2
19458,POLR3B
19459,RP11-144F15.1
19460,RFX4
19461,RIC8B
19462,RP11-412D9.4
19463,TMEM263
19464,MTERF2
19465,CRY1
19466,RP11-797M17.1
19467,BTBD11
19468,RP11-128P10.1
19469,PWP1
19470,PRDM4
19471,RP11-864J10.4
19472,ASCL4
19473,RP11-554D14.7
19474,RP11-554D14.8
19475,RP11-554D14.6
19476,WSCD2
19477,CMKLR1
19478,LINC01498
19479,FICD
19480,SART3
19481,ISCU
19482,TMEM119
19483,SELPLG
19484,RP11-689B22.2
19485,CORO1C
19486,SSH1
19487,DAO
19488,SVOP
19489,USP30
19490,USP30-AS1
19491,ALKBH2
19492,UNG
19493,ACACB
19494,FOXN4
19495,MYO1H
19496,LINC01486
19497,RP11-256L11.3
19498,KCTD10
19499,UBE3B
19500,MMAB
19501,MVK
19502,FAM222A
19503,FAM222A-AS1
19504,TRPV4
19505,GLTP
19506,RP1-7G5.6
19507,TCHP
19508,GIT2
19509,ANKRD13A
19510,C12orf76
19511,IFT81
19512,ATP2A2
19513,ANAPC7
19514,ARPC3
19515,GPN3
19516,FAM216A
19517,VPS29
19518,RAD9B
19519,PPTC7
19520,TCTN1
19521,HVCN1
19522,PPP1CC
19523,RP1-74B13.2
19524,CCDC63
19525,MYL2
19526,LINC01405
19527,RP1-46F2.3
19528,CUX2
19529,FAM109A
19530,RP3-473L9.4
19531,SH2B3
19532,ATXN2
19533,RP11-686G8.2
19534,BRAP
19535,RP11-686G8.5
19536,ACAD10
19537,RP11-162P23.2
19538,ALDH2
19539,MAPKAPK5-AS1
19540,MAPKAPK5
19541,TMEM116
19542,ERP29
19543,RP1-267L14.6
19544,NAA25
19545,RP1-267L14.3
19546,TRAFD1
19547,HECTD4
19548,RP3-521E19.2
19549,RPL6
19550,PTPN11
19551,RPH3A
19552,OAS1
19553,RP1-71H24.1
19554,OAS3
19555,OAS2
19556,DTX1
19557,RASAL1
19558,CFAP73
19559,DDX54
19560,RITA1
19561,RP11-545P7.4
19562,IQCD
19563,TPCN1
19564,SLC8B1
19565,PLBD2
19566,SDS
19567,SDSL
19568,LHX5
19569,LHX5-AS1
19570,LINC01234
19571,RBM19
19572,RP11-780K2.1
19573,RP11-100F15.2
19574,TBX5
19575,TBX3
19576,RP4-601P9.2
19577,RP11-25E2.1
19578,RP11-116D17.2
19579,RP11-116D17.3
19580,RP11-116D17.4
19581,RP11-1028N23.3
19582,RP11-1028N23.4
19583,RP11-110L15.1
19584,RP11-110L15.2
19585,MED13L
19586,RP11-493P1.2
19587,RP11-148B3.2
19588,MAP1LC3B2
19589,RP11-497G19.7
19590,RP11-497G19.3
19591,RP11-497G19.1
19592,RP11-497G19.2
19593,C12orf49
19594,RNFT2
19595,HRK
19596,FBXW8
19597,RP11-240G22.5
19598,RP11-231I16.1
19599,TESC
19600,TESC-AS1
19601,FBXO21
19602,NOS1
19603,RP11-227B21.2
19604,KSR2
19605,RP11-465L8.1
19606,RFC5
19607,RP11-33N14.3
19608,WSB2
19609,RP11-33N14.5
19610,VSIG10
19611,RP11-136L23.2
19612,PEBP1
19613,TAOK3
19614,RP11-131L12.2
19615,SUDS3
19616,RP11-131L12.3
19617,RP11-131L12.4
19618,RP11-121J20.1
19619,RP11-3L23.2
19620,RP11-357K6.1
19621,RP11-357K6.2
19622,RP11-357K6.3
19623,SRRM4
19624,RP11-364C11.2
19625,RP11-64B16.3
19626,HSPB8
19627,RP11-64B16.4
19628,RP11-64B16.5
19629,LINC00934
19630,CCDC60
19631,RP11-768F21.1
19632,TMEM233
19633,PRKAB1
19634,CIT
19635,RP1-127H14.3
19636,AC004813.1
19637,CCDC64
19638,RAB35
19639,RP1-267D11.6
19640,GCN1
19641,RPLP0
19642,PXN-AS1
19643,PXN
19644,RP1-278C19.8
19645,SIRT4
19646,PLA2G1B
19647,MSI1
19648,RP1-166H1.2
19649,COX6A1
19650,AL021546.6
19651,TRIAP1
19652,GATC
19653,SRSF9
19654,DYNLL1
19655,NRAV
19656,RP11-18C24.8
19657,COQ5
19658,RNF10
19659,POP5
19660,RP11-728G15.1
19661,CABP1
19662,MLEC
19663,RP11-173P15.3
19664,RP11-173P15.9
19665,RP11-173P15.10
19666,UNC119B
19667,RP11-173P15.5
19668,ACADS
19669,RP11-173P15.7
19670,SPPL3
19671,HNF1A
19672,C12orf43
19673,OASL
19674,P2RX7
19675,RP11-340F14.6
19676,P2RX4
19677,CAMKK2
19678,ANAPC5
19679,RP11-711D18.2
19680,RNF34
19681,KDM2B
19682,RP13-941N14.1
19683,ORAI1
19684,MORN3
19685,TMEM120B
19686,RHOF
19687,LINC01089
19688,RP11-347I19.8
19689,RP11-347I19.7
19690,SETD1B
19691,HPD
19692,RP11-7M8.2
19693,PSMD9
19694,WDR66
19695,RP11-87C12.5
19696,BCL7A
19697,MLXIP
19698,LRRC43
19699,IL31
19700,B3GNT4
19701,DIABLO
19702,RP11-512M8.5
19703,VPS33A
19704,CLIP1
19705,CLIP1-AS1
19706,ZCCHC8
19707,RP11-15J22.8
19708,RSRC2
19709,KNTC1
19710,RP11-324E6.10
19711,RP11-324E6.6
19712,HCAR2
19713,HCAR1
19714,DENR
19715,CCDC62
19716,HIP1R
19717,VPS37B
19718,RP11-463O12.3
19719,ABCB9
19720,OGFOD2
19721,ARL6IP4
19722,PITPNM2
19723,RP11-197N18.7
19724,MPHOSPH9
19725,C12orf65
19726,RP11-282O18.3
19727,CDK2AP1
19728,RP11-282O18.7
19729,SBNO1
19730,RP13-942N8.1
19731,KMT5A
19732,RILPL2
19733,SNRNP35
19734,RILPL1
19735,RP11-486O12.2
19736,TMED2
19737,DDX55
19738,EIF2B1
19739,GTF2H3
19740,TCTN2
19741,RP11-338K17.8
19742,ATP6V0A2
19743,DNAH10
19744,CCDC92
19745,ZNF664
19746,FAM101A
19747,NCOR2
19748,RP11-83B20.1
19749,SCARB1
19750,UBC
19751,DHX37
19752,BRI3BP
19753,THRIL
19754,AACS
19755,RP11-158L12.5
19756,TMEM132B
19757,LINC00939
19758,RP5-916L7.2
19759,RP3-446N13.5
19760,RP3-446N13.1
19761,RP1-116K23.1
19762,RP4-765H13.1
19763,RP4-809F18.2
19764,RP4-809F18.1
19765,RP5-944M2.1
19766,RP5-944M2.2
19767,RP5-944M2.3
19768,RP11-407A16.3
19769,RP11-407A16.7
19770,LINC00943
19771,LINC00944
19772,RP11-983C2.2
19773,RP11-983C2.3
19774,RP11-575F12.1
19775,RP11-575F12.2
19776,RP11-575F12.3
19777,RP11-955H22.1
19778,RP11-955H22.3
19779,RP11-351O2.1
19780,RP11-526P6.1
19781,RP11-749H20.1
19782,FLJ37505
19783,LINC00507
19784,LINC00508
19785,RP11-349K16.1
19786,RP13-653N12.1
19787,RP13-653N12.2
19788,RP11-417O18.2
19789,TMEM132C
19790,SLC15A4
19791,RP11-21K12.3
19792,GLT1D1
19793,TMEM132D
19794,RP11-669N7.2
19795,RP11-669N7.3
19796,RP11-474D1.4
19797,RP11-474D1.1
19798,RP11-474D1.2
19799,FZD10
19800,RP11-143E21.6
19801,PIWIL1
19802,RIMBP2
19803,RP11-662M24.1
19804,STX2
19805,RP11-989F5.1
19806,RAN
19807,ADGRD1
19808,RP11-76C10.5
19809,RP11-76C10.2
19810,LINC01257
19811,RP11-495K9.3
19812,RP13-507P19.2
19813,RP11-897M7.4
19814,RP11-897M7.1
19815,RP11-495K9.9
19816,RP11-495K9.7
19817,RP11-495K9.6
19818,SFSWAP
19819,RP11-495K9.5
19820,MMP17
19821,RP11-417L19.2
19822,ULK1
19823,RP11-417L19.4
19824,PUS1
19825,EP400
19826,RP13-820C6.2
19827,EP400NL
19828,DDX51
19829,NOC4L
19830,RP13-977J11.9
19831,RP13-977J11.2
19832,RP13-977J11.8
19833,GALNT9
19834,RP13-895J2.2
19835,RP13-895J2.3
19836,RP13-895J2.6
19837,RP13-895J2.7
19838,RP13-714J12.1
19839,RP11-503G7.2
19840,FBRSL1
19841,RP13-554M15.8
19842,LRCOL1
19843,P2RX2
19844,POLE
19845,PXMP2
19846,RP13-672B3.2
19847,PGAM5
19848,ANKLE2
19849,GOLGA3
19850,CHFR
19851,RP11-46H11.12
19852,RP11-46H11.3
19853,ZNF605
19854,ZNF26
19855,RP11-386I8.6
19856,ZNF84
19857,ZNF140
19858,ZNF891
19859,CTD-2140B24.6
19860,ZNF10
19861,CTD-2140B24.4
19862,ZNF268
19863,ANHX
19864,AL356585.2
19865,LINC00349
19866,LINC00387
19867,TUBA3C
19868,RP11-408E5.5
19869,LINC00421
19870,RP11-385E5.5
19871,TPTE2
19872,MPHOSPH8
19873,RP11-523H24.3
19874,PSPC1
19875,ZMYM5
19876,RP11-61K9.2
19877,RP11-61K9.3
19878,ZMYM2
19879,LINC01072
19880,GJA3
19881,GJB2
19882,GJB6
19883,CRYL1
19884,RP11-476H16.1
19885,IFT88
19886,RP11-172H24.4
19887,IL17D
19888,N6AMT2
19889,XPO4
19890,LATS2
19891,LATS2-AS1
19892,SAP18
19893,SKA3
19894,MRPL57
19895,LINC01046
19896,LINC00539
19897,ZDHHC20
19898,MICU2
19899,FGF9
19900,LINC00424
19901,LINC00540
19902,AL354828.1
19903,AL354828.2
19904,LINC00621
19905,RP11-124N19.3
19906,RP11-124N19.4
19907,LINC00362
19908,SGCG
19909,SACS
19910,SACS-AS1
19911,LINC00327
19912,LINC00352
19913,TNFRSF19
19914,MIPEP
19915,C1QTNF9B-AS1
19916,C1QTNF9B
19917,RP11-307N16.6
19918,SPATA13-AS1
19919,C1QTNF9
19920,C1QTNF9-AS1
19921,LINC00566
19922,PARP4
19923,ATP12A
19924,RNF17
19925,CENPJ
19926,PABPC3
19927,AMER2
19928,LINC00463
19929,LINC01053
19930,LINC01076
19931,MTMR6
19932,RP11-271M24.2
19933,NUP58
19934,ATP8A2
19935,SHISA2
19936,RNF6
19937,RP11-380N8.7
19938,CDK8
19939,WASF3
19940,WASF3-AS1
19941,GPR12
19942,USP12
19943,USP12-AS1
19944,USP12-AS2
19945,RP11-428O18.6
19946,RPL21
19947,RASL11A
19948,GTF3A
19949,MTIF3
19950,LNX2
19951,POLR1D
19952,RP11-87C7.3
19953,GSX1
19954,PDX1-AS1
19955,PDX1
19956,ATP5EP2
19957,LINC00543
19958,CDX2
19959,URAD
19960,FLT3
19961,PAN3-AS1
19962,PAN3
19963,FLT1
19964,POMP
19965,SLC46A3
19966,MTUS2
19967,MTUS2-AS2
19968,MTUS2-AS1
19969,SLC7A1
19970,UBL3
19971,LINC00297
19972,LINC00572
19973,LINC00544
19974,LINC00365
19975,LINC00384
19976,KATNAL1
19977,LINC00427
19978,LINC00426
19979,LINC01058
19980,HMGB1
19981,USPL1
19982,ALOX5AP
19983,LINC00398
19984,TEX26-AS1
19985,LINC00545
19986,MEDAG
19987,TEX26
19988,RP11-252M21.6
19989,HSPH1
19990,B3GLCT
19991,RP11-326L9.1
19992,RXFP2
19993,LINC01073
19994,FRY-AS1
19995,FRY
19996,ZAR1L
19997,BRCA2
19998,N4BP2L1
19999,N4BP2L2
20000,PDS5B
20001,RP11-380B4.3
20002,LINC00423
20003,KL
20004,STARD13
20005,RP11-141M1.3
20006,RP11-37L2.1
20007,RP11-179A7.2
20008,RFC3
20009,RP11-16D22.2
20010,LINC00457
20011,RP11-266E6.3
20012,RP11-307O13.1
20013,NBEA
20014,MAB21L1
20015,LINC00445
20016,DCLK1
20017,SOHLH2
20018,CCDC169-SOHLH2
20019,SPG20
20020,SPG20-AS1
20021,CCNA1
20022,SERTM1
20023,RFXAP
20024,SMAD9
20025,ALG5
20026,EXOSC8
20027,SUPT20H
20028,AL138706.2
20029,CSNK1A1L
20030,LINC01048
20031,LINC00547
20032,POSTN
20033,TRPC4
20034,RP11-93G5.1
20035,LINC00571
20036,UFM1
20037,LINC00437
20038,LINC00366
20039,FREM2
20040,FREM2-AS1
20041,STOML3
20042,PROSER1
20043,NHLRC3
20044,RP11-50D16.4
20045,LHFP
20046,COG6
20047,RP11-427J23.1
20048,LINC00332
20049,RP11-172E9.2
20050,LINC00598
20051,FOXO1
20052,MRPS31
20053,SLC25A15
20054,ELF1
20055,WBP4
20056,KBTBD6
20057,RP11-74J13.8
20058,KBTBD7
20059,MTRF1
20060,NAA16
20061,RGCC
20062,VWA8
20063,VWA8-AS1
20064,DGKH
20065,RP11-187A9.3
20066,AKAP11
20067,TNFSF11
20068,FAM216B
20069,LINC01050
20070,EPSTI1
20071,DNAJC15
20072,LINC00400
20073,ENOX1
20074,ENOX1-AS2
20075,ENOX1-AS1
20076,RP11-168P13.1
20077,CCDC122
20078,LACC1
20079,RP11-65B7.2
20080,LINC00284
20081,LINC00390
20082,SMIM2-AS1
20083,SMIM2
20084,RP11-478K15.6
20085,RP11-269C23.5
20086,SERP2
20087,TUSC8
20088,TSC22D1
20089,TSC22D1-AS1
20090,LINC00407
20091,RP11-442J21.2
20092,LINC00330
20093,NUFIP1
20094,RP11-321C24.1
20095,GPALPP1
20096,GTF2F2
20097,KCTD4
20098,TPT1
20099,RP11-290D2.6
20100,TPT1-AS1
20101,SLC25A30
20102,SLC25A30-AS1
20103,COG3
20104,ERICH6B
20105,LINC01055
20106,SPERT
20107,SIAH3
20108,ZC3H13
20109,CPB2-AS1
20110,CPB2
20111,LCP1
20112,LRRC63
20113,LINC00563
20114,KIAA0226L
20115,LINC01198
20116,RP11-189B4.7
20117,LRCH1
20118,ESD
20119,HTR2A
20120,HTR2A-AS1
20121,RP11-279N8.1
20122,LINC00444
20123,LINC00562
20124,SUCLA2
20125,SUCLA2-AS1
20126,NUDT15
20127,RP11-90M2.5
20128,MED4
20129,MED4-AS1
20130,ITM2B
20131,LINC00441
20132,RB1
20133,RP11-305D15.8
20134,LPAR6
20135,RCBTB2
20136,LINC01077
20137,CYSLTR2
20138,RP11-156K23.3
20139,FNDC3A
20140,CDADC1
20141,CAB39L
20142,SETDB2
20143,PHF11
20144,RCBTB1
20145,ARL11
20146,EBPL
20147,KPNA3
20148,RP11-195L15.2
20149,SPRYD7
20150,DLEU2
20151,TRIM13
20152,KCNRG
20153,DLEU1
20154,DLEU1-AS1
20155,DLEU7
20156,DLEU7-AS1
20157,RNASEH2B-AS1
20158,RNASEH2B
20159,LINC00371
20160,FAM124A
20161,SERPINE3
20162,INTS6
20163,INTS6-AS1
20164,WDFY2
20165,DHRS12
20166,RP11-327P2.5
20167,LINC00282
20168,CCDC70
20169,ATP7B
20170,ALG11
20171,UTP14C
20172,NEK5
20173,RP11-248G5.9
20174,NEK3
20175,RP13-444H2.1
20176,THSD1
20177,VPS36
20178,RP11-245D16.4
20179,CKAP2
20180,RP11-78J21.4
20181,HNRNPA1L2
20182,RP11-93H24.3
20183,SUGT1
20184,LECT1
20185,PCDH8
20186,OLFM4
20187,LINC01065
20188,RP11-24H2.3
20189,RP11-384G23.1
20190,LINC00558
20191,LINC00458
20192,RP11-108H9.1
20193,RP11-78L16.1
20194,RP11-415G4.1
20195,PRR20C
20196,PCDH17
20197,RP11-95F22.1
20198,RP11-538C21.2
20199,LINC00374
20200,DIAPH3
20201,DIAPH3-AS1
20202,DIAPH3-AS2
20203,LINC00434
20204,TDRD3
20205,LINC00378
20206,LINC01442
20207,PCDH20
20208,RP11-310K10.1
20209,LINC00358
20210,LINC01075
20211,LINC00459
20212,LINC00448
20213,RP11-527N12.2
20214,LINC00376
20215,LINC00395
20216,RP11-473M10.3
20217,RP11-394A14.2
20218,LINC00355
20219,LINC01052
20220,PCDH9
20221,PCDH9-AS1
20222,PCDH9-AS2
20223,PCDH9-AS3
20224,PCDH9-AS4
20225,LINC00364
20226,LINC00550
20227,RP11-411G9.2
20228,LINC00383
20229,RP11-459J23.1
20230,KLHL1
20231,ATXN8OS
20232,LINC00348
20233,DACH1
20234,MZT1
20235,BORA
20236,DIS3
20237,PIBF1
20238,KLF5
20239,LINC00393
20240,LINC00392
20241,KLF12
20242,LINC00402
20243,RP11-512C24.3
20244,LINC00381
20245,RP11-285E18.2
20246,LINC00347
20247,TBC1D4
20248,COMMD6
20249,UCHL3
20250,LMO7-AS1
20251,LMO7
20252,LMO7DN
20253,LINC00561
20254,LINC01034
20255,KCTD12
20256,AC000403.4
20257,IRG1
20258,CLN5
20259,FBXL3
20260,AC001226.7
20261,MYCBP2
20262,MYCBP2-AS1
20263,SCEL
20264,SCEL-AS1
20265,SLAIN1
20266,EDNRB-AS1
20267,EDNRB
20268,RNF219-AS1
20269,RP11-318G21.4
20270,LINC01069
20271,RP11-203P2.2
20272,POU4F1
20273,RNF219
20274,LINC00331
20275,RBM26
20276,RBM26-AS1
20277,NDFIP2-AS1
20278,NDFIP2
20279,LINC01068
20280,LINC00382
20281,LINC01080
20282,SPRY2
20283,LINC00377
20284,RP11-452B18.2
20285,SLITRK1
20286,LINC00333
20287,LINC00375
20288,LINC00351
20289,SLITRK6
20290,RP11-30L8.1
20291,LINC00430
20292,RP11-342C20.2
20293,MIR4500HG
20294,SLITRK5
20295,LINC00397
20296,RP11-471M2.3
20297,RP11-545P6.2
20298,LINC00433
20299,LINC00560
20300,LINC01047
20301,LINC00440
20302,LINC01040
20303,RP11-75N6.3
20304,LINC00559
20305,LINC01049
20306,LINC00410
20307,LINC00379
20308,GPC5
20309,GPC5-AS2
20310,GPC5-AS1
20311,LINC00363
20312,RP11-632L2.2
20313,GPC6
20314,GPC6-AS2
20315,GPC6-AS1
20316,DCT
20317,TGDS
20318,GPR180
20319,LINC00391
20320,SOX21
20321,SOX21-AS1
20322,ABCC4
20323,CLDN10
20324,CLDN10-AS1
20325,DZIP1
20326,DNAJC3-AS1
20327,DNAJC3
20328,UGGT2
20329,HS6ST3
20330,LINC00359
20331,RP11-65L19.4
20332,OXGR1
20333,LINC00456
20334,MBNL2
20335,RAP2A
20336,RP11-120E13.1
20337,RP11-383H17.4
20338,IPO5
20339,FARP1
20340,RNF113B
20341,RP11-261P24.2
20342,FARP1-AS1
20343,STK24
20344,STK24-AS1
20345,SLC15A1
20346,DOCK9
20347,DOCK9-AS1
20348,DOCK9-AS2
20349,UBAC2-AS1
20350,UBAC2
20351,GPR18
20352,GPR183
20353,RP11-214F16.8
20354,LINC00449
20355,TM9SF2
20356,LINC01039
20357,CLYBL
20358,CLYBL-AS2
20359,CLYBL-AS1
20360,ZIC5
20361,ZIC2
20362,LINC00554
20363,RP11-12G12.7
20364,PCCA
20365,PCCA-AS1
20366,GGACT
20367,RP11-151A6.6
20368,TMTC4
20369,NALCN-AS1
20370,NALCN
20371,ITGBL1
20372,FGF14
20373,RP11-397O8.7
20374,FGF14-AS1
20375,FGF14-AS2
20376,RP11-29B2.6
20377,TPP2
20378,METTL21C
20379,CCDC168
20380,LINC00283
20381,TEX30
20382,KDELC1
20383,BIVM
20384,BIVM-ERCC5
20385,ERCC5
20386,RP11-255P5.2
20387,RP11-255P5.3
20388,SLC10A2
20389,LINC01309
20390,DAOA-AS1
20391,DAOA
20392,RP11-252M24.1
20393,LINC00460
20394,EFNB2
20395,ARGLU1
20396,LINC00551
20397,LINC00443
20398,RP11-282A11.3
20399,RP11-282A11.4
20400,FAM155A
20401,RP11-346C4.3
20402,LIG4
20403,ABHD13
20404,TNFSF13B
20405,MYO16
20406,MYO16-AS1
20407,RP11-54H7.4
20408,LINC00370
20409,LINC01067
20410,LINC00676
20411,IRS2
20412,RP11-40E6.1
20413,RP11-403A3.1
20414,RP11-403A3.3
20415,LINC00396
20416,COL4A1
20417,COL4A2
20418,COL4A2-AS2
20419,COL4A2-AS1
20420,RAB20
20421,RP11-90L1.8
20422,CARKD
20423,CARS2
20424,ING1
20425,LINC00567
20426,LINC00346
20427,ANKRD10
20428,RP11-365P13.5
20429,LINC00431
20430,LINC00368
20431,ARHGEF7-AS2
20432,ARHGEF7
20433,ARHGEF7-AS1
20434,TEX29
20435,RP11-65D24.2
20436,LINC00354
20437,SOX1
20438,RP11-450H6.3
20439,LINC00404
20440,LINC00403
20441,LINC01070
20442,LINC01044
20443,SPACA7
20444,TUBGCP3
20445,RP11-88E10.4
20446,ATP11AUN
20447,RP11-88E10.5
20448,ATP11A
20449,ATP11A-AS1
20450,MCF2L
20451,RP11-120K24.3
20452,MCF2L-AS1
20453,F7
20454,F10
20455,F10-AS1
20456,PROZ
20457,RP11-98F14.11
20458,PCID2
20459,CUL4A
20460,LAMP1
20461,GRTP1
20462,GRTP1-AS1
20463,ADPRHL1
20464,DCUN1D2
20465,DCUN1D2-AS
20466,TMCO3
20467,TFDP1
20468,ATP4B
20469,GRK1
20470,TMEM255B
20471,GAS6-AS1
20472,GAS6
20473,GAS6-AS2
20474,RP11-199F6.4
20475,LINC00454
20476,LINC00453
20477,LINC00452
20478,LINC00565
20479,RASA3
20480,CDC16
20481,UPF3A
20482,CHAMP1
20483,LINC01054
20484,RP11-536C10.4
20485,RP11-536C10.7
20486,CTD-2311B13.1
20487,POTEM
20488,CTD-2314B22.1
20489,RP11-146E13.4
20490,AL589743.1
20491,LINC01297
20492,POTEG
20493,OR4N2
20494,OR11H6
20495,OR11H4
20496,TTC5
20497,CTD-2292M16.7
20498,CCNB1IP1
20499,RPPH1
20500,PARP2
20501,RP11-203M5.2
20502,TEP1
20503,KLHL33
20504,OSGEP
20505,RP11-203M5.7
20506,APEX1
20507,TMEM55B
20508,PNP
20509,RP11-203M5.8
20510,RNASE10
20511,RP11-14J7.6
20512,RNASE4
20513,RP11-903H12.3
20514,EDDM3A
20515,EDDM3B
20516,RNASE6
20517,RNASE1
20518,RP11-219E7.3
20519,RNASE3
20520,RP11-219E7.4
20521,RNASE2
20522,METTL17
20523,RP11-84C10.4
20524,SLC39A2
20525,NDRG2
20526,TPPP2
20527,RNASE8
20528,ARHGEF40
20529,ZNF219
20530,TMEM253
20531,RP11-998D10.4
20532,HNRNPC
20533,RPGRIP1
20534,SUPT16H
20535,RP11-524O1.4
20536,CHD8
20537,RAB2B
20538,TOX4
20539,METTL3
20540,SALL2
20541,AE000658.22
20542,OR10G3
20543,AE000658.31
20544,TRAV5
20545,TRAV13-1
20546,TRAV13-2
20547,TRAV8-6
20548,TRAV17
20549,TRAV24
20550,TRAV30
20551,TRAV38-2DV8
20552,TRAV41
20553,TRDV2
20554,TRDC
20555,TRAC
20556,AE000662.93
20557,DAD1
20558,CH17-302M23.1
20559,ABHD4
20560,OXA1L
20561,SLC7A7
20562,MRPL52
20563,MMP14
20564,LRP10
20565,REM2
20566,RBM23
20567,PRMT5-AS1
20568,PRMT5
20569,RP11-298I3.1
20570,HAUS4
20571,RP11-298I3.5
20572,RP11-298I3.4
20573,C14orf93
20574,PSMB5
20575,PSMB11
20576,CDH24
20577,ACIN1
20578,C14orf119
20579,CEBPE
20580,SLC7A8
20581,RNF212B
20582,HOMEZ
20583,PPP1R3E
20584,BCL2L2
20585,BCL2L2-PABPN1
20586,PABPN1
20587,SLC22A17
20588,EFS
20589,RP11-124D2.3
20590,CMTM5
20591,MYH6
20592,MYH7
20593,NGDN
20594,ZFHX2
20595,RP11-66N24.7
20596,THTPA
20597,AP1G2
20598,RP11-66N24.3
20599,JPH4
20600,RP11-66N24.6
20601,DHRS2
20602,LINC00596
20603,DHRS4-AS1
20604,DHRS4
20605,DHRS4L2
20606,LRRC16B
20607,CPNE6
20608,NRL
20609,PCK2
20610,DCAF11
20611,RP11-468E2.6
20612,FITM1
20613,PSME1
20614,EMC9
20615,RP11-468E2.5
20616,PSME2
20617,RNF31
20618,RP11-468E2.4
20619,REC8
20620,IPO4
20621,RP11-468E2.2
20622,RP11-468E2.1
20623,RP11-468E2.10
20624,TSSK4
20625,CHMP4A
20626,MDP1
20627,NEDD8-MDP1
20628,NEDD8
20629,GMPR2
20630,TINF2
20631,TGM1
20632,RABGGTA
20633,DHRS1
20634,NOP9
20635,CIDEB
20636,LTB4R2
20637,LTB4R
20638,ADCY4
20639,RIPK3
20640,NFATC4
20641,NYNRIN
20642,CBLN3
20643,KHNYN
20644,SDR39U1
20645,RP11-80A15.1
20646,CMA1
20647,RP11-104E19.1
20648,GZMH
20649,GZMB
20650,STXBP6
20651,AL137164.1
20652,RP11-314P15.2
20653,NOVA1
20654,NOVA1-AS1
20655,RP11-626P14.1
20656,RP11-626P14.2
20657,RP11-384J4.2
20658,LINC00645
20659,CTD-2591A6.2
20660,RP11-412H8.2
20661,FOXG1-AS1
20662,FOXG1
20663,LINC01551
20664,RP11-966I7.2
20665,RP11-966I7.3
20666,RP11-966I7.4
20667,CTD-2384A14.1
20668,RP11-148E17.1
20669,CTD-2384A14.2
20670,RP11-260G13.1
20671,PRKD1
20672,CTD-2503I6.1
20673,RP11-269C4.2
20674,CTD-2251F13.1
20675,RP11-1103G16.1
20676,G2E3
20677,SCFD1
20678,RP11-159L20.2
20679,COCH
20680,RP11-829H16.3
20681,STRN3
20682,AP4S1
20683,HECTD1
20684,RP11-596D21.1
20685,HEATR5A
20686,RP11-176H8.1
20687,CTD-2213F21.2
20688,DTD2
20689,GPR33
20690,NUBPL
20691,CTD-2213F21.4
20692,CTD-2213F21.3
20693,RP11-159D23.2
20694,RP11-187E13.1
20695,RP11-187E13.2
20696,ARHGAP5-AS1
20697,ARHGAP5
20698,AKAP6
20699,RP11-320M16.2
20700,NPAS3
20701,EGLN3
20702,EGLN3-AS1
20703,EAPP
20704,RP11-671J11.7
20705,RP11-671J11.4
20706,SNX6
20707,CFL2
20708,BAZ1A
20709,RP11-73E17.2
20710,SRP54
20711,FAM177A1
20712,PPP2R3C
20713,KIAA0391
20714,RP11-561B11.2
20715,PSMA6
20716,RP11-561B11.3
20717,NFKBIA
20718,RP11-561B11.6
20719,INSM2
20720,RALGAPA1
20721,RP11-317N8.5
20722,BRMS1L
20723,RP11-116N8.2
20724,RP11-116N8.4
20725,LINC00609
20726,PTCSC3
20727,RP11-259K15.2
20728,MBIP
20729,SFTA3
20730,NKX2-1
20731,NKX2-1-AS1
20732,NKX2-8
20733,PAX9
20734,SLC25A21
20735,RP11-81F13.1
20736,RP11-81F13.2
20737,SLC25A21-AS1
20738,MIPOL1
20739,RP11-356O9.2
20740,RP11-356O9.1
20741,FOXA1
20742,TTC6
20743,LINC00517
20744,CTD-2058B24.3
20745,CTD-2058B24.2
20746,CTD-2142D14.1
20747,SSTR1
20748,CLEC14A
20749,RP11-96D24.1
20750,LINC00639
20751,SEC23A
20752,RP11-545M17.1
20753,GEMIN2
20754,TRAPPC6B
20755,RP11-407N17.4
20756,PNN
20757,MIA2
20758,RP11-407N17.3
20759,CTAGE5
20760,RP11-407N17.5
20761,FBXO33
20762,RP11-111A21.1
20763,RP11-662J14.1
20764,RP11-662J14.2
20765,RP11-129M6.1
20766,CTD-2298J14.2
20767,LRFN5
20768,RP11-313C4.1
20769,RP11-214N1.1
20770,RP11-305B6.3
20771,RP11-99L13.2
20772,RP11-99L13.1
20773,FSCB
20774,RP11-163M18.1
20775,RP11-398E10.1
20776,RP11-857B24.1
20777,C14orf28
20778,RP11-857B24.5
20779,KLHL28
20780,FAM179B
20781,CTD-3028N15.3
20782,CTD-3028N15.1
20783,PRPF39
20784,FKBP3
20785,FANCM
20786,MIS18BP1
20787,RP11-454K7.3
20788,RP11-454K7.1
20789,RP11-945F5.1
20790,RP11-369C8.1
20791,LINC00871
20792,RPL10L
20793,MDGA2
20794,LINC00648
20795,RP11-2G1.1
20796,RP11-816J8.1
20797,RPS29
20798,LRR1
20799,RPL36AL
20800,MGAT2
20801,RP11-649E7.5
20802,DNAAF2
20803,POLE2
20804,KLHDC1
20805,RP11-831F12.2
20806,KLHDC2
20807,NEMF
20808,RP11-596C23.6
20809,RP11-596C23.2
20810,ARF6
20811,LINC01588
20812,VCPKMT
20813,SOS2
20814,L2HGDH
20815,ATP5S
20816,RP11-247L20.4
20817,CDKL1
20818,RP11-247L20.3
20819,MAP4K5
20820,RP11-406H23.2
20821,ATL1
20822,SAV1
20823,NIN
20824,RP11-286O18.1
20825,RP11-218E20.2
20826,PYGL
20827,ABHD12B
20828,RP11-218E20.5
20829,RP11-218E20.3
20830,TRIM9
20831,RP11-1140I5.1
20832,TMX1
20833,LINC00519
20834,LINC00640
20835,RP11-255G12.2
20836,RP11-255G12.3
20837,FRMD6-AS2
20838,FRMD6
20839,RP11-102G14.1
20840,FRMD6-AS1
20841,RP11-280K24.1
20842,GNG2
20843,RP11-463J10.2
20844,RP11-463J10.3
20845,RP11-463J10.4
20846,C14orf166
20847,NID2
20848,RP11-1033H12.1
20849,PTGDR
20850,PTGER2
20851,TXNDC16
20852,GPR137C
20853,ERO1A
20854,RP11-841O20.2
20855,PSMC6
20856,STYX
20857,GNPNAT1
20858,RP11-589M4.1
20859,RP11-589M4.3
20860,FERMT2
20861,DDHD1
20862,RP11-368P15.3
20863,RP11-547D23.1
20864,AL163953.2
20865,AL162759.1
20866,BMP4
20867,CDKN3
20868,CNIH1
20869,GMFB
20870,CGRRF1
20871,SAMD4A
20872,GCH1
20873,WDHD1
20874,SOCS4
20875,MAPK1IP1L
20876,LGALS3
20877,DLGAP5
20878,RP11-698F20.3
20879,RP11-665C16.6
20880,FBXO34
20881,RP11-665C16.5
20882,ATG14
20883,TBPL2
20884,KTN1-AS1
20885,KTN1
20886,RP11-813I20.2
20887,LINC00520
20888,CTD-2588E21.1
20889,PELI2
20890,RP11-930O11.2
20891,RP11-930O11.3
20892,RP11-930O11.1
20893,TMEM260
20894,RP11-1085N6.2
20895,RP11-1085N6.3
20896,RP11-1085N6.4
20897,OTX2
20898,OTX2-AS1
20899,RP11-1085N6.5
20900,RP11-108M12.3
20901,EXOC5
20902,AP5M1
20903,RP11-932A10.1
20904,NAA30
20905,C14orf105
20906,SLC35F4
20907,RP11-409I10.2
20908,C14orf37
20909,ACTR10
20910,PSMA3
20911,LINC00216
20912,ARID4A
20913,RP11-517O13.3
20914,TOMM20L
20915,RP11-517O13.1
20916,TIMM9
20917,KIAA0586
20918,DACT1
20919,LINC01500
20920,DAAM1
20921,GPR135
20922,L3HYPDH
20923,JKAMP
20924,CCDC175
20925,RTN1
20926,RP11-62H20.1
20927,LRRC9
20928,RP11-16B13.1
20929,PCNXL4
20930,DHRS7
20931,CTD-2184C24.2
20932,PPM1A
20933,CTD-2568P8.1
20934,C14orf39
20935,SIX6
20936,RP11-1042B17.3
20937,SIX1
20938,SIX4
20939,MNAT1
20940,TRMT5
20941,SLC38A6
20942,PRKCH
20943,TMEM30B
20944,RP11-902B17.1
20945,RP11-47I22.4
20946,RP11-47I22.1
20947,RP11-47I22.2
20948,FLJ22447
20949,HIF1A-AS1
20950,HIF1A
20951,HIF1A-AS2
20952,SNAPC1
20953,CTD-2277K2.1
20954,SYT16
20955,RP11-355I22.5
20956,RP11-355I22.2
20957,LINC00643
20958,LINC00644
20959,KCNH5
20960,RP11-1112J20.2
20961,RHOJ
20962,RP11-696D21.2
20963,GPHB5
20964,PPP2R5E
20965,CTD-2302E22.4
20966,WDR89
20967,CTD-2302E22.2
20968,CTD-2302E22.6
20969,SGPP1
20970,SYNE2
20971,ESR2
20972,RP11-544I20.2
20973,CTD-2555O16.1
20974,MTHFD1
20975,CTD-2555O16.2
20976,ZBTB25
20977,AKAP5
20978,ZBTB1
20979,RP11-973N13.4
20980,HSPA2
20981,PPP1R36
20982,RP11-973N13.3
20983,PLEKHG3
20984,SPTB
20985,CHURC1
20986,CHURC1-FNTB
20987,GPX2
20988,RAB15
20989,FNTB
20990,RP11-840I19.5
20991,MAX
20992,RP11-840I19.3
20993,CTD-2509G16.2
20994,CTD-2509G16.5
20995,FUT8
20996,FUT8-AS1
20997,CTD-2014B16.3
20998,RP11-783L4.1
20999,RP11-72M17.1
21000,GPHN
21001,RP11-862P13.1
21002,FAM71D
21003,MPP5
21004,ATP6V1D
21005,EIF2S1
21006,PLEK2
21007,TMEM229B
21008,PLEKHH1
21009,PIGH
21010,ARG2
21011,VTI1B
21012,RP11-1012A1.4
21013,RDH11
21014,RDH12
21015,ZFYVE26
21016,RAD51B
21017,CTD-2566J3.1
21018,CTD-2325P2.4
21019,CTD-2325P2.3
21020,ZFP36L1
21021,ACTN1
21022,ACTN1-AS1
21023,DCAF5
21024,RP11-817G13.3
21025,RP11-363J20.1
21026,EXD2
21027,RP11-363J20.2
21028,GALNT16
21029,ERH
21030,SLC39A9
21031,PLEKHD1
21032,CCDC177
21033,SUSD6
21034,SRSF5
21035,SLC10A1
21036,SMOC1
21037,SLC8A3
21038,RP11-486O13.2
21039,RP11-718G2.5
21040,COX16
21041,SYNJ2BP-COX16
21042,RP11-486O13.4
21043,ADAM21
21044,MED6
21045,CTD-2540L5.5
21046,CTD-2540L5.6
21047,TTC9
21048,LINC01269
21049,MAP3K9
21050,RP6-65G23.3
21051,RP6-65G23.5
21052,RP1-292L20.3
21053,PCNX
21054,RP6-91H8.3
21055,RP6-91H8.2
21056,RP6-91H8.1
21057,RP6-91H8.5
21058,RP1-261D10.2
21059,SIPA1L1
21060,RP6-114E22.1
21061,RGS6
21062,RP3-514A23.2
21063,DPF3
21064,DCAF4
21065,ZFYVE1
21066,RP11-109N23.4
21067,RBM25
21068,PSEN1
21069,PAPLN
21070,RP4-647C14.2
21071,RP4-647C14.3
21072,NUMB
21073,HEATR4
21074,C14orf169
21075,RP3-414A15.2
21076,ACOT1
21077,ACOT2
21078,ACOT4
21079,ACOT6
21080,RP3-414A15.10
21081,DNAL1
21082,RP4-693M11.3
21083,PNMA1
21084,ELMSAN1
21085,RP5-1021I20.1
21086,RP5-1021I20.2
21087,PTGR2
21088,RP5-1021I20.8
21089,ZNF410
21090,RP5-1021I20.5
21091,FAM161B
21092,COQ6
21093,ENTPD5
21094,AC005480.1
21095,BBOF1
21096,ALDH6A1
21097,LIN52
21098,VSX2
21099,ABCD4
21100,VRTN
21101,SYNDIG1L
21102,RP3-449M8.9
21103,RP3-449M8.6
21104,NPC2
21105,ISCA2
21106,LTBP2
21107,CTD-2207P18.1
21108,CTD-2207P18.2
21109,AREL1
21110,FCF1
21111,YLPM1
21112,PROX2
21113,DLST
21114,RPS6KL1
21115,PGF
21116,EIF2B2
21117,RP11-950C14.3
21118,MLH3
21119,ACYP1
21120,ZC2HC1C
21121,NEK9
21122,RP11-950C14.7
21123,TMED10
21124,CTD-3075F15.1
21125,RP11-293M10.1
21126,RP11-293M10.2
21127,FOS
21128,LINC01220
21129,RP11-293M10.6
21130,JDP2
21131,BATF
21132,AC007182.6
21133,FLVCR2
21134,TTLL5
21135,C14orf1
21136,RP11-270M14.4
21137,IFT43
21138,TGFB3
21139,GPATCH2L
21140,RP11-516J2.1
21141,ESRRB
21142,RP11-187O7.3
21143,RP11-99E15.2
21144,VASH1
21145,RP11-488C13.6
21146,RP11-488C13.5
21147,ANGEL1
21148,LRRC74A
21149,RP11-488C13.4
21150,LINC01629
21151,IRF2BPL
21152,RP11-7F17.8
21153,RP11-7F17.5
21154,RP11-7F17.4
21155,CIPC
21156,TMEM63C
21157,ZDHHC22
21158,NGB
21159,POMT2
21160,GSTZ1
21161,TMED8
21162,SAMD15
21163,NOXRED1
21164,VIPAS39
21165,AHSA1
21166,ISM2
21167,SPTLC2
21168,ALKBH1
21169,SLIRP
21170,SNW1
21171,C14orf178
21172,ADCK1
21173,NRXN3
21174,RP11-332E19.2
21175,RP11-232C2.3
21176,RP11-232C2.2
21177,RP11-232C2.1
21178,CTD-2243E23.1
21179,RP11-588P7.2
21180,RP11-242P2.2
21181,RP11-242P2.1
21182,RP11-526N18.1
21183,DIO2
21184,DIO2-AS1
21185,CEP128
21186,TSHR
21187,RP11-114N19.3
21188,GTF2A1
21189,CTD-2506P8.6
21190,STON2
21191,RP11-299L17.3
21192,SEL1L
21193,LINC01467
21194,RP11-226P1.2
21195,RP11-666E17.1
21196,RP11-406A9.2
21197,RP11-452D21.2
21198,RP11-452D21.1
21199,RP11-789A21.1
21200,CTD-2128A3.2
21201,LINC00911
21202,RP11-497E19.1
21203,RP11-497E19.2
21204,FLRT2
21205,CTD-2341M24.1
21206,RP11-1079H9.1
21207,RP11-26L16.1
21208,RP11-322L20.1
21209,RP11-736P16.1
21210,RP11-594C13.2
21211,RP11-594C13.1
21212,RP11-325D8.1
21213,CTD-2007A10.1
21214,RP11-1152H15.1
21215,RP11-804L24.2
21216,GALC
21217,GPR65
21218,RP11-300J18.2
21219,RP11-300J18.1
21220,LINC01146
21221,RP11-753D20.1
21222,RP11-753D20.4
21223,RP11-753D20.3
21224,KCNK10
21225,SPATA7
21226,PTPN21
21227,RP11-507K2.2
21228,RP11-507K2.3
21229,ZC3H14
21230,EML5
21231,RP11-976B16.1
21232,TTC8
21233,FOXN3
21234,RP11-681H18.2
21235,RP11-356K23.1
21236,RP11-33N16.2
21237,FOXN3-AS1
21238,RP11-944C7.1
21239,EFCAB11
21240,TDP1
21241,KCNK13
21242,PSMC1
21243,NRDE2
21244,RP11-471B22.3
21245,CALM1
21246,RP11-471B22.2
21247,RP11-1078H9.1
21248,LINC00642
21249,TTC7B
21250,RP11-1078H9.2
21251,RP11-1078H9.5
21252,RP11-661G16.2
21253,CTD-3035D6.2
21254,RPS6KA5
21255,C14orf159
21256,GPR68
21257,CTD-2547L24.4
21258,CCDC88C
21259,RP11-895M11.3
21260,PPP4R3A
21261,CATSPERB
21262,TC2N
21263,FBLN5
21264,TRIP11
21265,ATXN3
21266,AL049872.1
21267,NDUFB1
21268,CPSF2
21269,RP11-472N19.3
21270,SLC24A4
21271,RIN3
21272,LGMN
21273,GOLGA5
21274,RP11-862G15.1
21275,RP11-862G15.2
21276,CHGA
21277,ITPK1
21278,ITPK1-AS1
21279,MOAP1
21280,TMEM251
21281,RP11-371E8.4
21282,C14orf142
21283,UBR7
21284,BTBD7
21285,UNC79
21286,PRIMA1
21287,FAM181A-AS1
21288,FAM181A
21289,ASB2
21290,RP11-131H24.4
21291,LINC00521
21292,OTUB2
21293,DDX24
21294,IFI27L1
21295,IFI27
21296,IFI27L2
21297,PPP4R4
21298,SERPINA10
21299,SERPINA6
21300,SERPINA1
21301,RP11-349I1.2
21302,SERPINA11
21303,SERPINA9
21304,SERPINA12
21305,SERPINA5
21306,SERPINA3
21307,GSC
21308,DICER1
21309,DICER1-AS1
21310,CLMN
21311,RP11-725G5.2
21312,SYNE3
21313,RP11-1070N10.3
21314,SNHG10
21315,GLRX5
21316,RP11-1070N10.4
21317,RP11-1070N10.5
21318,TCL1B
21319,TCL1A
21320,RP11-164H13.1
21321,RP11-185P18.2
21322,TUNAR
21323,C14orf132
21324,RP11-404P21.8
21325,BDKRB1
21326,RP11-404P21.3
21327,RP11-404P21.6
21328,ATG2B
21329,GSKIP
21330,AK7
21331,RP11-872J21.3
21332,PAPOLA
21333,RP11-433J8.1
21334,RP11-433J8.2
21335,VRK1
21336,LINC00618
21337,RP11-907D1.1
21338,RP11-359N5.1
21339,CTD-2506J14.1
21340,RP11-76E12.1
21341,RP11-204N11.1
21342,LINC01550
21343,RP11-61O1.1
21344,RP11-1082A3.1
21345,C14orf177
21346,RP11-1127D7.1
21347,BCL11B
21348,AL109767.1
21349,CTD-2200A16.1
21350,SETD3
21351,CCNK
21352,CCDC85C
21353,RP11-543C4.1
21354,HHIPL1
21355,CYP46A1
21356,RP11-543C4.3
21357,EML1
21358,EVL
21359,RP11-436M15.3
21360,CTD-2376I20.1
21361,DEGS2
21362,RP11-638I2.4
21363,YY1
21364,SLC25A29
21365,RP11-638I2.6
21366,SLC25A47
21367,WARS
21368,RP11-638I2.8
21369,WDR25
21370,BEGAIN
21371,CTD-2062F14.3
21372,LINC00523
21373,RP11-566J3.2
21374,DLK1
21375,MEG3
21376,RP11-123M6.2
21377,RTL1
21378,MEG8
21379,SNHG23
21380,AL132709.8
21381,SNHG24
21382,MIR381HG
21383,MEG9
21384,AL132709.1
21385,RP11-8L8.2
21386,CTD-2561F5.1
21387,RP11-168L7.1
21388,LINC00524
21389,RP11-168L7.3
21390,RP11-1029J19.2
21391,DIO3OS
21392,DIO3
21393,RP11-1029J19.4
21394,RP11-1029J19.5
21395,LINC00239
21396,PPP2R5C
21397,CTD-2017C7.2
21398,CTD-2017C7.1
21399,RP11-1017G21.5
21400,RP11-1017G21.6
21401,DYNC1H1
21402,RP11-1017G21.4
21403,HSP90AA1
21404,WDR20
21405,MOK
21406,ZNF839
21407,CINP
21408,TECPR2
21409,ANKRD9
21410,CTD-2555C10.3
21411,RCOR1
21412,RP11-661D19.3
21413,TRAF3
21414,AMN
21415,CDC42BPB
21416,RP11-365N19.2
21417,RP11-736N17.11
21418,EXOC3L4
21419,LINC00677
21420,TNFAIP2
21421,RP11-736N17.10
21422,RP11-45P15.4
21423,EIF5
21424,MARK3
21425,CKB
21426,RP11-600F24.7
21427,TRMT61A
21428,RP11-894P9.2
21429,BAG5
21430,KLC1
21431,RP11-894P9.1
21432,RP11-73M18.10
21433,XRCC3
21434,ZFYVE21
21435,PPP1R13B
21436,LINC00637
21437,CTD-2134A5.4
21438,CTD-2134A5.3
21439,C14orf2
21440,TDRD9
21441,RD3L
21442,ASPG
21443,CTD-2223O18.1
21444,KIF26A
21445,RP11-260M19.2
21446,RP11-260M19.1
21447,TMEM179
21448,C14orf180
21449,RP11-982M15.7
21450,RP11-982M15.8
21451,RP11-982M15.6
21452,INF2
21453,RP11-982M15.5
21454,ADSSL1
21455,SIVA1
21456,AKT1
21457,RP11-982M15.2
21458,ZBTB42
21459,LINC00638
21460,CTD-3051D23.1
21461,CTD-3051D23.4
21462,CEP170B
21463,CTD-3051D23.3
21464,PLD4
21465,AHNAK2
21466,C14orf79
21467,CDCA4
21468,GPR132
21469,RP11-44N21.1
21470,JAG2
21471,NUDT14
21472,BRF1
21473,BTBD6
21474,PACS2
21475,TEX22
21476,RP11-521B24.3
21477,MTA1
21478,RP11-521B24.5
21479,CRIP2
21480,CRIP1
21481,AL928654.7
21482,C14orf80
21483,TMEM121
21484,AL928742.12
21485,RP11-731F5.1
21486,IGHG4
21487,IGHG2
21488,RP11-731F5.2
21489,IGHGP
21490,IGHA1
21491,IGHG1
21492,IGHG3
21493,IGHD
21494,KIAA0125
21495,IGHV1-3
21496,IGHV3-15
21497,IGHV1-17
21498,IGHV1-18
21499,AB019440.50
21500,LINC00221
21501,IGHV3-49
21502,RP11-173D3.1
21503,RP11-509A17.3
21504,GOLGA6L6
21505,IGHV1OR15-6
21506,RP11-467L19.16
21507,RP11-403B2.7
21508,RP11-403B2.6
21509,POTEB2
21510,LINC01193
21511,RP11-854K16.3
21512,RP11-32B5.7
21513,RP11-275E15.2
21514,RP11-32B5.8
21515,POTEB3
21516,RP11-11H9.2
21517,RP11-983G14.1
21518,GOLGA6L22
21519,NIPA1
21520,NIPA2
21521,CYFIP1
21522,TUBGCP5
21523,GOLGA6L1
21524,GOLGA8S
21525,GOLGA6L2
21526,MKRN3
21527,AC126407.1
21528,MKRN3-AS1
21529,MAGEL2
21530,NDN
21531,RP11-484P15.1
21532,PWRN4
21533,PWRN2
21534,RP11-580I1.1
21535,RP11-580I1.2
21536,RP11-350A1.2
21537,RP11-107D24.2
21538,PWRN3
21539,PWRN1
21540,NPAP1
21541,SNRPN
21542,RP11-701H24.9
21543,RP11-701H24.3
21544,PWAR6
21545,RP11-701H24.4
21546,AC124312.1
21547,UBE3A
21548,AC124997.1
21549,ATP10A
21550,RP11-2C7.1
21551,RP11-1084I9.1
21552,RP11-1084I9.2
21553,LINC00929
21554,AC009878.2
21555,GABRB3
21556,GABRA5
21557,GABRG3
21558,GABRG3-AS1
21559,RP11-100M12.1
21560,RP11-100M12.3
21561,RP11-30G8.2
21562,RP11-30G8.1
21563,OCA2
21564,HERC2
21565,GOLGA8G
21566,GOLGA8M
21567,APBA2
21568,RP13-126C7.1
21569,FAM189A1
21570,RP11-300A12.2
21571,RP11-680F8.1
21572,TJP1
21573,RP11-680F8.3
21574,RP11-143J24.1
21575,CTD-2022H16.1
21576,GOLGA8J
21577,GOLGA8T
21578,RP11-932O9.4
21579,DKFZP434L187
21580,CHRFAM7A
21581,GOLGA8R
21582,AC026150.8
21583,GOLGA8Q
21584,GOLGA8H
21585,RP11-932O9.8
21586,RP11-932O9.9
21587,RP11-932O9.7
21588,ARHGAP11B
21589,FAN1
21590,MTMR10
21591,TRPM1
21592,RP11-348B17.1
21593,RP11-16E12.1
21594,RP11-16E12.2
21595,KLF13
21596,OTUD7A
21597,CHRNA7
21598,RP11-717I24.1
21599,GOLGA8K
21600,GOLGA8O
21601,RP11-1000B6.3
21602,RP11-1000B6.8
21603,GOLGA8N
21604,RP11-1000B6.5
21605,ARHGAP11A
21606,SCG5
21607,RP11-1000B6.2
21608,RP11-758N13.1
21609,GREM1
21610,FMN1
21611,RP11-489D6.2
21612,RYR3
21613,RP11-3D4.4
21614,RP11-3D4.3
21615,RP11-3D4.2
21616,AVEN
21617,CHRM5
21618,EMC7
21619,PGBD4
21620,KATNBL1
21621,EMC4
21622,SLC12A6
21623,RP11-1084A12.2
21624,NOP10
21625,NUTM1
21626,LPCAT4
21627,GOLGA8A
21628,GOLGA8B
21629,CTD-2125J1.1
21630,GJD2
21631,RP11-814P5.1
21632,ACTC1
21633,AQR
21634,ZNF770
21635,RP11-463I20.3
21636,RP11-463I20.2
21637,NANOGP8
21638,RP11-323I15.5
21639,DPH6
21640,DPH6-AS1
21641,RP11-184D12.1
21642,RP11-684B21.1
21643,RP11-475A13.2
21644,RP11-475A13.1
21645,C15orf41
21646,RP11-16L14.2
21647,MEIS2
21648,RP11-128A17.1
21649,RP11-128A17.2
21650,RP11-720L8.1
21651,TMCO5A
21652,RP11-1008C21.1
21653,RP11-1008C21.2
21654,RP11-346D14.1
21655,SPRED1
21656,FAM98B
21657,RASGRP1
21658,RP11-102L12.2
21659,RP11-275I4.1
21660,RP11-275I4.2
21661,C15orf53
21662,RP11-326N17.2
21663,RP11-624L4.1
21664,RP11-62C7.2
21665,RP11-265N7.2
21666,C15orf54
21667,RP11-624L4.2
21668,RP11-27M9.1
21669,THBS1
21670,CTD-2033D15.3
21671,CTD-2033D15.1
21672,FSIP1
21673,RP11-37C7.3
21674,GPR176
21675,RP11-325N19.3
21676,EIF2AK4
21677,SRP14
21678,SRP14-AS1
21679,RP11-521C20.2
21680,RP11-521C20.5
21681,BMF
21682,BUB1B
21683,BUB1B-PAK6
21684,PAK6
21685,PLCB2
21686,PLCB2-AS1
21687,RP11-133K1.6
21688,INAFM2
21689,C15orf52
21690,PHGR1
21691,DISP2
21692,RP11-64K12.4
21693,KNSTRN
21694,IVD
21695,BAHD1
21696,RP11-64K12.8
21697,CHST14
21698,RP11-111A22.1
21699,C15orf57
21700,RPUSD2
21701,CASC5
21702,RAD51
21703,RMDN3
21704,GCHFR
21705,DNAJC17
21706,C15orf62
21707,ZFYVE19
21708,PPP1R14D
21709,RP11-532F12.5
21710,SPINT1
21711,RHOV
21712,CTD-2129N1.1
21713,VPS18
21714,RP11-540O11.1
21715,DLL4
21716,CHAC1
21717,INO80
21718,RP11-540O11.6
21719,RP11-540O11.7
21720,RP11-540O11.4
21721,EXD1
21722,CHP1
21723,OIP5
21724,NUSAP1
21725,NDUFAF1
21726,RTF1
21727,ITPKA
21728,LTK
21729,RPAP1
21730,TYRO3
21731,RP11-380D11.2
21732,MGA
21733,RP11-107F6.3
21734,MAPKBP1
21735,AC073657.1
21736,RP11-23P13.4
21737,JMJD7
21738,JMJD7-PLA2G4B
21739,SPTBN5
21740,RP11-23P13.6
21741,EHD4
21742,EHD4-AS1
21743,PLA2G4E-AS1
21744,PLA2G4E
21745,PLA2G4D
21746,PLA2G4F
21747,VPS39
21748,RP11-546B15.1
21749,TMEM87A
21750,GANC
21751,CAPN3
21752,ZNF106
21753,SNAP23
21754,RP11-265N6.1
21755,LRRC57
21756,HAUS2
21757,RP11-265N6.2
21758,STARD9
21759,CDAN1
21760,CTD-2036P10.5
21761,CTD-2036P10.6
21762,TTBK2
21763,CTD-2036P10.3
21764,UBR1
21765,EPB42
21766,TMEM62
21767,CCNDBP1
21768,TGM5
21769,TGM7
21770,LCMT2
21771,ADAL
21772,ZSCAN29
21773,TUBGCP4
21774,TP53BP1
21775,MAP1A
21776,PPIP5K1
21777,CKMT1B
21778,STRC
21779,CATSPER2
21780,CKMT1A
21781,PDIA3
21782,ELL3
21783,RP11-296A16.1
21784,SERF2
21785,SERINC4
21786,HYPK
21787,MFAP1
21788,WDR76
21789,FRMD5
21790,CASC4
21791,RP11-616K22.2
21792,RP11-516C1.1
21793,CTDSPL2
21794,CTD-2329K10.1
21795,EIF3J-AS1
21796,EIF3J
21797,SPG11
21798,PATL2
21799,B2M
21800,TRIM69
21801,CTD-2008A1.3
21802,C15orf43
21803,SORD
21804,RP11-109D20.1
21805,RP11-109D20.2
21806,DUOX2
21807,DUOXA1
21808,DUOX1
21809,SHF
21810,RP11-519G16.2
21811,CTD-2651B20.3
21812,SLC28A2
21813,GATM
21814,GATM-AS1
21815,SPATA5L1
21816,C15orf48
21817,RP11-519G16.5
21818,RP11-519G16.3
21819,SLC30A4
21820,RP11-96O20.2
21821,RP11-96O20.5
21822,BLOC1S6
21823,RP11-96O20.4
21824,SQRDL
21825,CTD-2306A12.1
21826,RP11-718O11.1
21827,RP11-627D16.1
21828,SEMA6D
21829,CTD-2050N2.1
21830,RP11-142J21.1
21831,RP11-552E10.1
21832,LINC01491
21833,RP11-208K4.1
21834,SLC24A5
21835,MYEF2
21836,RP11-605F22.2
21837,CTXN2
21838,SLC12A1
21839,RP11-605F22.1
21840,RP11-154J22.1
21841,DUT
21842,FBN1
21843,RP11-227D13.1
21844,RP11-227D13.5
21845,CEP152
21846,SHC4
21847,EID1
21848,RP11-138E16.1
21849,SECISBP2L
21850,RP11-325E5.1
21851,COPS2
21852,GALK2
21853,FAM227B
21854,FGF7
21855,DTWD1
21856,ATP8B4
21857,CTD-2647E9.3
21858,SLC27A2
21859,HDC
21860,GABPB1
21861,GABPB1-AS1
21862,CTD-3110H11.1
21863,USP8
21864,RP11-562A8.5
21865,RP11-562A8.4
21866,USP50
21867,TRPM7
21868,RP11-120K9.2
21869,SPPL2A
21870,RP11-507J18.2
21871,CTD-2378E12.1
21872,AP4E1
21873,RP11-108K3.1
21874,TNFAIP8L3
21875,CYP19A1
21876,GLDN
21877,RP11-707P17.1
21878,DMXL2
21879,SCG3
21880,RP11-313P18.2
21881,RP11-313P18.1
21882,LYSMD2
21883,TMOD2
21884,TMOD3
21885,RP11-56B16.5
21886,RP11-56B16.4
21887,LEO1
21888,MAPK6
21889,CTD-2650P22.1
21890,CTD-2184D3.5
21891,CTD-2184D3.3
21892,BCL2L10
21893,GNB5
21894,CTD-2184D3.6
21895,CTD-2184D3.7
21896,RP11-430B1.2
21897,MYO5C
21898,MYO5A
21899,AC018902.1
21900,ARPP19
21901,RP11-23N2.4
21902,FAM214A
21903,ONECUT1
21904,RP11-209K10.2
21905,RP11-209E8.1
21906,WDR72
21907,RP11-643A5.2
21908,UNC13C
21909,RP11-548M13.1
21910,RSL24D1
21911,RAB27A
21912,PIGBOS1
21913,PIGB
21914,CCPG1
21915,C15orf65
21916,DYX1C1
21917,PYGO1
21918,PRTG
21919,NEDD4
21920,RFX7
21921,TEX9
21922,RP11-48G14.2
21923,RP11-48G14.1
21924,MNS1
21925,RP11-48G14.3
21926,ZNF280D
21927,RP11-323F24.3
21928,TCF12
21929,LINC00926
21930,LINC01413
21931,CGNL1
21932,CTD-2515H24.3
21933,CTD-2515H24.2
21934,GCOM1
21935,POLR2M
21936,ALDH1A2
21937,CTD-2330J20.2
21938,AQP9
21939,LIPC
21940,RP11-355N15.1
21941,RP11-50C13.1
21942,ADAM10
21943,RP11-30K9.6
21944,FAM63B
21945,RP11-30K9.5
21946,RNF111
21947,SLTM
21948,CCNB2
21949,RP11-59H7.4
21950,MYO1E
21951,LDHAL6B
21952,FAM81A
21953,GCNT3
21954,GTF2A2
21955,BNIP2
21956,RP11-361D15.2
21957,FOXB1
21958,RP11-82L7.4
21959,ANXA2
21960,ICE2
21961,RORA-AS1
21962,RORA
21963,RORA-AS2
21964,RP11-554D20.1
21965,RP11-39M21.1
21966,RP11-39M21.2
21967,CTD-2026J24.1
21968,RP11-507B12.2
21969,RP11-259A24.1
21970,RP11-507B12.1
21971,RP11-16B9.1
21972,VPS13C
21973,RP11-643M14.1
21974,C2CD4A
21975,C2CD4B
21976,RP11-299H22.1
21977,RP11-299H22.7
21978,RP11-435J9.2
21979,TLN2
21980,MGC15885
21981,RP11-625H11.2
21982,RP11-1069G10.1
21983,TPM1
21984,RP11-244F12.3
21985,RP11-244F12.2
21986,RP11-69G7.1
21987,LACTB
21988,RPS27L
21989,RAB8B
21990,APH1B
21991,CA12
21992,RP11-321G12.1
21993,AC007950.1
21994,AC007950.2
21995,USP3
21996,USP3-AS1
21997,FBXL22
21998,HERC1
21999,RP11-317G6.1
22000,DAPK2
22001,RP11-111E14.1
22002,FAM96A
22003,SNX1
22004,SNX22
22005,PPIB
22006,CSNK1G1
22007,CTD-2116N17.1
22008,KIAA0101
22009,TRIP4
22010,ZNF609
22011,OAZ2
22012,AC100830.4
22013,AC100830.5
22014,AC100830.3
22015,RBPMS2
22016,PIF1
22017,AC069368.3
22018,ANKDD1A
22019,CTD-2017F17.1
22020,CTD-2017F17.2
22021,SPG21
22022,MTFMT
22023,SLC51B
22024,RP11-325L12.6
22025,RASL12
22026,RP11-325L12.7
22027,UBAP1L
22028,PDCD7
22029,CLPX
22030,CILP
22031,PARP16
22032,IGDCC3
22033,IGDCC4
22034,DPP8
22035,HACD3
22036,VWA9
22037,SLC24A1
22038,RP11-16E23.5
22039,DENND4A
22040,RAB11A
22041,MEGF11
22042,RP11-653J6.1
22043,DIS3L
22044,RP11-352G18.2
22045,TIPIN
22046,MAP2K1
22047,CTD-3185P2.1
22048,SNAPC5
22049,RPL4
22050,ZWILCH
22051,LCTL
22052,LINC01169
22053,SMAD6
22054,RP11-622C24.2
22055,RP11-798K3.4
22056,RP11-798K3.3
22057,RP11-798K3.2
22058,SMAD3
22059,RP11-342M21.2
22060,AAGAB
22061,IQCH
22062,IQCH-AS1
22063,C15orf61
22064,RP11-502I4.3
22065,MAP2K5
22066,SKOR1
22067,RP11-34F13.2
22068,PIAS1
22069,CALML4
22070,RP11-315D16.2
22071,CLN6
22072,RP11-315D16.4
22073,FEM1B
22074,ITGA11
22075,CORO2B
22076,ANP32A
22077,SPESP1
22078,NOX5
22079,RP11-809H16.4
22080,EWSAT1
22081,RP11-809H16.5
22082,GLCE
22083,RP11-352D13.6
22084,RP11-352D13.5
22085,PAQR5
22086,RP11-253M7.1
22087,KIF23
22088,RPLP1
22089,RP11-253M7.4
22090,DRAIC
22091,RP11-279F6.2
22092,PCAT29
22093,RP11-19J5.2
22094,LINC00593
22095,TLE3
22096,RP11-543G18.1
22097,RP11-96C21.2
22098,SALRNA2
22099,UACA
22100,RP11-138H8.2
22101,RP11-138H8.3
22102,LARP6
22103,LRRC49
22104,THAP10
22105,THSD4
22106,CT62
22107,THSD4-AS1
22108,RP11-1123I8.1
22109,NR2E3
22110,CTD-2524L6.3
22111,MYO9A
22112,RP11-390D11.1
22113,SENP8
22114,RP11-2I17.4
22115,GRAMD2
22116,PKM
22117,PARP6
22118,RP11-106M3.5
22119,RP11-106M3.3
22120,RP11-106M3.2
22121,HEXA
22122,HEXA-AS1
22123,TMEM202
22124,RP11-1007O24.3
22125,ARIH1
22126,RP11-1006G14.2
22127,RP11-1006G14.1
22128,GOLGA6B
22129,HIGD2B
22130,BBS4
22131,ADPGK
22132,ADPGK-AS1
22133,NEO1
22134,RP11-272D12.2
22135,HCN4
22136,RP11-272D12.1
22137,REC114
22138,NPTN
22139,CD276
22140,C15orf59
22141,C15orf59-AS1
22142,RP11-24D15.1
22143,TBC1D21
22144,LOXL1-AS1
22145,LOXL1
22146,STOML1
22147,PML
22148,GOLGA6A
22149,ISLR2
22150,RP11-247C2.2
22151,RP11-665J16.1
22152,ISLR
22153,STRA6
22154,RP11-60L3.1
22155,CCDC33
22156,RP11-60L3.6
22157,CYP11A1
22158,CTD-2311M21.3
22159,CTD-2311M21.5
22160,SEMA7A
22161,UBL7
22162,UBL7-AS1
22163,RP11-10O17.3
22164,ARID3B
22165,CLK3
22166,CTD-3154N5.2
22167,CTD-3154N5.1
22168,EDC3
22169,CYP1A1
22170,CYP1A2
22171,CSK
22172,LMAN1L
22173,CPLX3
22174,ULK3
22175,SCAMP2
22176,MPI
22177,FAM219B
22178,COX5A
22179,RPP25
22180,SCAMP5
22181,PPCDC
22182,C15orf39
22183,RP11-69H7.3
22184,RP11-69H7.2
22185,GOLGA6D
22186,COMMD4
22187,RP11-817O13.9
22188,NEIL1
22189,MAN2C1
22190,RP11-817O13.8
22191,SIN3A
22192,PTPN9
22193,SNUPN
22194,CTD-2026K11.3
22195,CTD-2026K11.2
22196,IMP3
22197,CTD-2026K11.4
22198,CTD-2026K11.5
22199,SNX33
22200,CSPG4
22201,CTD-2026K11.1
22202,CTD-2026K11.6
22203,ODF3L1
22204,DNM1P35
22205,RP11-24M17.6
22206,UBE2Q2
22207,FBXO22
22208,NRG4
22209,TMEM266
22210,RP11-593F23.1
22211,ETFA
22212,ISL2
22213,SCAPER
22214,RCN2
22215,PSTPIP1
22216,TSPAN3
22217,RP11-797A18.3
22218,PEAK1
22219,HMG20A
22220,RP11-307C19.1
22221,RP11-307C19.2
22222,LINGO1
22223,LINGO1-AS1
22224,LINGO1-AS2
22225,RP11-114H24.7
22226,RP11-114H24.3
22227,TBC1D2B
22228,RP11-114H24.6
22229,SH2D7
22230,CIB2
22231,IDH3A
22232,ACSBG1
22233,RP11-762H8.3
22234,DNAJA4
22235,WDR61
22236,RP11-762H8.1
22237,RP11-762H8.5
22238,CRABP1
22239,IREB2
22240,RP11-650L12.1
22241,HYKK
22242,PSMA4
22243,CHRNA5
22244,RP11-650L12.2
22245,CHRNA3
22246,CHRNB4
22247,RP11-335K5.2
22248,ADAMTS7
22249,MORF4L1
22250,CTSH
22251,RASGRF1
22252,RP11-16K12.1
22253,ANKRD34C-AS1
22254,ANKRD34C
22255,TMED3
22256,KIAA1024
22257,RP11-38G5.2
22258,MTHFS
22259,ST20-MTHFS
22260,ST20-AS1
22261,BCL2A1
22262,ZFAND6
22263,FAH
22264,LINC01314
22265,LINC00927
22266,RP11-210M15.2
22267,ARNT2
22268,RP11-210M15.1
22269,RP11-379K22.2
22270,RP11-379K22.3
22271,ABHD17C
22272,RP11-28H5.2
22273,CEMIP
22274,RP11-351M8.2
22275,MESDC2
22276,RP11-775C24.3
22277,RP11-775C24.5
22278,MESDC1
22279,CFAP161
22280,IL16
22281,STARD5
22282,TMC3-AS1
22283,TMC3
22284,CTD-2240J17.2
22285,CTD-2240J17.3
22286,CTD-2240J17.4
22287,CTD-2240J17.1
22288,CTD-2034I4.1
22289,RP11-499F3.1
22290,RP11-499F3.2
22291,RP11-276M12.1
22292,MEX3B
22293,LINC01583
22294,EFTUD1
22295,SAXO2
22296,GOLGA6L10
22297,GOLGA6L9
22298,RPS17
22299,RP11-152F13.10
22300,RP11-379H8.1
22301,CPEB1
22302,CPEB1-AS1
22303,AP3B2
22304,AC105339.1
22305,RP11-752G15.8
22306,SNHG21
22307,FSD2
22308,WHAMM
22309,HOMER2
22310,RP11-382A20.5
22311,C15orf40
22312,BTBD1
22313,TM6SF1
22314,RP11-382A20.3
22315,RP11-382A20.4
22316,BNC1
22317,SH3GL3
22318,ADAMTSL3
22319,RP13-262C2.3
22320,UBE2Q2L
22321,GOLGA6L4
22322,RP11-182J1.13
22323,RP11-182J1.10
22324,RP11-182J1.17
22325,ZSCAN2
22326,RP11-182J1.5
22327,RP11-182J1.3
22328,RP11-182J1.1
22329,WDR73
22330,NMB
22331,SEC11A
22332,RP11-245C17.2
22333,ZNF592
22334,ALPK3
22335,SLC28A1
22336,PDE8A
22337,AKAP13
22338,RP11-815J21.4
22339,RP11-158M2.2
22340,RP11-158M2.3
22341,RP11-158M2.4
22342,RP11-158M2.5
22343,KLHL25
22344,LINC01584
22345,AGBL1
22346,AGBL1-AS1
22347,RP11-133L19.1
22348,RP11-138H10.2
22349,RP11-648K4.2
22350,LINC00052
22351,NTRK3
22352,NTRK3-AS1
22353,MRPL46
22354,MRPS11
22355,DET1
22356,LINC01586
22357,AEN
22358,ISG20
22359,RP11-343B18.2
22360,ACAN
22361,HAPLN3
22362,MFGE8
22363,RP11-326A19.4
22364,RP11-326A19.3
22365,ABHD2
22366,RLBP1
22367,FANCI
22368,POLG
22369,RP11-217B1.2
22370,MIR9-3HG
22371,RHCG
22372,LINC00928
22373,RP11-429B14.4
22374,TICRR
22375,RP11-429B14.3
22376,KIF7
22377,PLIN1
22378,PEX11A
22379,WDR93
22380,MESP1
22381,MESP2
22382,ANPEP
22383,AP3S2
22384,C15orf38-AP3S2
22385,ARPIN
22386,ZNF710
22387,RP11-617F23.1
22388,IDH2
22389,CTD-2315E11.1
22390,SEMA4B
22391,CIB1
22392,GDPGP1
22393,RP11-697E2.6
22394,RP11-697E2.12
22395,ZNF774
22396,IQGAP1
22397,RP11-154B12.3
22398,CRTC3
22399,CTD-3065B20.2
22400,CTD-3065B20.3
22401,CRTC3-AS1
22402,RP11-387D10.4
22403,BLM
22404,FURIN
22405,FES
22406,MAN2A2
22407,AC068831.15
22408,HDDC3
22409,UNC45A
22410,AC068831.3
22411,AC068831.6
22412,RCCD1
22413,PRC1
22414,PRC1-AS1
22415,VPS33B
22416,AC068831.10
22417,SV2B
22418,CRAT37
22419,RP11-692C24.2
22420,SLCO3A1
22421,RP11-152L20.3
22422,ST8SIA2
22423,C15orf32
22424,LINC00930
22425,RP11-386M24.9
22426,FAM174B
22427,CTD-2313J17.6
22428,CTD-2313J17.7
22429,RP11-437B10.1
22430,CHD2
22431,RGMA
22432,RP11-326A13.1
22433,RP11-266O8.1
22434,RP11-164C12.2
22435,RP11-739G5.1
22436,LINC01579
22437,RP11-76E17.3
22438,RP11-76E17.4
22439,LINC01580
22440,LINC01581
22441,MCTP2
22442,RP11-255M2.3
22443,CTD-2576F9.2
22444,RP11-255M2.1
22445,RP11-255M2.2
22446,LINC01197
22447,LINC00924
22448,RP11-398J10.2
22449,RP11-61O11.1
22450,RP11-759A24.3
22451,RP11-4G2.1
22452,RP11-236L14.1
22453,RP11-236L14.2
22454,NR2F2-AS1
22455,NR2F2
22456,RP11-262A16.1
22457,RP11-522B15.3
22458,RP11-522B15.4
22459,RP11-522B15.5
22460,RP11-522B15.7
22461,SPATA8-AS1
22462,SPATA8
22463,RP11-315L6.1
22464,CTD-2147F2.1
22465,CTD-2147F2.2
22466,RP11-461F11.3
22467,LINC00923
22468,ARRDC4
22469,RP11-753A21.1
22470,AC144835.1
22471,CTD-2544M6.1
22472,RP11-167B3.1
22473,RP11-167B3.2
22474,RP11-167B3.3
22475,FAM169B
22476,RP11-35O15.1
22477,IGF1R
22478,RP11-654A16.1
22479,RP11-654A16.3
22480,RP11-6O2.2
22481,SYNM
22482,RP11-6O2.4
22483,TTC23
22484,RP11-6O2.3
22485,LRRC28
22486,AC022819.2
22487,RP11-20G13.3
22488,RP11-20G13.2
22489,RP11-20G13.5
22490,RP11-20G13.1
22491,MEF2A
22492,LYSMD4
22493,CTD-2054N24.2
22494,CTD-3076O17.1
22495,ADAMTS17
22496,CTD-3076O17.2
22497,RP11-90E5.1
22498,SPATA41
22499,CERS3-AS1
22500,CERS3
22501,RP11-526I2.5
22502,RP11-526I2.1
22503,LINS1
22504,ASB7
22505,RP11-66B24.5
22506,RP11-66B24.2
22507,RP11-66B24.1
22508,ALDH1A3
22509,RP11-66B24.9
22510,RP11-66B24.4
22511,LRRK1
22512,RP11-505E24.3
22513,RP11-505E24.2
22514,RP11-424I19.1
22515,RP11-424I19.2
22516,CHSY1
22517,VIMP
22518,SNRPA1
22519,RP11-299G20.2
22520,PCSK6
22521,PCSK6-AS1
22522,TM2D3
22523,TARSL2
22524,RP11-89K11.1
22525,OR4F15
22526,FAM138E
22527,AC140725.4
22528,WASIR2
22529,POLR3K
22530,SNRNP25
22531,RHBDF1
22532,MPG
22533,NPRL3
22534,Z69720.2
22535,Z69666.2
22536,HBM
22537,HBA2
22538,HBA1
22539,HBQ1
22540,LA16c-OS12.2
22541,LUC7L
22542,FAM234A
22543,RGS11
22544,ARHGDIG
22545,PDIA2
22546,AXIN1
22547,MRPL28
22548,TMEM8A
22549,NME4
22550,DECR2
22551,LA16c-359F1.1
22552,RAB11FIP3
22553,LINC00235
22554,CAPN15
22555,LA16c-366D1.3
22556,PRR35
22557,PIGQ
22558,RAB40C
22559,WFIKKN1
22560,C16orf13
22561,FAM195A
22562,MSLN
22563,AL022341.3
22564,LA16c-349E10.1
22565,LA16c-313D11.9
22566,JMJD8
22567,WDR24
22568,FBXL16
22569,LA16c-380A1.1
22570,CCDC78
22571,NARFL
22572,MSLNL
22573,RPUSD1
22574,CHTF18
22575,GNG13
22576,PRR25
22577,LA16c-360A4.1
22578,LMF1
22579,LA16c-306A4.1
22580,LMF1-AS1
22581,RP11-161M6.2
22582,SOX8
22583,RP11-161M6.3
22584,RP11-161M6.5
22585,C1QTNF8
22586,LA16c-381G6.1
22587,RP11-616M22.11
22588,CACNA1H
22589,RP11-616M22.1
22590,RP11-616M22.3
22591,TPSG1
22592,RP11-616M22.12
22593,TPSB2
22594,TPSAB1
22595,TPSD1
22596,RP11-616M22.7
22597,LA16c-358B7.4
22598,UBE2I
22599,LA16c-358B7.3
22600,BAIAP3
22601,TSR3
22602,GNPTG
22603,LA16c-316G12.2
22604,UNKL
22605,LA16c-312E8.2
22606,C16orf91
22607,CCDC154
22608,CLCN7
22609,LA16c-390E6.5
22610,LA16c-390E6.4
22611,PTX4
22612,TELO2
22613,IFT140
22614,LA16c-385E7.1
22615,TMEM204
22616,LA16c-395F10.2
22617,CRAMP1
22618,LA16c-395F10.1
22619,LA16c-431H6.6
22620,HN1L
22621,MAPK8IP3
22622,LA16c-329F2.1
22623,LA16c-361A3.3
22624,NME3
22625,MRPS34
22626,EME2
22627,SPSB3
22628,NUBP2
22629,HAGH
22630,FAHD1
22631,MEIOB
22632,XX-DJ76P10__A.2
22633,HS3ST6
22634,MSRB1
22635,RPL3L
22636,NDUFB10
22637,RPS2
22638,SNHG9
22639,RNF151
22640,AC005363.11
22641,TBL3
22642,NOXO1
22643,GFER
22644,AC005606.14
22645,SYNGR3
22646,ZNF598
22647,AC005606.15
22648,NPW
22649,SLC9A3R2
22650,NTHL1
22651,TSC2
22652,PKD1
22653,RP11-304L19.4
22654,RP11-304L19.2
22655,RAB26
22656,SNHG19
22657,TRAF7
22658,CASKIN1
22659,MLST8
22660,BRICD5
22661,RP11-304L19.8
22662,PGP
22663,E4F1
22664,RP11-304L19.12
22665,DNASE1L2
22666,ECI1
22667,RP11-304L19.11
22668,RNPS1
22669,AC009065.4
22670,RP11-304L19.13
22671,ABCA3
22672,CCNF
22673,RP11-715J22.3
22674,RP11-715J22.4
22675,C16orf59
22676,RP11-715J22.2
22677,TBC1D24
22678,RP11-20I23.1
22679,RP11-20I23.3
22680,AMDHD2
22681,CEMP1
22682,PDPK1
22683,RP11-20I23.13
22684,RP11-20I23.8
22685,RP11-20I23.6
22686,RP11-20I23.7
22687,CTD-3126B10.1
22688,CTD-3126B10.4
22689,KCTD5
22690,PRSS27
22691,SRRM2-AS1
22692,SRRM2
22693,TCEB2
22694,CTD-2270P14.5
22695,PRSS33
22696,PRSS21
22697,ZG16B
22698,PRSS22
22699,LA16c-325D7.1
22700,LA16c-325D7.2
22701,FLYWCH2
22702,FLYWCH1
22703,LA16c-321D4.2
22704,KREMEN2
22705,PKMYT1
22706,PAQR4
22707,LA16c-380H5.6
22708,LA16c-380H5.3
22709,LA16c-380H5.5
22710,CLDN9
22711,CLDN6
22712,TNFRSF12A
22713,HCFC1R1
22714,THOC6
22715,CCDC64B
22716,RP11-473M20.5
22717,MMP25
22718,MMP25-AS1
22719,IL32
22720,RP11-473M20.9
22721,ZSCAN10
22722,ZNF213-AS1
22723,ZNF205
22724,ZNF213
22725,RP11-473M20.16
22726,AJ003147.8
22727,AJ003147.9
22728,ZNF200
22729,MEFV
22730,LINC00921
22731,ZNF263
22732,TIGD7
22733,ZNF75A
22734,LA16c-360H6.3
22735,OR2C1
22736,LA16c-306E5.2
22737,MTRNR2L4
22738,ZSCAN32
22739,ZNF597
22740,NAA60
22741,C16orf90
22742,CLUAP1
22743,NLRC3
22744,LA16c-390H2.4
22745,RP11-461A8.1
22746,SLX4
22747,DNASE1
22748,TRAP1
22749,RP11-461A8.5
22750,CREBBP
22751,ADCY9
22752,RP11-462G12.4
22753,RP11-95P2.3
22754,SRL
22755,LINC01569
22756,TFAP4
22757,GLIS2
22758,GLIS2-AS1
22759,PAM16
22760,CORO7
22761,VASN
22762,DNAJA3
22763,NMRAL1
22764,HMOX2
22765,CDIP1
22766,C16orf96
22767,RP11-709D24.5
22768,UBALD1
22769,MGRN1
22770,RP11-709D24.6
22771,NUDT16L1
22772,ANKS3
22773,C16orf71
22774,ZNF500
22775,SEPT12
22776,SMIM22
22777,RP11-127I20.5
22778,ROGDI
22779,GLYR1
22780,UBN1
22781,PPL
22782,SEC14L5
22783,RP11-165E7.1
22784,NAGPA
22785,ALG1
22786,C16orf89
22787,EEF2KMT
22788,RP11-10K17.6
22789,RP11-420N3.2
22790,LINC01570
22791,RBFOX1
22792,RP11-26O3.1
22793,CTD-2535I10.1
22794,RP11-279O17.2
22795,RP11-279O17.3
22796,RP11-568A19.1
22797,RP11-483K5.3
22798,TMEM114
22799,METTL22
22800,ABAT
22801,TMEM186
22802,PMM2
22803,RP11-152P23.2
22804,RP11-77H9.2
22805,CARHSP1
22806,RP11-77H9.6
22807,USP7
22808,RP11-77H9.8
22809,RP11-473I1.6
22810,C16orf72
22811,RP11-473I1.5
22812,RP11-243A14.1
22813,LINC01177
22814,LINC01195
22815,RP11-418I22.2
22816,RP11-418I22.3
22817,RP11-297M9.1
22818,GRIN2A
22819,RP11-895K13.2
22820,ATF7IP2
22821,RP11-609N14.1
22822,LINC01290
22823,EMP2
22824,RP11-27M24.1
22825,TEKT5
22826,RP11-109M19.1
22827,NUBP1
22828,TVP23A
22829,RP11-876N24.2
22830,CIITA
22831,DEXI
22832,RP11-876N24.4
22833,CLEC16A
22834,RP11-66H6.3
22835,RP11-396B14.2
22836,RMI2
22837,SOCS1
22838,TNP2
22839,RP11-485G7.5
22840,RP11-485G7.6
22841,CTD-3088G3.8
22842,CTD-3088G3.6
22843,LITAF
22844,SNN
22845,TXNDC11
22846,RP11-490O6.2
22847,ZC3H7A
22848,RP11-486I11.2
22849,BCAR4
22850,RSL1D1
22851,RP11-166B2.8
22852,GSPT1
22853,RP11-166B2.5
22854,RP11-166B2.1
22855,TNFRSF17
22856,SNX29
22857,RP11-166B2.7
22858,RP11-276H1.3
22859,RP11-276H1.2
22860,RP11-165M1.3
22861,CTD-3037G24.4
22862,CTD-3037G24.3
22863,CTD-3037G24.5
22864,CPPED1
22865,CTD-2583P5.1
22866,CTD-2583P5.3
22867,SHISA9
22868,AC009134.1
22869,U91319.1
22870,AC003009.1
22871,U95743.1
22872,ERCC4
22873,CTD-2135D7.2
22874,CTD-2135D7.3
22875,CTD-2135D7.5
22876,CTD-2135D7.4
22877,MKL2
22878,CTA-276F8.2
22879,MIR193BHG
22880,RP11-65J21.1
22881,RP11-65J21.4
22882,PARN
22883,BFAR
22884,PLA2G10
22885,RP11-82O18.2
22886,NPIPA3
22887,RP11-719K4.6
22888,NPIPA1
22889,MIR3180-1
22890,PDXDC1
22891,RP11-680G24.6
22892,NTAN1
22893,RRN3
22894,MIR3180-4
22895,NPIPA5
22896,RP11-1021N1.1
22897,C16orf45
22898,KIAA0430
22899,NDE1
22900,MYH11
22901,AF001548.5
22902,AF001548.6
22903,FOPNL
22904,CTA-972D3.2
22905,ABCC1
22906,ABCC6
22907,RP11-517A5.7
22908,NOMO3
22909,RP11-517A5.5
22910,AC138969.4
22911,NPIPA7
22912,RP11-14N9.2
22913,XYLT1
22914,CTD-2576D5.4
22915,CTD-3229J4.1
22916,CTA-481E9.4
22917,CTA-481E9.3
22918,NPIPA8
22919,RP11-1212A22.4
22920,NOMO2
22921,RP11-457I16.2
22922,RPS15A
22923,RP11-1035H13.3
22924,ARL6IP1
22925,RP11-1035H13.2
22926,SMG1
22927,CTD-2288F12.1
22928,TMC7
22929,RP11-626G11.5
22930,RP11-626G11.1
22931,COQ7
22932,RP11-626G11.4
22933,RP11-626G11.6
22934,CTD-2349B8.1
22935,RP11-626G11.3
22936,SYT17
22937,CLEC19A
22938,CTA-363E6.2
22939,TMC5
22940,CTA-363E6.6
22941,CTA-363E6.7
22942,GDE1
22943,CCP110
22944,C16orf62
22945,AC002550.6
22946,KNOP1
22947,AC002550.5
22948,IQCK
22949,CTD-2380F24.1
22950,GPRC5B
22951,GPR139
22952,RP11-204E4.3
22953,GP2
22954,UMOD
22955,PDILT
22956,RP11-429K17.1
22957,ACSM5
22958,CTD-2194A8.2
22959,ACSM2A
22960,ACSM2B
22961,RP11-143N13.2
22962,ACSM3
22963,ACSM1
22964,THUMPD1
22965,AC004381.7
22966,ERI2
22967,AC004381.6
22968,DCUN1D3
22969,LYRM1
22970,DNAH3
22971,CTC-508F8.1
22972,TMEM159
22973,AF001550.7
22974,ZP2
22975,ANKS4B
22976,CRYM
22977,CRYM-AS1
22978,NPIPB3
22979,CTB-31N19.5
22980,METTL9
22981,IGSF6
22982,OTOA
22983,RP11-645C24.5
22984,NPIPB4
22985,UQCRC2
22986,PDZD9
22987,CTD-2649C14.3
22988,C16orf52
22989,RP11-101E7.2
22990,VWA3A
22991,SDR42E2
22992,EEF2K
22993,RP11-141O15.1
22994,POLR3E
22995,CDR2
22996,RP11-21M24.3
22997,RP11-21M24.2
22998,NPIPB5
22999,RP11-105C19.2
23000,RP11-105C19.1
23001,HS3ST2
23002,RP11-20G6.2
23003,USP31
23004,SCNN1G
23005,CTC-391G2.1
23006,SCNN1B
23007,COG7
23008,CTD-2270L9.4
23009,GGA2
23010,EARS2
23011,UBFD1
23012,NDUFAB1
23013,PALB2
23014,CTD-2196E14.3
23015,DCTN5
23016,PLK1
23017,CTD-2196E14.5
23018,ERN2
23019,CHP2
23020,PRKCB
23021,AC004125.3
23022,CACNG3
23023,CTD-2313J23.1
23024,RBBP6
23025,CTD-2540M10.1
23026,LINC01567
23027,TNRC6A
23028,CTD-2515A14.1
23029,SLC5A11
23030,ARHGAP17
23031,RP11-266L9.5
23032,LCMT1-AS1
23033,LCMT1
23034,LCMT1-AS2
23035,AQP8
23036,ZKSCAN2
23037,CTD-2547G23.2
23038,CTD-2547G23.4
23039,CTA-249B10.1
23040,HS3ST4
23041,AC009158.1
23042,AC002331.1
23043,RP11-142A12.1
23044,RP11-673P17.4
23045,KDM8
23046,CTD-3203P2.1
23047,NSMCE1
23048,FLJ21408
23049,IL4R
23050,IL21R
23051,IL21R-AS1
23052,GTF3C1
23053,KIAA0556
23054,CTD-2049O4.1
23055,GSG1L
23056,XPO6
23057,RP11-57A19.2
23058,SBK1
23059,NPIPB6
23060,EIF3CL
23061,RP11-57A19.5
23062,NPIPB7
23063,RP11-435I10.4
23064,CLN3
23065,APOBR
23066,IL27
23067,NUPR1
23068,RP11-666O2.2
23069,SGF29
23070,SULT1A2
23071,SULT1A1
23072,NPIPB8
23073,EIF3C
23074,NPIPB9
23075,RP11-1348G14.4
23076,RP11-1348G14.5
23077,RP11-1348G14.8
23078,ATXN2L
23079,RP11-24N18.1
23080,TUFM
23081,SH2B1
23082,RP11-22P6.2
23083,ATP2A1
23084,ATP2A1-AS1
23085,RABEP2
23086,CD19
23087,NFATC2IP
23088,RP11-264B17.2
23089,RP11-264B17.4
23090,SPNS1
23091,LAT
23092,RP11-264B17.5
23093,RP11-426C22.5
23094,RP11-426C22.4
23095,RP11-426C22.7
23096,RP11-426C22.6
23097,RP11-426C22.8
23098,RP11-231C14.7
23099,NPIPB11
23100,BOLA2
23101,SLX1B
23102,SULT1A4
23103,RP11-345J4.3
23104,RP11-231C14.4
23105,AC009133.22
23106,QPRT
23107,C16orf54
23108,AC009133.17
23109,ZG16
23110,KIF22
23111,AC009133.21
23112,MAZ
23113,AC009133.15
23114,AC009133.12
23115,PRRT2
23116,AC009133.23
23117,CTD-2574D22.6
23118,MVP
23119,CDIPT
23120,CTD-2574D22.7
23121,CDIPT-AS1
23122,SEZ6L2
23123,ASPHD1
23124,KCTD13
23125,CTD-2574D22.2
23126,TMEM219
23127,TAOK2
23128,HIRIP3
23129,INO80E
23130,DOC2A
23131,C16orf92
23132,FAM57B
23133,ALDOA
23134,CTD-2515O10.5
23135,PPP4C
23136,TBX6
23137,YPEL3
23138,RP11-455F5.3
23139,GDPD3
23140,RP11-455F5.4
23141,RP11-455F5.6
23142,MAPK3
23143,CORO1A
23144,RP11-455F5.5
23145,BOLA2B
23146,SLX1A
23147,SULT1A3
23148,RP11-347C12.3
23149,RP11-347C12.1
23150,CD2BP2
23151,RP11-347C12.10
23152,TBC1D10B
23153,RP11-347C12.11
23154,MYLPF
23155,ZNF48
23156,SEPT1
23157,ZNF771
23158,DCTPP1
23159,SEPHS2
23160,ITGAL
23161,RP11-297C4.2
23162,RP11-297C4.1
23163,ZNF768
23164,AC002310.11
23165,AC002310.13
23166,AC002310.12
23167,ZNF764
23168,ZNF688
23169,AC002310.7
23170,ZNF785
23171,RP11-146F11.5
23172,ZNF689
23173,PRR14
23174,FBRS
23175,RP11-146F11.1
23176,SRCAP
23177,RP11-2C24.9
23178,PHKG2
23179,CCDC189
23180,RNF40
23181,ZNF629
23182,RP11-2C24.7
23183,BCL7C
23184,MIR762HG
23185,CTF1
23186,FBXL19-AS1
23187,FBXL19
23188,ORAI3
23189,RP11-1072A3.4
23190,SETD1A
23191,HSD3B7
23192,STX1B
23193,STX4
23194,RP11-196G11.2
23195,RP11-196G11.6
23196,ZNF668
23197,AC135050.5
23198,ZNF646
23199,PRSS53
23200,RP11-196G11.1
23201,VKORC1
23202,BCKDK
23203,KAT8
23204,RP11-388M20.2
23205,PRSS8
23206,PRSS36
23207,FUS
23208,RP11-388M20.6
23209,RP11-388M20.1
23210,PYCARD
23211,PYCARD-AS1
23212,TRIM72
23213,PYDC1
23214,ITGAM
23215,ITGAX
23216,ITGAD
23217,COX6A2
23218,RP11-452L6.8
23219,ZNF843
23220,RP11-452L6.1
23221,RP11-452L6.5
23222,ARMC5
23223,TGFB1I1
23224,SLC5A2
23225,AC026471.6
23226,C16orf58
23227,RP11-452L6.7
23228,CTD-2014E2.6
23229,CTD-2358C21.3
23230,CTD-2358C21.5
23231,CTD-2358C21.4
23232,ZNF720
23233,ZNF267
23234,RP11-17M15.1
23235,RP11-56L13.7
23236,TP53TG3D
23237,RP11-56L13.1
23238,RP11-626K17.3
23239,RP11-586K12.8
23240,RP11-586K12.4
23241,RP11-67H24.2
23242,RP11-989E6.3
23243,IGHV3OR16-15
23244,RP11-989E6.8
23245,RP11-19N8.4
23246,RP11-19N8.7
23247,TP53TG3C
23248,RP11-1437A8.6
23249,RP11-23E10.3
23250,RP11-989E6.10
23251,RP11-23E10.2
23252,RP11-812E19.3
23253,RP11-488I20.8
23254,LINC01566
23255,RP11-80F22.14
23256,FLJ26245
23257,SHCBP1
23258,RP11-46D6.1
23259,VPS35
23260,ORC6
23261,MYLK3
23262,C16orf87
23263,GPT2
23264,DNAJA2
23265,RP11-169E6.1
23266,RP11-169E6.4
23267,NETO2
23268,ITFG1-AS1
23269,ITFG1
23270,RP11-329J18.3
23271,RP11-474B12.1
23272,PHKB
23273,RP11-523L20.2
23274,AC140542.2
23275,RP11-523L20.1
23276,ABCC12
23277,ABCC11
23278,LONP2
23279,SIAH1
23280,N4BP1
23281,RP11-44I10.3
23282,CTC-527H23.2
23283,RP11-42I10.1
23284,RP11-22D3.1
23285,CBLN1
23286,RP11-491F9.1
23287,RP11-491F9.8
23288,RP11-491F9.5
23289,C16orf78
23290,RP11-189E14.5
23291,ZNF423
23292,RP11-305A4.3
23293,CNEP1R1
23294,RP11-429P3.3
23295,HEATR3
23296,RP11-429P3.5
23297,PAPD5
23298,ADCY7
23299,BRD7
23300,RP11-21B23.1
23301,RP11-21B23.2
23302,NKD1
23303,RP11-401P9.1
23304,RP11-401P9.6
23305,RP11-401P9.4
23306,RP11-401P9.5
23307,SNX20
23308,NOD2
23309,RP11-327F22.2
23310,RP11-327F22.1
23311,CYLD
23312,RP11-327F22.4
23313,RP11-327F22.5
23314,CTD-2034I21.1
23315,CTD-2034I21.2
23316,RP11-883G14.1
23317,RP11-883G14.2
23318,RP11-883G14.3
23319,SALL1
23320,AC009166.5
23321,RP11-437L7.1
23322,LINC01571
23323,RP11-152O14.1
23324,RP11-142G1.3
23325,RP11-142G1.1
23326,CASC22
23327,TOX3
23328,CASC16
23329,RP11-297L17.2
23330,RP11-467J12.4
23331,CHD9
23332,AC007906.1
23333,RP11-44F14.2
23334,RBL2
23335,AKTIP
23336,RPGRIP1L
23337,FTO
23338,RP11-357N13.3
23339,RP11-357N13.2
23340,RP11-357N13.1
23341,RP11-324D17.3
23342,RP11-324D17.2
23343,RP11-324D17.1
23344,IRX3
23345,RP11-434E6.2
23346,RP11-1136G4.2
23347,CRNDE
23348,CTD-3032H12.2
23349,RP11-26L20.3
23350,IRX6
23351,MMP2
23352,RP11-212I21.2
23353,LPCAT2
23354,SLC6A2
23355,CES1
23356,CES5A
23357,RP11-461O7.1
23358,RP11-355E10.1
23359,GNAO1
23360,DKFZP434H168
23361,RP11-441F2.5
23362,AMFR
23363,RP11-413H22.2
23364,NUDT21
23365,OGFOD1
23366,RP11-413H22.3
23367,BBS2
23368,MT4
23369,MT3
23370,MT2A
23371,RP11-249C24.10
23372,MT1E
23373,MT1M
23374,MT1A
23375,MT1G
23376,RP11-343H19.1
23377,NUP93
23378,SLC12A3
23379,HERPUD1
23380,CETP
23381,NLRC5
23382,RP11-322D14.2
23383,RP11-407G23.1
23384,CPNE2
23385,FAM192A
23386,RSPRY1
23387,ARL2BP
23388,RP11-407G23.7
23389,PLLP
23390,CCL22
23391,CX3CL1
23392,CCL17
23393,CIAPIN1
23394,COQ9
23395,POLR2C
23396,DOK4
23397,CCDC102A
23398,ADGRG5
23399,ADGRG1
23400,RP11-405F3.5
23401,ADGRG3
23402,RP11-405F3.4
23403,DRC7
23404,KATNB1
23405,KIFC3
23406,CTD-2600O9.2
23407,CTD-2600O9.1
23408,CNGB1
23409,TEPP
23410,ZNF319
23411,USB1
23412,MMP15
23413,CFAP20
23414,CTB-134F13.1
23415,RP11-459F6.3
23416,CSNK2A2
23417,RP11-459F6.1
23418,CCDC113
23419,PRSS54
23420,GINS3
23421,RP11-481J2.1
23422,RP11-481J2.3
23423,RP11-481J2.2
23424,NDRG4
23425,SETD6
23426,CNOT1
23427,RP11-481J2.4
23428,AC010287.1
23429,SLC38A7
23430,GOT2
23431,RP11-410D17.2
23432,RP11-700H13.1
23433,RP11-430C1.1
23434,RP11-354I13.2
23435,RP11-354I13.1
23436,CDH8
23437,CTC-420A11.2
23438,AC009110.1
23439,RP11-368L12.1
23440,RP11-370P15.2
23441,RP11-21L1.1
23442,RP11-744D14.2
23443,AC012322.1
23444,RP11-467L24.1
23445,RP11-439I14.2
23446,CDH11
23447,RP11-95H3.1
23448,RP11-256I9.2
23449,RP11-256I9.3
23450,LINC00922
23451,RP11-351A20.1
23452,RP11-351A20.2
23453,RP11-513N24.1
23454,CDH5
23455,LINC00920
23456,BEAN1
23457,RP11-403P17.5
23458,TK2
23459,RP11-403P17.3
23460,RP11-403P17.4
23461,CKLF
23462,CKLF-CMTM1
23463,RP11-403P17.6
23464,CMTM1
23465,CMTM2
23466,RP11-403P17.2
23467,CMTM3
23468,CMTM4
23469,DYNC1LI2
23470,RP11-63M22.2
23471,RP11-63M22.1
23472,RP11-61A14.4
23473,CCDC79
23474,NAE1
23475,CA7
23476,PDP2
23477,CDH16
23478,RRAD
23479,FAM96B
23480,CES2
23481,CES3
23482,CES4A
23483,CBFB
23484,C16orf70
23485,B3GNT9
23486,TRADD
23487,FBXL8
23488,RP11-5A19.5
23489,HSF4
23490,NOL3
23491,KIAA0895L
23492,EXOC3L1
23493,E2F4
23494,ELMO3
23495,LRRC29
23496,TMEM208
23497,FHOD1
23498,SLC9A5
23499,PLEKHG4
23500,KCTD19
23501,LRRC36
23502,TPPP3
23503,ZDHHC1
23504,HSD11B2
23505,RP11-297D21.2
23506,ATP6V0D1
23507,RP11-297D21.4
23508,AGRP
23509,CTD-2012K14.8
23510,FAM65A
23511,CTD-2012K14.2
23512,CTD-2012K14.3
23513,CTD-2012K14.6
23514,CTCF
23515,AC009095.4
23516,RLTPR
23517,ACD
23518,PARD6A
23519,ENKD1
23520,C16orf86
23521,GFOD2
23522,RANBP10
23523,TSNAXIP1
23524,CENPT
23525,THAP11
23526,NUTF2
23527,EDC4
23528,CTC-479C5.10
23529,NRN1L
23530,PSKH1
23531,CTRL
23532,CTC-479C5.12
23533,PSMB10
23534,LCAT
23535,SLC12A4
23536,DPEP3
23537,DPEP2
23538,DUS2
23539,CTC-479C5.6
23540,DDX28
23541,NFATC3
23542,RP11-96D1.5
23543,RP11-96D1.11
23544,ESRP2
23545,PLA2G15
23546,RP11-96D1.7
23547,SLC7A6
23548,SLC7A6OS
23549,PRMT7
23550,SMPD3
23551,RP11-71L14.4
23552,ZFP90
23553,RP11-615I2.1
23554,RP11-615I2.6
23555,CDH3
23556,RP11-615I2.2
23557,CDH1
23558,RP11-354M1.2
23559,TANGO6
23560,RP11-521L9.1
23561,HAS3
23562,CHTF8
23563,UTP4
23564,SNTB2
23565,RP11-343C2.11
23566,VPS4A
23567,COG8
23568,RP11-343C2.9
23569,NIP7
23570,TERF2
23571,CYB5B
23572,NFAT5
23573,NQO1
23574,CTD-2033A16.1
23575,CTD-2033A16.3
23576,NOB1
23577,WWP2
23578,CLEC18A
23579,PDPR
23580,RP11-296I10.3
23581,CLEC18C
23582,AC009060.2
23583,AC009060.3
23584,EXOSC6
23585,AARS
23586,DDX19B
23587,RP11-529K1.3
23588,DDX19A
23589,ST3GAL2
23590,RP11-529K1.4
23591,FUK
23592,COG4
23593,SF3B3
23594,IL34
23595,MTSS1L
23596,VAC14
23597,RP11-394B2.6
23598,VAC14-AS1
23599,RP11-424M24.5
23600,HYDIN
23601,RP11-23E19.1
23602,RP11-23E19.2
23603,CMTR2
23604,CALB2
23605,RP11-510M2.1
23606,ZNF23
23607,AC010547.9
23608,RP11-510M2.2
23609,ZNF19
23610,RP11-510M2.6
23611,CHST4
23612,TAT
23613,TAT-AS1
23614,RP11-432I5.2
23615,MARVELD3
23616,PHLPP2
23617,RP11-432I5.6
23618,RP11-432I5.8
23619,RP11-432I5.4
23620,AP1G1
23621,ATXN1L
23622,IST1
23623,ZNF821
23624,PKD1L3
23625,DHODH
23626,TXNL4B
23627,HP
23628,HPR
23629,RP11-384M15.3
23630,DHX38
23631,PMFBP1
23632,RP11-328J14.1
23633,LINC01572
23634,AC004158.3
23635,RP5-991G20.1
23636,ZFHX3
23637,RP5-991G20.2
23638,RP11-346C20.4
23639,RP11-346C20.3
23640,C16orf47
23641,AC140912.1
23642,LINC01568
23643,RP11-44L9.1
23644,RP11-44L9.2
23645,CTD-2009A10.1
23646,RP11-53L24.1
23647,AC009120.4
23648,AC009120.10
23649,PSMD7
23650,AC009120.5
23651,RP11-252A24.3
23652,NPIPB15
23653,CLEC18B
23654,RP11-252A24.5
23655,GLG1
23656,RFWD3
23657,MLKL
23658,FA2H
23659,WDR59
23660,ZNRF1
23661,RP11-252E2.1
23662,LDHD
23663,RP11-252E2.2
23664,ZFP1
23665,CTRB2
23666,CTRB1
23667,BCAR1
23668,CFDP1
23669,RP11-77K12.1
23670,RP11-77K12.9
23671,TMEM170A
23672,CHST6
23673,RP11-77K12.4
23674,RP11-77K12.10
23675,RP11-77K12.7
23676,TMEM231
23677,RP11-490B18.5
23678,GABARAPL2
23679,RP11-490B18.6
23680,ADAT1
23681,KARS
23682,TERF2IP
23683,RP11-2C15.1
23684,RP11-293N14.1
23685,RP11-150D5.2
23686,CNTNAP4
23687,RP11-58C22.1
23688,CTD-2336H13.2
23689,MON1B
23690,SYCE1L
23691,RP11-538I12.2
23692,RP11-538I12.3
23693,ADAMTS18
23694,RP11-449J10.1
23695,RP11-571O6.1
23696,NUDT7
23697,RP11-264M12.2
23698,VAT1L
23699,RP11-281J9.2
23700,CLEC3A
23701,WWOX
23702,RP11-190D6.2
23703,RP11-264L1.4
23704,RP11-556H2.4
23705,RP11-679B19.1
23706,RP11-679B19.2
23707,RP11-467I17.1
23708,MAF
23709,RP11-70D24.3
23710,RP11-70D24.2
23711,RP11-70D24.4
23712,LINC01229
23713,MAFTRR
23714,LINC01228
23715,RP11-148M9.1
23716,RP11-525K10.1
23717,RP11-525K10.3
23718,RP11-525K10.2
23719,DYNLRB2
23720,LINC01227
23721,CDYL2
23722,CTD-2055G21.1
23723,PRCAT47
23724,CMC2
23725,CENPN
23726,RP11-303E16.3
23727,ATMIN
23728,C16orf46
23729,RP11-303E16.5
23730,RP11-303E16.6
23731,RP11-303E16.7
23732,GCSH
23733,AC092718.1
23734,BCO1
23735,RP11-55K13.1
23736,GAN
23737,CMIP
23738,RP11-960L18.1
23739,PLCG2
23740,SDR42E1
23741,HSD17B2
23742,RP11-510J16.5
23743,MPHOSPH6
23744,CTD-2588J6.2
23745,RP11-481E4.2
23746,RP11-2L4.1
23747,CDH13
23748,CTD-3253I12.1
23749,RP11-543N12.1
23750,RP11-298D21.3
23751,RP11-298D21.1
23752,RP11-483P21.2
23753,HSBP1
23754,MLYCD
23755,RP11-505K9.4
23756,RP11-483P21.6
23757,OSGIN1
23758,NECAB2
23759,SLC38A8
23760,MBTPS1
23761,RP11-505K9.1
23762,HSDL1
23763,DNAAF1
23764,TAF1C
23765,ADAD2
23766,RP11-486L19.2
23767,KCNG4
23768,RP11-558A11.1
23769,WFDC1
23770,ATP2C2
23771,RP11-517C16.2
23772,TLDC1
23773,RP11-517C16.4
23774,COTL1
23775,KLHL36
23776,USP10
23777,CRISPLD2
23778,RP11-254F19.3
23779,ZDHHC7
23780,KIAA0513
23781,FAM92B
23782,RP11-442O1.4
23783,RP11-442O1.3
23784,CTC-786C10.1
23785,LINC00311
23786,RP11-680G10.1
23787,LA16c-352F7.1
23788,RP11-118F19.1
23789,CTD-2542L18.1
23790,GSE1
23791,GINS2
23792,C16orf74
23793,RP11-568J23.4
23794,EMC8
23795,RP11-568J23.5
23796,COX4I1
23797,IRF8
23798,RP11-542M13.2
23799,RP11-805I24.1
23800,RP11-805I24.3
23801,LINC01082
23802,RP11-514D23.3
23803,RP11-514D23.2
23804,RP11-514D23.1
23805,FENDRR
23806,FOXF1
23807,RP11-463O9.9
23808,MTHFSD
23809,FOXC2
23810,FOXL1
23811,RP11-58A18.1
23812,CTD-2015G9.1
23813,CTD-2015G9.2
23814,RP11-134D3.1
23815,RP11-134D3.2
23816,C16orf95
23817,RP11-899L11.1
23818,RP11-178L8.4
23819,RP11-178L8.7
23820,RP11-178L8.8
23821,FBXO31
23822,RP11-178L8.9
23823,MAP1LC3B
23824,RP11-178L8.3
23825,ZCCHC14
23826,RP11-482M8.1
23827,RP11-482M8.3
23828,JPH3
23829,RP11-278A23.4
23830,RP11-278A23.1
23831,KLHDC4
23832,RP4-536B24.4
23833,RP4-536B24.3
23834,SLC7A5
23835,RP4-536B24.2
23836,CA5A
23837,BANP
23838,RP11-863P13.5
23839,RP11-863P13.4
23840,RP11-863P13.1
23841,RP11-863P13.3
23842,RP11-863P13.2
23843,LA16c-444G7.2
23844,LA16c-444G7.1
23845,ZNF469
23846,ZFPM1
23847,RP11-21B21.4
23848,ZC3H18
23849,IL17C
23850,CYBA
23851,MVD
23852,SNAI3-AS1
23853,SNAI3
23854,AC138028.1
23855,RNF166
23856,RP5-1142A6.5
23857,CTU2
23858,RP5-1142A6.10
23859,PIEZO1
23860,RP5-1142A6.9
23861,RP5-1142A6.2
23862,RP5-1142A6.8
23863,CDT1
23864,APRT
23865,GALNS
23866,AC092384.1
23867,TRAPPC2L
23868,PABPN1L
23869,CBFA2T3
23870,RP11-830F9.5
23871,RP11-830F9.6
23872,CTD-2555A7.1
23873,CTD-2555A7.2
23874,ACSF3
23875,CTD-2555A7.3
23876,LINC00304
23877,RP11-46C24.3
23878,CDH15
23879,SLC22A31
23880,RP11-46C24.7
23881,ZNF778
23882,RP11-46C24.6
23883,ANKRD11
23884,AC137932.4
23885,AC137932.5
23886,AC137932.6
23887,SPG7
23888,RP11-104N10.1
23889,RPL13
23890,CPNE7
23891,DPEP1
23892,CHMP1A
23893,SPATA33
23894,CDK10
23895,RP11-368I7.4
23896,SPATA2L
23897,VPS9D1
23898,VPS9D1-AS1
23899,ZNF276
23900,FANCA
23901,SPIRE2
23902,TCF25
23903,MC1R
23904,RP11-566K11.2
23905,RP11-566K11.4
23906,TUBB3
23907,DEF8
23908,CENPBD1
23909,RP11-566K11.5
23910,DBNDD1
23911,GAS8
23912,GAS8-AS1
23913,PRDM7
23914,FAM157C
23915,RP11-356C4.3
23916,RP11-356C4.5
23917,AC137934.1
23918,RP11-1228E12.1
23919,RP11-1228E12.2
23920,DOC2B
23921,AC108004.2
23922,RPH3AL
23923,RP11-1260E13.1
23924,RP11-1260E13.2
23925,AC108004.3
23926,C17orf97
23927,FAM101B
23928,RP5-1029F21.3
23929,VPS53
23930,RP5-1029F21.4
23931,FAM57A
23932,GEMIN4
23933,GLOD4
23934,RNMTL1
23935,RP11-676J12.9
23936,NXN
23937,RP11-676J12.6
23938,RP11-676J12.7
23939,TIMM22
23940,ABR
23941,AC016292.1
23942,AC144836.1
23943,BHLHA9
23944,TUSC5
23945,YWHAE
23946,CRK
23947,RP11-818O24.3
23948,MYO1C
23949,INPP5K
23950,PITPNA-AS1
23951,PITPNA
23952,SLC43A2
23953,SCARF1
23954,RILP
23955,PRPF8
23956,RP11-961A15.3
23957,TLCD2
23958,MIR22HG
23959,WDR81
23960,RP11-961A15.1
23961,SERPINF2
23962,SERPINF1
23963,SMYD4
23964,RPA1
23965,RTN4RL1
23966,CTD-2545H1.2
23967,AC099684.1
23968,DPH1
23969,RP11-667K14.4
23970,RP11-667K14.3
23971,HIC1
23972,SMG6
23973,RP11-667K14.5
23974,AC090617.1
23975,SRR
23976,TSR1
23977,SGSM2
23978,RP1-59D14.10
23979,RP1-59D14.5
23980,MNT
23981,RP1-59D14.1
23982,METTL16
23983,PAFAH1B1
23984,RP11-74E22.5
23985,RP11-74E22.6
23986,CLUH
23987,RP11-74E22.3
23988,RP11-74E22.8
23989,RAP1GAP2
23990,CTD-3060P21.1
23991,OR1G1
23992,CTD-2309O5.3
23993,OR3A2
23994,OR3A1
23995,OR1E1
23996,SPATA22
23997,ASPA
23998,TRPV3
23999,TRPV1
24000,SHPK
24001,CTNS
24002,RP11-235E17.6
24003,TAX1BP3
24004,P2RX5-TAX1BP3
24005,EMC6
24006,P2RX5
24007,ITGAE
24008,CTD-3195I5.3
24009,GSG2
24010,CTD-3195I5.4
24011,NCBP3
24012,CAMKK1
24013,P2RX1
24014,ATP2A3
24015,RP11-459C13.1
24016,ZZEF1
24017,CYB5D2
24018,ANKFY1
24019,RP11-104O19.4
24020,UBE2G1
24021,SPNS3
24022,RP13-580F15.2
24023,AC118754.4
24024,SPNS2
24025,MYBBP1A
24026,GGT6
24027,RP11-141J13.3
24028,SMTNL2
24029,RP11-141J13.5
24030,ALOX15
24031,PELP1
24032,AC091153.4
24033,RP11-314A20.2
24034,ARRB2
24035,MED11
24036,RP11-314A20.5
24037,CXCL16
24038,ZMYND15
24039,TM4SF5
24040,VMO1
24041,GLTPD2
24042,PSMB6
24043,RP11-81A22.5
24044,PLD2
24045,MINK1
24046,CHRNE
24047,C17orf107
24048,GP1BA
24049,SLC25A11
24050,RNF167
24051,PFN1
24052,ENO3
24053,SPAG7
24054,CAMTA2
24055,RP5-1050D4.3
24056,RP5-1050D4.2
24057,RP5-1050D4.4
24058,RP5-1050D4.5
24059,INCA1
24060,KIF1C
24061,AC109333.10
24062,SLC52A1
24063,RP11-46I8.3
24064,ZFP3
24065,ZNF232
24066,USP6
24067,ZNF594
24068,RP11-333E1.1
24069,SCIMP
24070,RP11-333E1.2
24071,RABEP1
24072,NUP88
24073,RPAIN
24074,CTC-524C5.2
24075,C1QBP
24076,DHX33
24077,CTC-524C5.5
24078,DERL2
24079,MIS12
24080,NLRP1
24081,WSCD1
24082,AIPL1
24083,FAM64A
24084,PITPNM3
24085,KIAA0753
24086,TXNDC17
24087,MED31
24088,C17orf100
24089,CTC-281F24.1
24090,SLC13A5
24091,XAF1
24092,FBXO39
24093,TEKT1
24094,ALOX12-AS1
24095,RP11-589P10.7
24096,ALOX12
24097,RNASEK
24098,RNASEK-C17orf49
24099,C17orf49
24100,MIR497HG
24101,BCL6B
24102,SLC16A13
24103,SLC16A11
24104,CLEC10A
24105,ASGR2
24106,ASGR1
24107,DLG4
24108,ACADVL
24109,DVL2
24110,PHF23
24111,GABARAP
24112,CTD-2545G14.7
24113,CTDNEP1
24114,RP1-4G17.5
24115,ELP5
24116,CLDN7
24117,SLC2A4
24118,YBX2
24119,EIF5A
24120,GPS2
24121,RP11-542C16.2
24122,NEURL4
24123,ACAP1
24124,KCTD11
24125,RP11-542C16.1
24126,TMEM95
24127,TNK1
24128,TMEM256-PLSCR3
24129,TMEM256-PLSCR3.1
24130,TMEM256
24131,NLGN2
24132,C17orf74
24133,TMEM102
24134,FGF11
24135,RP11-104H15.8
24136,CHRNB1
24137,ZBTB4
24138,SLC35G6
24139,POLR2A
24140,TNFSF12
24141,RP11-186B7.7
24142,TNFSF13
24143,SENP3
24144,EIF4A1
24145,CD68
24146,AC113189.5
24147,MPDU1
24148,SOX15
24149,FXR2
24150,SHBG
24151,SAT2
24152,ATP1B2
24153,TP53
24154,WRAP53
24155,EFNB3
24156,DNAH2
24157,KDM6B
24158,TMEM88
24159,NAA38
24160,CYB5D1
24161,CHD3
24162,AC025335.1
24163,AC104581.1
24164,KCNAB3
24165,RP11-1099M24.7
24166,TRAPPC1
24167,CNTROB
24168,GUCY2D
24169,ALOX15B
24170,RP11-599B13.3
24171,ALOX12B
24172,AC129492.6
24173,ALOXE3
24174,HES7
24175,PER1
24176,RP11-599B13.6
24177,VAMP2
24178,TMEM107
24179,RP11-599B13.7
24180,BORCS6
24181,AC129492.1
24182,AURKB
24183,LINC00324
24184,CTC1
24185,PFAS
24186,RP11-849F2.9
24187,SLC25A35
24188,RANGRF
24189,ARHGEF15
24190,RP11-849F2.4
24191,ODF4
24192,RP11-849F2.5
24193,RP11-849F2.7
24194,RNF222
24195,NDEL1
24196,MYH10
24197,CCDC42
24198,SPDYE4
24199,MFSD6L
24200,PIK3R6
24201,PIK3R5
24202,CTB-41I6.1
24203,CTB-41I6.2
24204,NTN1
24205,RP11-85B7.2
24206,RP11-85B7.5
24207,STX8
24208,RP11-85B7.4
24209,AC087501.1
24210,RP11-565F19.3
24211,CFAP52
24212,RP11-55L4.2
24213,USP43
24214,RP11-55L4.1
24215,RP11-477N12.6
24216,DHRS7C
24217,GSG1L2
24218,RP11-477N12.5
24219,GLP2R
24220,RCVRN
24221,GAS7
24222,RP11-401O9.4
24223,MYH13
24224,RP11-401O9.3
24225,MYHAS
24226,MYH8
24227,MYH4
24228,MYH1
24229,MYH2
24230,MYH3
24231,CTC-297N7.1
24232,SCO1
24233,CTC-297N7.10
24234,ADPRM
24235,TMEM220
24236,TMEM220-AS1
24237,CTC-297N7.9
24238,LINC00675
24239,PIRT
24240,RP11-963H4.3
24241,SHISA6
24242,DNAH9
24243,RP11-628O18.1
24244,RP11-1096G20.5
24245,ZNF18
24246,MAP2K4
24247,RP11-471L13.2
24248,LINC00670
24249,MYOCD
24250,AC005358.3
24251,RP11-1090M7.1
24252,ARHGAP44
24253,RP11-597M12.2
24254,RP11-597M12.1
24255,ELAC2
24256,RP11-488L1.1
24257,AC003664.1
24258,HS3ST3A1
24259,RP11-131K5.2
24260,AC005304.1
24261,RP11-131K5.1
24262,COX10
24263,AC005224.2
24264,CDRT15
24265,RP11-214O1.1
24266,HS3ST3B1
24267,AC022816.2
24268,AC013248.2
24269,AC005863.1
24270,AC005863.2
24271,AC005772.2
24272,PMP22
24273,RP11-849N15.1
24274,AC005703.3
24275,AC005703.2
24276,TEKT3
24277,RP11-849N15.4
24278,CDRT4
24279,TVP23C
24280,CDRT1
24281,RP11-385D13.1
24282,TRIM16
24283,RP11-640I15.1
24284,TBC1D26
24285,TBC1D26.1
24286,AC005324.6
24287,CTD-3157E16.1
24288,CTD-3157E16.2
24289,AC015922.6
24290,ADORA2B
24291,ZSWIM7
24292,TTC19
24293,CTC-529I10.1
24294,NCOR1
24295,PIGL
24296,CENPV
24297,UBB
24298,RP11-138I1.4
24299,RP11-138I1.2
24300,TRPV2
24301,RP11-138I1.3
24302,LRRC75A
24303,ZNF287
24304,ZNF624
24305,RP11-92B11.4
24306,CCDC144A
24307,RP11-219A15.1
24308,RP11-92B11.3
24309,RP11-219A15.2
24310,RP11-219A15.5
24311,TNFRSF13B
24312,AC104024.1
24313,RP11-416I2.1
24314,MPRIP
24315,MPRIP-AS1
24316,RP11-45M22.3
24317,PLD6
24318,RP11-45M22.4
24319,COPS3
24320,NT5M
24321,MED9
24322,RASD1
24323,PEMT
24324,RP11-524F11.1
24325,RP11-524F11.2
24326,SMCR2
24327,RAI1
24328,RAI1-AS1
24329,SMCR5
24330,SREBF1
24331,TOM1L2
24332,RP1-253P7.4
24333,DRC3
24334,ATPAF2
24335,GID4
24336,DRG2
24337,MYO15A
24338,RP11-258F1.1
24339,ALKBH5
24340,LLGL1
24341,FLII
24342,MIEF2
24343,RP1-178F10.1
24344,TOP3A
24345,SMCR8
24346,SHMT1
24347,EVPLL
24348,RP1-37N7.1
24349,FLJ35934
24350,LGALS9C
24351,FAM106A
24352,TBC1D28
24353,ZNF286B
24354,TRIM16L
24355,FBXW10
24356,TVP23B
24357,CTD-2145A24.5
24358,PRPSAP2
24359,CTD-2145A24.4
24360,SLC5A10
24361,AC090286.4
24362,FAM83G
24363,GRAP
24364,RP11-160E2.17
24365,RP11-160E2.19
24366,RP11-160E2.6
24367,GRAPL
24368,CTC-457L16.2
24369,RP11-160E2.11
24370,AC007952.4
24371,RP11-160E2.16
24372,EPN2
24373,EPN2-AS1
24374,RP11-135L13.4
24375,B9D1
24376,MAPK7
24377,MFAP4
24378,RNF112
24379,CTB-187M2.2
24380,AC004448.5
24381,AC004448.2
24382,CTB-187M2.1
24383,SLC47A1
24384,RP11-1113L8.1
24385,ALDH3A2
24386,CTD-2104P17.2
24387,SLC47A2
24388,RP11-311F12.1
24389,ALDH3A1
24390,ULK2
24391,RP11-78O7.3
24392,RP11-78O7.2
24393,AKAP10
24394,RP11-209D14.2
24395,SPECC1
24396,AC004702.2
24397,RP11-434D2.2
24398,LGALS9B
24399,AC008088.4
24400,CDRT15L2
24401,AC087499.10
24402,RP11-283C24.1
24403,CCDC144NL
24404,RP11-344E13.4
24405,CCDC144NL-AS1
24406,USP22
24407,LINC01563
24408,DHRS7B
24409,TMEM11
24410,AC087294.2
24411,NATD1
24412,MAP2K3
24413,KCNJ12
24414,RP11-728E14.3
24415,RP11-728E14.2
24416,RP11-822E23.7
24417,C17orf51
24418,RP11-822E23.2
24419,KCNJ18
24420,RP11-1109M24.16
24421,RP11-1109M24.5
24422,FLJ36000
24423,RP11-744K17.1
24424,MTRNR2L1
24425,RP11-285M22.3
24426,RP11-260A9.6
24427,RP11-663N22.1
24428,WSB1
24429,RP11-173M1.4
24430,KSR1
24431,AC015688.3
24432,RP11-19P22.8
24433,LGALS9
24434,NOS2
24435,RP1-66C13.4
24436,RP11-138P22.1
24437,LYRM9
24438,RP11-218F4.1
24439,NLK
24440,CTD-2008P7.10
24441,CTD-2008P7.9
24442,CTD-2008P7.8
24443,CTD-2008P7.3
24444,CTD-2008P7.1
24445,TMEM97
24446,IFT20
24447,TNFAIP1
24448,POLDIP2
24449,TMEM199
24450,CTB-96E2.7
24451,CTB-96E2.2
24452,SARM1
24453,VTN
24454,SLC46A1
24455,CTD-2350C19.2
24456,RP11-192H23.4
24457,SLC13A2
24458,FOXN1
24459,RP11-192H23.5
24460,RP11-192H23.6
24461,KIAA0100
24462,RP11-192H23.7
24463,SDF2
24464,SUPT6H
24465,AC010761.13
24466,PROCA1
24467,RAB34
24468,RPL23A
24469,AC010761.8
24470,TLCD1
24471,NEK8
24472,AC010761.6
24473,TRAF4
24474,AC010761.9
24475,AC010761.10
24476,FAM222B
24477,ERAL1
24478,RP11-20B24.2
24479,FLOT2
24480,RP11-20B24.7
24481,RP11-20B24.4
24482,DHRS13
24483,PHF12
24484,RP11-20B24.5
24485,PIPOX
24486,SEZ6
24487,RP11-321A17.6
24488,MYO18A
24489,RP11-321A17.4
24490,CRYBA1
24491,NUFIP2
24492,RP11-296K13.4
24493,RP11-802D6.1
24494,TAOK1
24495,ABHD15
24496,ABHD15-AS1
24497,GIT1
24498,CORO6
24499,SSH2
24500,RP11-82O19.1
24501,RP11-338L22.2
24502,EFCAB5
24503,AC104984.4
24504,RP11-1148O4.2
24505,NSRP1
24506,RP11-354P11.3
24507,RP11-354P11.8
24508,SLC6A4
24509,RP11-354P11.4
24510,RP11-354P11.2
24511,BLMH
24512,TMIGD1
24513,CPD
24514,GOSR1
24515,TBC1D29
24516,RP11-218M11.6
24517,RP11-218M11.1
24518,CTD-2349P21.6
24519,CTD-2349P21.5
24520,CRLF3
24521,CTD-2349P21.9
24522,CTD-2349P21.12
24523,ATAD5
24524,CTD-2349P21.11
24525,RP13-753N3.1
24526,TEFM
24527,RP13-753N3.3
24528,ADAP2
24529,AC091177.1
24530,RP11-848P1.3
24531,RNF135
24532,RP11-848P1.4
24533,RP11-848P1.5
24534,NF1
24535,OMG
24536,EVI2B
24537,CTD-2370N5.3
24538,EVI2A
24539,RAB11FIP4
24540,RP1-41C23.4
24541,AC003101.1
24542,RP1-41C23.1
24543,COPRS
24544,UTP6
24545,CTC-542B22.2
24546,SUZ12
24547,LRRC37B
24548,CTD-2095E4.5
24549,AC090616.2
24550,RHOT1
24551,RHBDL3
24552,C17orf75
24553,RP11-227G15.2
24554,ZNF207
24555,RP11-227G15.10
24556,RP11-227G15.11
24557,RP11-227G15.8
24558,RP11-227G15.12
24559,RP11-227G15.9
24560,PSMD11
24561,CDK5R1
24562,MYO1D
24563,RP11-466A19.1
24564,RP11-466A19.3
24565,RP11-220C2.1
24566,AC084809.2
24567,AC084809.3
24568,TMEM98
24569,SPACA3
24570,ASIC2
24571,RP11-40A13.1
24572,RP11-31I22.4
24573,RP11-31I22.3
24574,RP11-31I22.2
24575,RP11-17M24.2
24576,CTC-304I17.2
24577,CTC-304I17.5
24578,RP11-215E13.1
24579,CCL2
24580,CCL7
24581,CCL11
24582,CCL8
24583,CCL13
24584,CCL1
24585,C17orf102
24586,TMEM132E
24587,RP11-212E8.1
24588,RP11-642M2.1
24589,CCT6B
24590,ZNF830
24591,LIG3
24592,RFFL
24593,RAD51L3-RFFL
24594,RP5-837J1.6
24595,FNDC8
24596,NLE1
24597,UNC45B
24598,RP11-799D4.3
24599,SLC35G3
24600,RP11-799D4.4
24601,SLFN5
24602,RP11-47L3.1
24603,SLFN11
24604,RP11-686D22.5
24605,RP11-686D22.4
24606,SLFN12
24607,SLFN13
24608,SLFN12L
24609,SLFN14
24610,RP11-1094M14.12
24611,RP11-1094M14.14
24612,RP11-1094M14.11
24613,PEX12
24614,AP2B1
24615,TAF15
24616,GAS2L2
24617,MMP28
24618,AC015849.12
24619,AC015849.19
24620,HEATR9
24621,AC015849.2
24622,CCL5
24623,AC015849.16
24624,RDM1
24625,LYZL6
24626,CCL16
24627,CCL14
24628,CTB-186H2.3
24629,CCL15-CCL14
24630,RP11-104J23.1
24631,CCL23
24632,CCL18
24633,AC069363.1
24634,CCL3
24635,CCL4
24636,CTB-91J4.1
24637,TBC1D3B
24638,AC131056.3
24639,CCL4L2
24640,TBC1D3F
24641,ZNHIT3
24642,MYO19
24643,PIGW
24644,GGNBP2
24645,DHRS11
24646,MRM1
24647,CTB-75G16.3
24648,CTD-3194G12.1
24649,CTD-3194G12.2
24650,RP11-445F12.1
24651,LHX1
24652,AATF
24653,CTC-268N12.2
24654,ACACA
24655,C17orf78
24656,TADA2A
24657,RP11-378E13.4
24658,DUSP14
24659,SYNRG
24660,RP11-697E22.1
24661,DDX52
24662,RP11-697E22.2
24663,HNF1B
24664,AC091199.1
24665,TBC1D3L
24666,TBC1D3
24667,MRPL45
24668,GPR179
24669,SOCS7
24670,ARHGAP23
24671,SRCIN1
24672,CTB-58E17.2
24673,C17orf96
24674,CTB-58E17.1
24675,CTB-58E17.3
24676,MLLT6
24677,CTB-58E17.9
24678,AC006449.2
24679,CISD3
24680,PCGF2
24681,CTB-58E17.5
24682,PSMB3
24683,PIP4K2B
24684,CWC25
24685,C17orf98
24686,RPL23
24687,LASP1
24688,RP1-56K13.2
24689,RP1-56K13.3
24690,LINC00672
24691,FBXO47
24692,RP1-56K13.5
24693,CTD-2206N4.2
24694,PLXDC1
24695,ARL5C
24696,RP5-906A24.2
24697,CACNB1
24698,RPL19
24699,STAC2
24700,FBXL20
24701,CTB-131K11.1
24702,MED1
24703,CDK12
24704,RP11-390P24.1
24705,NEUROD2
24706,AC087491.2
24707,PPP1R1B
24708,STARD3
24709,TCAP
24710,PNMT
24711,PGAP3
24712,ERBB2
24713,MIEN1
24714,GRB7
24715,IKZF3
24716,ZPBP2
24717,GSDMB
24718,ORMDL3
24719,RP11-387H17.4
24720,GSDMA
24721,PSMD3
24722,RP11-387H17.6
24723,CSF3
24724,MED24
24725,THRA
24726,NR1D1
24727,MSL1
24728,CASC3
24729,RAPGEFL1
24730,WIPF2
24731,CDC6
24732,RARA
24733,RARA-AS1
24734,CTD-2267D19.3
24735,GJD3
24736,TOP2A
24737,IGFBP4
24738,TNS4
24739,RP5-1028K7.2
24740,CCR7
24741,SMARCE1
24742,RP5-1028K7.3
24743,RP11-458J1.1
24744,KRT222
24745,KRT24
24746,KRT25
24747,KRT26
24748,KRT27
24749,KRT28
24750,RP11-605F20.1
24751,KRT10
24752,TMEM99
24753,RP5-1110E20.1
24754,KRT12
24755,KRT20
24756,AC004231.2
24757,KRT23
24758,KRT39
24759,KRT40
24760,KRTAP3-1
24761,KRTAP1-5
24762,KRTAP1-1
24763,KRTAP4-7
24764,KRTAP4-16P
24765,KRTAP9-1
24766,KRTAP9-9
24767,KRTAP16-1
24768,KRTAP17-1
24769,KRT33B
24770,KRT34
24771,KRT31
24772,AC003958.2
24773,KRT32
24774,KRT35
24775,KRT15
24776,KRT19
24777,KRT9
24778,KRT14
24779,KRT16
24780,KRT17
24781,EIF1
24782,GAST
24783,HAP1
24784,JUP
24785,P3H4
24786,FKBP10
24787,NT5C3B
24788,KLHL10
24789,KLHL11
24790,ACLY
24791,RP11-229E13.4
24792,TTC25
24793,CNP
24794,DNAJC7
24795,NKIRAS2
24796,ZNF385C
24797,DHX58
24798,KAT2A
24799,CTD-2132N18.3
24800,HSPB9
24801,RAB5C
24802,RP11-358B23.1
24803,KCNH4
24804,HCRT
24805,GHDC
24806,STAT5B
24807,RP11-358B23.5
24808,STAT5A
24809,STAT3
24810,PTRF
24811,ATP6V0A1
24812,NAGLU
24813,HSD17B1
24814,RP11-400F19.6
24815,COASY
24816,MLX
24817,PSMC3IP
24818,FAM134C
24819,TUBG1
24820,TUBG2
24821,PLEKHH3
24822,CCR10
24823,CTD-3193K9.4
24824,CNTNAP1
24825,CTD-3193K9.3
24826,EZH1
24827,CTD-3193K9.11
24828,RAMP2-AS1
24829,RAMP2
24830,VPS25
24831,WNK4
24832,COA3
24833,CNTD1
24834,BECN1
24835,PSME3
24836,AOC2
24837,AOC3
24838,LINC00671
24839,G6PC
24840,PTGES3L-AARSD1
24841,RUNDC1
24842,AC055866.1
24843,RPL27
24844,IFI35
24845,VAT1
24846,RND2
24847,BRCA1
24848,RP11-242D8.1
24849,NBR1
24850,TMEM106A
24851,LINC00910
24852,ARL4D
24853,MIR2117HG
24854,DHX8
24855,ETV4
24856,RP11-392O1.4
24857,MEOX1
24858,CTC-501O10.1
24859,SOST
24860,DUSP3
24861,C17orf105
24862,RP5-905N1.2
24863,MPP3
24864,CD300LG
24865,MPP2
24866,FAM215A
24867,RP11-527L4.6
24868,RP11-527L4.2
24869,PPY
24870,PYY
24871,NAGS
24872,TMEM101
24873,LSM12
24874,G6PC3
24875,HDAC5
24876,RP11-546M21.6
24877,C17orf53
24878,ASB16
24879,ASB16-AS1
24880,TMUB2
24881,ATXN7L3
24882,CTB-175E5.7
24883,UBTF
24884,RP5-882C2.2
24885,SLC4A1
24886,RUNDC3A-AS1
24887,RUNDC3A
24888,SLC25A39
24889,RP5-1067M6.3
24890,GRN
24891,FAM171A2
24892,ITGA2B
24893,GPATCH8
24894,FZD2
24895,LINC01180
24896,MEIOC
24897,CCDC43
24898,DBF4B
24899,ADAM11
24900,CTC-296K1.3
24901,CTC-296K1.4
24902,GJC1
24903,HIGD1B
24904,EFTUD2
24905,CCDC103
24906,AC015936.3
24907,GFAP
24908,KIF18B
24909,CTD-2534I21.8
24910,C1QL1
24911,DCAKD
24912,NMT1
24913,PLCD3
24914,ACBD4
24915,AC142472.6
24916,HEXIM1
24917,AC002117.1
24918,HEXIM2
24919,RP13-890H12.2
24920,CTD-2020K17.1
24921,FMNL1
24922,CTD-2020K17.3
24923,CTD-2020K17.4
24924,MAP3K14-AS1
24925,SPATA32
24926,MAP3K14
24927,CTB-39G8.2
24928,ARHGAP27
24929,CTB-39G8.3
24930,PLEKHM1
24931,AC091132.1
24932,RP11-798G7.8
24933,RP11-798G7.5
24934,RP11-798G7.6
24935,CRHR1
24936,RP11-293E1.2
24937,RP11-293E1.1
24938,CRHR1.1
24939,MAPT-AS1
24940,SPPL2C
24941,MAPT
24942,RP11-669E14.4
24943,KANSL1
24944,RP11-669E14.6
24945,KANSL1-AS1
24946,ARL17B
24947,LRRC37A
24948,LRRC37A2
24949,ARL17A
24950,NSF
24951,WNT3
24952,WNT9B
24953,RP11-63A1.2
24954,RP11-63A1.1
24955,GOSR2
24956,RP11-156P1.2
24957,RPRML
24958,CDC27
24959,RP5-867C24.5
24960,MYL4
24961,RP11-290H9.2
24962,RP11-290H9.5
24963,THCAT158
24964,EFCAB13
24965,CTD-2026D20.2
24966,NPEPPS
24967,RP11-580I16.2
24968,KPNB1
24969,RP11-138C9.1
24970,TBKBP1
24971,TBX21
24972,OSBPL7
24973,MRPL10
24974,LRRC46
24975,SCRN2
24976,SP6
24977,RP11-6N17.1
24978,RP11-6N17.2
24979,SP2
24980,SP2-AS1
24981,PNPO
24982,RP11-6N17.6
24983,PRR15L
24984,CDK5RAP3
24985,RP11-6N17.10
24986,COPZ2
24987,NFE2L1
24988,RP5-890E16.4
24989,RP5-890E16.5
24990,CBX1
24991,SNX11
24992,SKAP1
24993,RP11-456D7.1
24994,THRA1/BTR
24995,RP11-433M22.2
24996,HOXB2
24997,HOXB-AS1
24998,HOXB3
24999,HOXB-AS3
25000,HOXB7
25001,HOXB-AS4
25002,RP11-357H14.17
25003,CTD-2377D24.6
25004,TTLL6
25005,CALCOCO2
25006,ATP5G1
25007,UBE2Z
25008,SNF8
25009,AC091133.1
25010,GIP
25011,IGF2BP1
25012,RP11-501C14.6
25013,B4GALNT2
25014,GNGT2
25015,ABI3
25016,PHOSPHO1
25017,ZNF652
25018,RP11-1079K10.3
25019,RP11-81K2.1
25020,PHB
25021,RP11-1079K10.5
25022,NGFR
25023,RP5-1029K10.2
25024,RP5-1029K10.4
25025,NXPH3
25026,SPOP
25027,SLC35B1
25028,RP11-613C6.2
25029,FAM117A
25030,KAT7
25031,RP11-304F15.7
25032,TAC4
25033,RP11-304F15.3
25034,RP11-304F15.4
25035,RP11-304F15.6
25036,DLX4
25037,DLX3
25038,RP11-1094H24.3
25039,RP11-1094H24.4
25040,ITGA3
25041,RP5-875H18.9
25042,PDK2
25043,RP5-875H18.10
25044,RP5-875H18.4
25045,SAMD14
25046,PPP1R9B
25047,AC002401.1
25048,RP11-893F2.13
25049,RP11-893F2.14
25050,SGCA
25051,COL1A1
25052,RP11-893F2.5
25053,RP11-893F2.15
25054,TMEM92
25055,TMEM92-AS1
25056,XYLT2
25057,MRPL27
25058,EME1
25059,LRRC59
25060,RP1-117B12.4
25061,ACSF2
25062,CHAD
25063,RP11-94C24.13
25064,RSAD1
25065,RP11-94C24.6
25066,MYCBPAP
25067,EPN3
25068,SPATA20
25069,CACNA1G-AS1
25070,CACNA1G
25071,CTB-22K21.2
25072,ABCC3
25073,ANKRD40
25074,RP11-294J22.6
25075,LUC7L3
25076,WFIKKN2
25077,RP11-506D12.5
25078,TOB1
25079,RP11-700H6.4
25080,RP11-700H6.1
25081,RP11-700H6.2
25082,SPAG9
25083,RP11-481C4.1
25084,NME1
25085,NME1-NME2
25086,NME2
25087,MBTD1
25088,UTP18
25089,RP11-1018N14.1
25090,RP11-1018N14.3
25091,RP11-1018N14.4
25092,RP11-1018N14.2
25093,RP11-1018N14.5
25094,CA10
25095,RP11-429O1.1
25096,AC102948.2
25097,C17orf112
25098,KIF2B
25099,TOM1L1
25100,COX11
25101,RP11-257O5.4
25102,STXBP4
25103,HLF
25104,RP11-515O17.2
25105,RP11-515O17.3
25106,MMD
25107,RP11-515E23.2
25108,RP11-515E23.1
25109,TMEM100
25110,PCTP
25111,RP11-763E3.1
25112,ANKFN1
25113,NOG
25114,C17orf67
25115,DGKE
25116,TRIM25
25117,RP11-670E13.5
25118,RP11-670E13.6
25119,COIL
25120,RP5-1107A17.3
25121,SCPEP1
25122,RP11-166P13.3
25123,AKAP1
25124,RP11-166P13.4
25125,MSI2
25126,RP11-118E18.2
25127,RP11-118E18.4
25128,CCDC182
25129,RP11-60A24.3
25130,MRPS23
25131,CUEDC1
25132,RP11-343K8.3
25133,RP11-159D12.11
25134,VEZF1
25135,RP11-159D12.5
25136,SRSF1
25137,RP11-159D12.10
25138,DYNLL2
25139,EPX
25140,RP11-506H21.5
25141,MKS1
25142,LPO
25143,MPO
25144,BZRAP1
25145,BZRAP1-AS1
25146,RP5-1171I10.5
25147,SUPT4H1
25148,RNF43
25149,HSF5
25150,MTMR4
25151,SEPT4-AS1
25152,SEPT4
25153,C17orf47
25154,TEX14
25155,RAD51C
25156,RP11-579A4.1
25157,PPM1E
25158,TRIM37
25159,AC099850.1
25160,SKA2
25161,PRR11
25162,CTD-2510F5.6
25163,CTD-2510F5.4
25164,SMG8
25165,GDPD1
25166,YPEL2
25167,RP11-567L7.5
25168,LINC01476
25169,DHX40
25170,RP11-758H9.2
25171,CLTC
25172,PTRH2
25173,VMP1
25174,TUBD1
25175,RPS6KB1
25176,RP11-178C3.1
25177,RNFT1
25178,TBC1D3P1-DHX40P1
25179,RP11-178C3.2
25180,HEATR6
25181,CTD-2319I12.2
25182,CTD-2319I12.5
25183,CA4
25184,USP32
25185,C17orf64
25186,APPBP2
25187,RP11-15E18.1
25188,RP11-15E18.4
25189,PPM1D
25190,AC110602.1
25191,BCAS3
25192,RP11-264B14.1
25193,RP11-264B14.2
25194,RP11-136H19.1
25195,RP11-332H18.5
25196,TBX2-AS1
25197,TBX2
25198,C17orf82
25199,TBX4
25200,NACA2
25201,BRIP1
25202,INTS2
25203,MED13
25204,RP11-51L5.7
25205,EFCAB3
25206,METTL2A
25207,TLK2
25208,CTD-3035K23.6
25209,CTD-3035K23.7
25210,MRC2
25211,RP11-156L14.1
25212,MARCH10
25213,RP11-453A12.1
25214,RP11-180P8.1
25215,RP11-180P8.3
25216,TANC2
25217,RP11-556O9.2
25218,AC037445.1
25219,AC015923.1
25220,RP11-269G24.3
25221,RP11-269G24.4
25222,CYB561
25223,RP11-269G24.6
25224,ACE
25225,CTD-2501B8.1
25226,KCNH6
25227,DCAF7
25228,TACO1
25229,MAP3K3
25230,LIMD2
25231,STRADA
25232,RP11-51F16.8
25233,CCDC47
25234,DDX42
25235,FTSJ3
25236,PSMC5
25237,SMARCD2
25238,CSH2
25239,CSHL1
25240,CD79B
25241,SCN4A
25242,CTC-264K15.6
25243,PRR29-AS1
25244,PRR29
25245,ICAM2
25246,ERN1
25247,SNHG25
25248,TEX2
25249,PECAM1
25250,MILR1
25251,POLG2
25252,DDX5
25253,CEP95
25254,SMURF2
25255,LRRC37A3
25256,RP11-927P21.1
25257,RP11-583F2.2
25258,GNA13
25259,RP11-583F2.5
25260,RP11-160O5.1
25261,RGS9
25262,AXIN2
25263,CTD-2535L24.2
25264,CEP112
25265,APOH
25266,PRKCA
25267,PRKCA-AS1
25268,CACNG5
25269,CACNG4
25270,RP11-349A8.3
25271,RP11-74H8.1
25272,CACNG1
25273,HELZ
25274,RP11-401F2.4
25275,RP11-401F2.3
25276,PSMD12
25277,PITPNC1
25278,NOL11
25279,BPTF
25280,RP11-855A2.3
25281,C17orf58
25282,RP11-855A2.5
25283,KPNA2
25284,AC145343.2
25285,RP11-147L13.11
25286,RP11-147L13.12
25287,RP11-147L13.13
25288,RP11-147L13.14
25289,RP11-147L13.8
25290,RP11-147L13.15
25291,RP11-147L13.2
25292,AMZ2
25293,ARSG
25294,SLC16A6
25295,WIPI1
25296,PRKAR1A
25297,FAM20A
25298,RP11-120M18.5
25299,LINC01482
25300,RP11-118B18.2
25301,ABCA8
25302,ABCA9-AS1
25303,ABCA9
25304,ABCA6
25305,ABCA10
25306,ABCA5
25307,MAP2K6
25308,RP1-193H18.3
25309,RP1-193H18.2
25310,LINC01483
25311,LINC01497
25312,AC002539.1
25313,KCNJ16
25314,KCNJ2-AS1
25315,KCNJ2
25316,CTD-2378E21.1
25317,RP11-238F2.1
25318,CASC17
25319,AC005152.3
25320,LINC01152
25321,AC007461.2
25322,SOX9
25323,LINC00511
25324,RP11-1124B17.1
25325,RP11-57A1.1
25326,CTD-3010D24.3
25327,SLC39A11
25328,RP11-171G2.1
25329,SSTR2
25330,COG1
25331,RP11-143K11.7
25332,FAM104A
25333,C17orf80
25334,CPSF4L
25335,CDC42EP4
25336,SDK2
25337,RP11-449L23.2
25338,RP11-449L23.3
25339,RP11-277J6.2
25340,RP11-277J6.3
25341,CTD-2532D12.4
25342,LINC00469
25343,AC125421.1
25344,CTD-2532D12.5
25345,CTD-2582D11.1
25346,RP11-101O21.1
25347,RPL38
25348,MGC16275
25349,TTYH2
25350,CTD-2514K5.4
25351,DNAI2
25352,RP11-647F2.2
25353,KIF19
25354,BTBD17
25355,GPR142
25356,GPRC5C
25357,CD300A
25358,CD300LB
25359,CD300C
25360,CD300LD
25361,C17orf77
25362,CTD-2006K23.1
25363,CD300E
25364,RAB37
25365,CTD-2006K23.2
25366,CD300LF
25367,RP11-452I5.2
25368,SLC9A3R1
25369,NAT9
25370,TMEM104
25371,GRIN2C
25372,FDXR
25373,FADS6
25374,USH1G
25375,OTOP2
25376,OTOP3
25377,HID1
25378,HID1-AS1
25379,CDR2L
25380,ICT1
25381,KCTD2
25382,ATP5H
25383,SLC16A5
25384,ARMC7
25385,NT5C
25386,HN1
25387,SUMO2
25388,NUP85
25389,GGA3
25390,MRPS7
25391,MIF4GD
25392,RP11-649A18.12
25393,SLC25A19
25394,GRB2
25395,RP11-16C1.3
25396,RP11-16C1.1
25397,TMEM94
25398,CASKIN2
25399,TSEN54
25400,LLGL2
25401,MYO15B
25402,RECQL5
25403,SMIM5
25404,SMIM6
25405,SAP30BP
25406,RP11-474I11.8
25407,RP11-474I11.7
25408,ITGB4
25409,GALK1
25410,H3F3B
25411,UNK
25412,UNC13D
25413,WBP2
25414,TRIM47
25415,RP11-552F3.9
25416,TRIM65
25417,RP11-552F3.10
25418,MRPL38
25419,RP11-552F3.12
25420,FBF1
25421,ACOX1
25422,RP11-552F3.13
25423,EVPL
25424,SRP68
25425,ZACN
25426,EXOC7
25427,FOXJ1
25428,RP11-449J21.5
25429,RNF157
25430,UBALD2
25431,QRICH2
25432,PRPSAP1
25433,SPHK1
25434,UBE2O
25435,AANAT
25436,RHBDF2
25437,CYGB
25438,PRCD
25439,RP11-666A8.8
25440,ST6GALNAC2
25441,RP11-666A8.9
25442,ST6GALNAC1
25443,RP11-318A15.2
25444,MXRA7
25445,RP11-318A15.8
25446,JMJD6
25447,METTL23
25448,RP11-318A15.7
25449,SRSF2
25450,MFSD11
25451,CTD-2246P4.1
25452,LINC00868
25453,MGAT5B
25454,RP11-87G24.6
25455,SEC14L1
25456,RP11-285E9.6
25457,SEPT9
25458,RP11-936I5.1
25459,RP11-75C10.9
25460,RP11-13K12.2
25461,RP11-13K12.1
25462,RP11-13K12.5
25463,RP11-316M20.1
25464,FLJ45079
25465,TNRC6C
25466,TMC6
25467,TMC8
25468,C17orf99
25469,SYNGR2
25470,TK1
25471,AFMID
25472,BIRC5
25473,TMEM235
25474,RP11-219G17.4
25475,AC061992.2
25476,SOCS3
25477,RP11-806H10.4
25478,PGS1
25479,DNAH17
25480,CTD-2357A8.3
25481,CYTH1
25482,USP36
25483,TIMP2
25484,RP11-323N12.5
25485,CTD-2373H9.5
25486,LGALS3BP
25487,CANT1
25488,C1QTNF1-AS1
25489,C1QTNF1
25490,ENGASE
25491,RBFOX3
25492,RP11-398J5.1
25493,HP09025
25494,ENPP7
25495,CBX2
25496,CBX8
25497,RP11-353N14.2
25498,CBX4
25499,RP11-353N14.5
25500,RP11-353N14.4
25501,TBC1D16
25502,RP11-353N14.7
25503,CTD-2529O21.2
25504,CCDC40
25505,GAA
25506,EIF4A3
25507,RP11-334C17.6
25508,CARD14
25509,RP11-334C17.5
25510,SGSH
25511,SLC26A11
25512,RNF213
25513,CTD-2047H16.5
25514,CTD-2047H16.4
25515,ENDOV
25516,CTD-2526A2.2
25517,NPTX1
25518,RPTOR
25519,RP11-28G8.1
25520,CTD-2561B21.4
25521,CTD-2561B21.5
25522,CHMP6
25523,CTD-2561B21.7
25524,CTD-2561B21.11
25525,CTD-2561B21.10
25526,BAIAP2-AS1
25527,BAIAP2
25528,AATK
25529,AATK-AS1
25530,CEP131
25531,RP11-455O6.2
25532,ENTHD2
25533,AC027601.1
25534,C17orf89
25535,SLC38A10
25536,RP11-455O6.8
25537,LINC00482
25538,TMEM105
25539,RP11-455O6.9
25540,RP11-1055B8.9
25541,RP11-1055B8.2
25542,RP11-1055B8.3
25543,RP11-1055B8.10
25544,RP11-1055B8.4
25545,BAHCC1
25546,RP11-1055B8.8
25547,RP13-766D20.4
25548,ACTG1
25549,RP13-766D20.2
25550,FSCN2
25551,FAAP100
25552,NPLOC4
25553,TSPAN10
25554,PDE6G
25555,OXLD1
25556,CCDC137
25557,ARL16
25558,HGS
25559,RP13-1032I1.11
25560,RP13-1032I1.7
25561,MRPL12
25562,RP13-1032I1.10
25563,SLC25A10
25564,GCGR
25565,FAM195B
25566,PPP1R27
25567,P4HB
25568,RP11-498C9.2
25569,RP11-498C9.3
25570,ARHGDIA
25571,RP11-498C9.15
25572,RP11-498C9.16
25573,ALYREF
25574,ANAPC11
25575,NPB
25576,PCYT2
25577,SIRT7
25578,MAFG
25579,RP11-498C9.12
25580,MAFG-AS1
25581,PYCR1
25582,RP11-498C9.13
25583,MYADML2
25584,AC137723.5
25585,NOTUM
25586,RP11-498C9.17
25587,ASPSCR1
25588,STRA13
25589,LRRC45
25590,RAC3
25591,DCXR
25592,RP13-650J16.1
25593,RFNG
25594,GPS1
25595,DUS1L
25596,FASN
25597,CCDC57
25598,RP11-1376P16.2
25599,RP11-1376P16.1
25600,RP13-516M14.2
25601,SLC16A3
25602,CSNK1D
25603,RP13-516M14.4
25604,RP13-516M14.1
25605,CD7
25606,SECTM1
25607,TEX19
25608,UTS2R
25609,RP13-20L14.1
25610,OGFOD3
25611,HEXDC
25612,C17orf62
25613,RP13-20L14.6
25614,NARF
25615,RP13-991F5.2
25616,FOXK2
25617,RP13-638C3.3
25618,RP13-638C3.4
25619,WDR45B
25620,RAB40B
25621,RP11-388C12.1
25622,FN3KRP
25623,RP11-388C12.5
25624,FN3K
25625,TBCD
25626,ZNF750
25627,B3GNTL1
25628,RP11-1197K16.2
25629,METRNL
25630,AC144831.3
25631,AC144831.1
25632,AC139099.4
25633,AC139099.6
25634,AC139099.5
25635,AP005530.1
25636,AP005530.2
25637,RP11-683L23.7
25638,USP14
25639,THOC1
25640,RP11-705O1.8
25641,RP11-720L2.4
25642,COLEC12
25643,RP11-14P20.1
25644,CLUL1
25645,RP11-806L2.2
25646,TYMS
25647,ENOSF1
25648,RP11-806L2.6
25649,YES1
25650,RP11-769O8.1
25651,RP11-769O8.2
25652,RP11-672L10.6
25653,RP11-672L10.3
25654,ADCYAP1
25655,RP11-672L10.1
25656,RP11-689C9.1
25657,RP11-78F17.1
25658,LINC00470
25659,RP11-476K15.1
25660,CTD-2015H3.2
25661,CTD-2015H3.1
25662,RP11-161I6.2
25663,METTL4
25664,NDC80
25665,SMCHD1
25666,RP11-703M24.5
25667,EMILIN2
25668,LPIN2
25669,RP11-737O24.5
25670,RP11-737O24.2
25671,RP11-737O24.1
25672,MYOM1
25673,RP13-270P17.2
25674,RP13-270P17.3
25675,MYL12A
25676,RP13-270P17.1
25677,MYL12B
25678,RP11-838N2.5
25679,RP11-838N2.3
25680,TGIF1
25681,GAPLINC
25682,DLGAP1
25683,DLGAP1-AS1
25684,DLGAP1-AS2
25685,RP11-874J12.4
25686,DLGAP1-AS3
25687,DLGAP1-AS4
25688,DLGAP1-AS5
25689,RP11-172F10.1
25690,RP11-92G19.2
25691,C18orf42
25692,RP11-190I17.2
25693,RP11-835E18.5
25694,LINC00667
25695,ZBTB14
25696,CTD-3096M3.1
25697,CTD-3096M3.2
25698,EPB41L3
25699,RP11-286N3.1
25700,RP11-286N3.2
25701,MIR3976HG
25702,TMEM200C
25703,RP11-945C19.4
25704,L3MBTL4
25705,RP11-793A3.1
25706,RP11-793A3.2
25707,L3MBTL4-AS1
25708,LINC01387
25709,RP11-91I8.3
25710,ARHGAP28
25711,RP11-146G7.2
25712,LINC00668
25713,LAMA1
25714,RP11-76K13.3
25715,PTPRM
25716,RP11-678G15.2
25717,RP11-789C17.3
25718,RP11-789C17.5
25719,RAB12
25720,RP11-661O13.1
25721,GACAT2
25722,MTCL1
25723,NDUFV2
25724,RP11-143J12.3
25725,NDUFV2-AS1
25726,ANKRD12
25727,RP11-888D10.3
25728,TWSG1
25729,RP11-61L19.2
25730,RALBP1
25731,PPP4R1
25732,RP11-881L2.1
25733,PPP4R1-AS1
25734,RAB31
25735,RP11-474N24.6
25736,VAPA
25737,RP11-419J16.1
25738,RP11-138E9.2
25739,LINC01254
25740,APCDD1
25741,NAPG
25742,RP11-883A18.3
25743,RP11-856M7.6
25744,RP11-856M7.4
25745,RP11-856M7.1
25746,PIEZO2
25747,RP11-856M7.2
25748,RP11-513M1.1
25749,RP11-128P17.2
25750,RP11-128P17.4
25751,RP11-128P17.3
25752,RP11-128P17.1
25753,LINC01255
25754,RP11-677O4.6
25755,GNAL
25756,RP11-78A19.2
25757,RP11-78A19.3
25758,RP11-78A19.4
25759,MPPE1
25760,RP11-820I16.4
25761,RP11-820I16.1
25762,IMPA2
25763,RP11-820I16.3
25764,RP11-703I16.1
25765,RP11-815J4.1
25766,ANKRD62
25767,RP11-64C12.4
25768,RP11-64C12.6
25769,CIDEA
25770,RP11-64C12.8
25771,TUBB6
25772,AFG3L2
25773,PRELID3A
25774,RP11-861E21.1
25775,RP11-861E21.2
25776,SPIRE1
25777,PSMG2
25778,CEP76
25779,RP11-973H7.5
25780,RP11-973H7.1
25781,PTPN2
25782,SEH1L
25783,RP11-773H22.4
25784,CEP192
25785,RP11-794M8.1
25786,LDLRAD4
25787,RP11-756J15.3
25788,RP11-691H4.3
25789,LDLRAD4-AS1
25790,RP11-691H4.4
25791,RP11-53B2.5
25792,RP11-53B2.3
25793,RP11-53B2.4
25794,RP11-701H16.4
25795,FAM210A
25796,RNMT
25797,MC5R
25798,MC2R
25799,ZNF519
25800,RP11-411B10.2
25801,RP11-411B10.3
25802,RP11-757O6.1
25803,CYP4F35P
25804,CXADRP3
25805,POTEC
25806,ANKRD30B
25807,RP11-1157N2__B.2
25808,RP11-527H14.6
25809,RP11-527H14.4
25810,LINC01443
25811,LINC01444
25812,RP11-527H14.1
25813,AP005242.1
25814,RP11-805F19.2
25815,RP11-805F19.1
25816,ROCK1
25817,RP11-699A5.2
25818,GREB1L
25819,RP11-296E23.1
25820,ESCO1
25821,SNRPD1
25822,ABHD3
25823,RP11-13N13.6
25824,MIB1
25825,MIR133A1HG
25826,RP11-268I9.3
25827,RP11-595B24.1
25828,RP11-595B24.2
25829,GATA6
25830,RP11-627G18.1
25831,RP11-627G18.4
25832,RP11-535A5.1
25833,CTAGE1
25834,RP11-739L10.1
25835,RBBP8
25836,CABLES1
25837,TMEM241
25838,RIOK3
25839,C18orf8
25840,NPC1
25841,ANKRD29
25842,LAMA3
25843,RP11-403A21.1
25844,TTC39C
25845,TTC39C-AS1
25846,RP11-403A21.3
25847,RP11-799B12.2
25848,CABYR
25849,RP11-799B12.4
25850,OSBPL1A
25851,RP11-621L6.2
25852,RP11-621L6.3
25853,IMPACT
25854,HRH4
25855,RP11-178F10.2
25856,RP11-178F10.3
25857,RP11-449D8.1
25858,RP11-449D8.2
25859,RP11-449D8.5
25860,RP11-958F21.1
25861,RP11-958F21.3
25862,ZNF521
25863,SS18
25864,PSMA8
25865,TAF4B
25866,LINC01543
25867,KCTD1
25868,AQP4-AS1
25869,PCAT18
25870,RP11-552O4.1
25871,AQP4
25872,CHST9
25873,RP11-57J16.1
25874,RP11-739N10.1
25875,RP11-26N15.2
25876,RP11-612A1.1
25877,CDH2
25878,AC015933.2
25879,CTD-2515C13.2
25880,RP11-784B15.1
25881,RP11-25I11.1
25882,DSC3
25883,DSC2
25884,DSCAS
25885,DSC1
25886,DSG1
25887,DSG1-AS1
25888,DSG4
25889,DSG3
25890,RP11-650P15.1
25891,DSG2
25892,DSG2-AS1
25893,TTR
25894,B4GALT6
25895,RP11-549B18.1
25896,SLC25A52
25897,TRAPPC8
25898,RP11-210K20.2
25899,RP11-326K13.4
25900,RNF125
25901,RP11-53I6.3
25902,RNF138
25903,RP11-53I6.4
25904,GAREM1
25905,MEP1B
25906,RP11-344B2.2
25907,AC021224.1
25908,RP11-386P4.1
25909,KLHL14
25910,AC012123.1
25911,RP11-746B8.1
25912,CCDC178
25913,RP11-680N20.1
25914,RP11-258B16.1
25915,ASXL3
25916,NOL4
25917,RP11-379L18.1
25918,RP11-379L18.3
25919,DTNA
25920,RP11-138H11.1
25921,RP11-96A15.1
25922,MAPRE2
25923,RP11-294N21.3
25924,ZNF397
25925,ZSCAN30
25926,RP11-158H5.8
25927,RP11-54G14.1
25928,ZNF24
25929,ZNF396
25930,RP11-322E11.2
25931,INO80C
25932,GALNT1
25933,RP11-873E20.1
25934,RP11-905K4.1
25935,C18orf21
25936,RPRD1A
25937,SLC39A6
25938,ELP2
25939,RP11-49I11.1
25940,MOCOS
25941,FHOD3
25942,TPGS2
25943,KIAA1328
25944,RP11-58G13.1
25945,RP11-95O2.1
25946,CELF4
25947,RP11-95O2.5
25948,RP11-797E24.3
25949,RP11-687D19.1
25950,RP11-244M2.1
25951,RP11-636O21.1
25952,LINC01477
25953,KC6
25954,PIK3C3
25955,LINC00907
25956,RIT2
25957,SYT4
25958,LINC01478
25959,RP11-456K23.1
25960,SETBP1
25961,RP11-846C15.2
25962,SLC14A2
25963,SLC14A2-AS1
25964,RP11-116O18.3
25965,SLC14A1
25966,SIGLEC15
25967,EPG5
25968,PSTPIP2
25969,ATP5A1
25970,HAUS1
25971,C18orf25
25972,RNF165
25973,LOXHD1
25974,ST8SIA5
25975,RP11-687F6.5
25976,PIAS2
25977,KATNAL2
25978,TCEB3CL
25979,RP11-49K24.4
25980,RP11-49K24.8
25981,HDHD2
25982,RP11-49K24.6
25983,IER3IP1
25984,SKOR2
25985,CTD-2130O13.1
25986,SMAD2
25987,RP11-380M21.4
25988,ZBTB7C
25989,CTIF
25990,RP11-426J5.2
25991,RP11-484L8.1
25992,SMAD7
25993,RP11-1058N17.1
25994,RP11-15F12.1
25995,DYM
25996,RP11-15F12.3
25997,RP11-30L3.2
25998,C18orf32
25999,RPL17-C18orf32
26000,MIR1539
26001,RPL17
26002,RP11-110H1.8
26003,LIPG
26004,RP11-813F20.2
26005,ACAA2
26006,RP11-886H22.1
26007,SNHG22
26008,MYO5B
26009,CFAP53
26010,MBD1
26011,CXXC1
26012,RP11-1030E3.1
26013,SKA1
26014,MAPK4
26015,MRO
26016,ME2
26017,RP11-729L2.2
26018,SMAD4
26019,MEX3C
26020,RP11-267C16.1
26021,RP11-25O3.1
26022,DCC
26023,RP11-671P2.1
26024,RP11-202D1.3
26025,RP11-202D1.2
26026,MBD2
26027,RP11-850A17.1
26028,POLI
26029,STARD6
26030,C18orf54
26031,DYNAP
26032,RAB27B
26033,RP11-839G9.1
26034,CCDC68
26035,CTD-2171N6.1
26036,TCF4
26037,TCF4-AS1
26038,TCF4-AS2
26039,RP11-397A16.1
26040,LINC01415
26041,RP11-397A16.3
26042,LINC01416
26043,CTD-2008L17.1
26044,CTD-2008L17.2
26045,RP11-456O19.2
26046,RP11-456O19.3
26047,TXNL1
26048,WDR7
26049,RP11-383D22.1
26050,LINC-ROR
26051,CTD-2526M8.3
26052,BOD1L2
26053,CTD-2526M8.2
26054,ST8SIA3
26055,RP11-714M23.2
26056,ONECUT2
26057,FECH
26058,RP11-706P11.2
26059,NARS
26060,RP11-35G9.3
26061,RP11-35G9.5
26062,ATP8B1
26063,NEDD4L
26064,RP11-718I15.1
26065,RP11-845C23.3
26066,RP11-1151B14.3
26067,ALPK2
26068,RP11-1151B14.4
26069,RP11-126O1.2
26070,RP11-126O1.5
26071,MALT1
26072,RP11-126O1.4
26073,RP11-108P20.3
26074,RP11-108P20.2
26075,RP11-108P20.4
26076,ZNF532
26077,RP11-685A21.1
26078,SEC11C
26079,GRP
26080,CPLX4
26081,LMAN1
26082,RP11-27G24.1
26083,CCBE1
26084,RP11-27G24.3
26085,RP11-760L24.1
26086,RP11-2N1.1
26087,RP11-2N1.2
26088,RP11-2N1.3
26089,PMAIP1
26090,RP11-866E20.3
26091,RP11-795H16.3
26092,RP11-396N11.1
26093,MC4R
26094,RP11-325K19.1
26095,CDH20
26096,RP11-879F14.3
26097,RP11-879F14.2
26098,RP11-879F14.1
26099,LINC01544
26100,RNF152
26101,PIGN
26102,KIAA1468
26103,RP11-173A16.1
26104,TNFRSF11A
26105,RP11-640A1.3
26106,ZCCHC2
26107,RP11-120K19.4
26108,PHLPP1
26109,BCL2
26110,RP11-299P2.2
26111,KDSR
26112,RP11-635N19.1
26113,VPS4B
26114,SERPINB5
26115,SERPINB12
26116,SERPINB13
26117,SERPINB3
26118,SERPINB11
26119,SERPINB7
26120,SERPINB2
26121,SERPINB10
26122,HMSD
26123,SERPINB8
26124,LINC00305
26125,RP11-146N18.1
26126,LINC01538
26127,AC007948.1
26128,RP11-453M23.1
26129,RP11-775G23.1
26130,CDH7
26131,CDH19
26132,CTD-2541J13.1
26133,DSEL
26134,CTD-2541J13.2
26135,RP11-638L3.1
26136,RP11-28O3.2
26137,RP11-638L3.3
26138,RP11-659F24.1
26139,RP11-526H11.1
26140,RP11-421N8.2
26141,RP11-128D14.1
26142,TMX3
26143,CCDC102B
26144,RP11-106E15.1
26145,RP11-861L17.3
26146,RP11-674P19.2
26147,RP11-17E3.1
26148,DOK6
26149,RP11-465I4.2
26150,RP11-543H23.2
26151,CD226
26152,RTTN
26153,SOCS6
26154,RP11-41O4.1
26155,RP11-484N16.1
26156,RP11-41O4.2
26157,GTSCR1
26158,RP11-384E22.1
26159,RP11-47G4.2
26160,LINC01541
26161,RP11-723G8.2
26162,RP11-723G8.1
26163,RP11-736G13.1
26164,CBLN2
26165,NETO1
26166,RP11-676J15.1
26167,RP11-126K15.1
26168,RP11-25L3.3
26169,FBXO15
26170,TIMM21
26171,RP11-669I1.1
26172,CYB5A
26173,C18orf63
26174,RP11-231E4.2
26175,FAM69C
26176,CNDP2
26177,CNDP1
26178,RP11-231E4.3
26179,LINC00909
26180,ZNF407
26181,RP11-405M12.3
26182,RP11-405M12.4
26183,ZADH2
26184,TSHZ1
26185,RP11-321M21.4
26186,RP11-321M21.3
26187,SMIM21
26188,RP11-321M21.1
26189,RP11-704C2.1
26190,RP11-173L6.1
26191,RP11-357H3.1
26192,RP11-94B19.6
26193,RP11-94B19.1
26194,RP11-94B19.5
26195,RP11-94B19.2
26196,RP11-94B19.3
26197,RP11-94B19.4
26198,ZNF516
26199,RP11-504I13.3
26200,RP11-17M16.2
26201,C18orf65
26202,LINC00908
26203,LINC00683
26204,RP11-111H3.3
26205,AC034110.1
26206,RP11-162A12.2
26207,ZNF236
26208,RP11-862L9.3
26209,MBP
26210,RP11-4B16.3
26211,RP11-4B16.4
26212,RP11-751H17.1
26213,GALR1
26214,RP11-176N18.2
26215,RP11-63N3.1
26216,LINC01029
26217,RP11-100K18.1
26218,CTD-2382H12.2
26219,RP11-849I19.1
26220,SALL3
26221,ATP9B
26222,RP11-1136J12.1
26223,RP11-800A18.4
26224,NFATC1
26225,RP11-567M16.2
26226,RP11-567M16.3
26227,CTDP1
26228,RP11-567M16.5
26229,RP11-154H12.3
26230,KCNG2
26231,RP11-248M19.1
26232,PQLC1
26233,HSBP1L1
26234,TXNL4A
26235,RP11-795F19.5
26236,ADNP2
26237,PARD6G-AS1
26238,PARD6G
26239,AC139100.3
26240,DEFB125
26241,DEFB127
26242,RP5-1103G7.10
26243,C20orf96
26244,ZCCHC3
26245,NRSN2-AS1
26246,SOX12
26247,NRSN2
26248,TRIB3
26249,RBCK1
26250,TBC1D20
26251,CSNK2A1
26252,TCF15
26253,SRXN1
26254,RP5-850E9.3
26255,SLC52A3
26256,FAM110A
26257,ANGPT4
26258,RSPO4
26259,PSMF1
26260,RP4-545L17.11
26261,TMEM74B
26262,C20orf202
26263,RAD21L1
26264,SNPH
26265,SDCBP2
26266,RP11-314N13.10
26267,SDCBP2-AS1
26268,FKBP1A
26269,NSFL1C
26270,SIRPB2
26271,SIRPD
26272,RP4-576H24.4
26273,SIRPG
26274,SIRPG-AS1
26275,RP5-968J1.1
26276,RP5-858L17.1
26277,SIRPA
26278,RP4-684O24.5
26279,PDYN
26280,STK35
26281,RP11-128M1.1
26282,TGM3
26283,TGM6
26284,SNRPB
26285,RP4-734P14.4
26286,ZNF343
26287,TMC2
26288,NOP56
26289,IDH3B
26290,RP4-686C3.7
26291,EBF4
26292,CPXM1
26293,PCED1A
26294,VPS16
26295,PTPRA
26296,GNRH2
26297,MRPS26
26298,OXT
26299,AVP
26300,UBOX5-AS1
26301,UBOX5
26302,RP5-1187M17.10
26303,DDRGK1
26304,ITPA
26305,SLC4A11
26306,RP4-794I6.4
26307,C20orf194
26308,ATRN
26309,GFRA4
26310,ADAM33
26311,SIGLEC1
26312,HSPA12B
26313,C20orf27
26314,SPEF1
26315,CENPB
26316,CDC25B
26317,RP5-1009E24.8
26318,AP5S1
26319,MAVS
26320,RP11-119B16.2
26321,PANK2
26322,RP4-681N20.5
26323,RNF24
26324,RP11-352D3.2
26325,SMOX
26326,LINC01433
26327,ADRA1D
26328,RP11-307O10.1
26329,RP5-1164C1.2
26330,PRNP
26331,PRND
26332,PRNT
26333,RP5-1068H6.6
26334,RASSF2
26335,SLC23A2
26336,RP5-1116H23.6
26337,RP5-1116H23.5
26338,RP5-1116H23.4
26339,RP5-1116H23.3
26340,TMEM230
26341,PCNA
26342,CDS2
26343,PROKR2
26344,LINC00658
26345,RP5-828H9.1
26346,LINC00654
26347,RP5-1022P6.7
26348,RP5-1022P6.4
26349,RP5-1022P6.5
26350,GPCPD1
26351,C20orf196
26352,CHGB
26353,TRMT6
26354,MCM8
26355,MCM8-AS1
26356,RP5-967N21.11
26357,CRLS1
26358,LRRN4
26359,RP5-1056H1.2
26360,FERMT1
26361,CASC20
26362,RP5-859D4.3
26363,BMP2
26364,RP4-764O22.1
26365,LINC01428
26366,RP5-988G17.1
26367,HAO1
26368,TMX4
26369,RP5-971N18.3
26370,PLCB1
26371,PLCB4
26372,LAMP5-AS1
26373,LAMP5
26374,PAK7
26375,RP5-986I17.2
26376,ANKEF1
26377,SNAP25-AS1
26378,RP11-416N4.4
26379,SNAP25
26380,MKKS
26381,SLX4IP
26382,JAG1
26383,RP11-103J8.1
26384,RP1-278O22.2
26385,RP4-697P8.3
26386,RP11-103J8.2
26387,C20orf187
26388,RP4-734C18.1
26389,RP5-1128N12.3
26390,RP11-268G13.1
26391,LINC00687
26392,BTBD3
26393,RP4-742J24.2
26394,RP4-796I8.1
26395,RP11-102J14.1
26396,RP5-1069C8.2
26397,SPTLC3
26398,ISM1
26399,ISM1-AS1
26400,RP5-1077I2.3
26401,RP4-585I14.3
26402,TASP1
26403,ESF1
26404,NDUFAF5
26405,SEL1L2
26406,MACROD2
26407,FLRT3
26408,MACROD2-AS1
26409,RP5-974N19.1
26410,RP11-388K2.1
26411,KIF16B
26412,RP4-777L9.2
26413,RP4-777L9.3
26414,SNRPB2
26415,OTOR
26416,RP5-1195D24.1
26417,PCSK2
26418,BFSP1
26419,DSTN
26420,RRBP1
26421,BANF2
26422,RP5-905G11.3
26423,SNX5
26424,OVOL2
26425,MGME1
26426,RP4-726N1.2
26427,PET117
26428,CSRP2BP
26429,ZNF133
26430,RP4-568F9.3
26431,RP4-568F9.6
26432,LINC00851
26433,DZANK1
26434,POLR3F
26435,RBBP9
26436,SEC23B
26437,LINC00493
26438,DTD1
26439,RP11-379J5.5
26440,LINC00652
26441,RP5-1068E13.7
26442,RP11-97N19.3
26443,SLC24A3
26444,RP5-1027G4.3
26445,RP1-122P22.4
26446,RP1-122P22.2
26447,RP5-999L4.2
26448,RIN2
26449,NAA20
26450,CRNKL1
26451,CFAP61
26452,RP5-1002M8.4
26453,RP5-1096J16.1
26454,INSM1
26455,RALGAPA2
26456,RP5-1177M21.1
26457,LINC00237
26458,KIZ
26459,RP5-872K7.7
26460,KIZ-AS1
26461,RP1-198K11.5
26462,XRN2
26463,RP5-984P4.6
26464,NKX2-2
26465,NKX2-2-AS1
26466,RP1-167O22.1
26467,RP5-1065O2.4
26468,PAX1
26469,RP5-1185K9.1
26470,RP5-1097P24.1
26471,LINC01427
26472,RP5-1004I9.1
26473,LINC00261
26474,LINC01384
26475,RP11-359G22.2
26476,RP11-359G22.4
26477,RP4-753D10.5
26478,SSTR4
26479,THBD
26480,CD93
26481,LINC00656
26482,RP4-737E23.7
26483,RP4-737E23.2
26484,RP5-851M4.1
26485,RP3-322G13.7
26486,NXT1
26487,LINC01431
26488,GZF1
26489,NAPB
26490,RP3-333B15.4
26491,CST9L
26492,CST3
26493,RP11-218C14.5
26494,CST1
26495,XXyac-YX60D10.1
26496,CST2
26497,GGTLC1
26498,FLJ33581
26499,RP4-564O4.1
26500,SYNDIG1
26501,RP11-526K17.2
26502,RP5-860P4.2
26503,RP4-568C11.4
26504,CST7
26505,APMAP
26506,ACSS1
26507,RP5-1025A1.3
26508,VSX1
26509,RP4-738P15.1
26510,ENTPD6
26511,RP5-965G21.3
26512,RP5-965G21.4
26513,PYGB
26514,RP5-965G21.6
26515,ABHD12
26516,GINS1
26517,NINL
26518,NANP
26519,ZNF337-AS1
26520,ZNF337
26521,RP4-694B14.8
26522,RP13-401N8.1
26523,FAM182B
26524,RP4-760C5.5
26525,RP4-760C5.3
26526,RP3-410C9.2
26527,LINC01597
26528,LINC01598
26529,DEFB118
26530,DEFB119
26531,DEFB121
26532,DEFB123
26533,DEFB124
26534,REM1
26535,LINC00028
26536,HM13
26537,HM13-AS1
26538,RP3-324O17.8
26539,ID1
26540,COX4I2
26541,BCL2L1
26542,RP11-243J16.7
26543,ABALON
26544,TPX2
26545,MYLK2
26546,FOXS1
26547,DUSP15
26548,TTLL9
26549,PDRG1
26550,XKR7
26551,CCM2L
26552,RP1-310O13.7
26553,HCK
26554,TM9SF4
26555,PLAGL2
26556,POFUT1
26557,KIF3B
26558,RP11-358N2.2
26559,ASXL1
26560,NOL4L
26561,RP5-1184F4.5
26562,RP5-1184F4.7
26563,RP11-410N8.3
26564,RP11-410N8.4
26565,C20orf203
26566,COMMD7
26567,DNMT3B
26568,MAPRE1
26569,RP5-1085F17.4
26570,RP5-1085F17.3
26571,EFCAB8
26572,SUN5
26573,BPIFB2
26574,BPIFB6
26575,BPIFB3
26576,BPIFB4
26577,BPIFA2
26578,RP11-49G10.3
26579,BPIFA3
26580,BPIFA1
26581,BPIFB1
26582,CDK5RAP1
26583,SNTA1
26584,CBFA2T2
26585,RP1-63M2.7
26586,NECAB3
26587,C20orf144
26588,ACTL10
26589,RP1-63M2.5
26590,E2F1
26591,PXMP4
26592,RP4-553F4.2
26593,ZNF341
26594,ZNF341-AS1
26595,CHMP4B
26596,RALY-AS1
26597,RALY
26598,RP5-1125A11.4
26599,EIF2S2
26600,ASIP
26601,AHCY
26602,ITCH
26603,ITCH-AS1
26604,DYNLRB1
26605,MAP1LC3A
26606,PIGU
26607,NCOA6
26608,TP53INP2
26609,GGT7
26610,ACSS2
26611,GSS
26612,MYH7B
26613,TRPC4AP
26614,EDEM2
26615,PROCR
26616,RP11-42O4.2
26617,MMP24-AS1
26618,MMP24
26619,RP4-614O4.11
26620,EIF6
26621,FAM83C-AS1
26622,FAM83C
26623,UQCC1
26624,GDF5OS
26625,GDF5
26626,CEP250
26627,RP3-477O4.14
26628,C20orf173
26629,ERGIC3
26630,SPAG4
26631,CPNE1
26632,RP1-309K20.6
26633,NFS1
26634,ROMO1
26635,RBM39
26636,PHF20
26637,SCAND1
26638,CNBD2
26639,LINC00657
26640,RP4-550H1.7
26641,RP4-550H1.4
26642,RP4-550H1.5
26643,EPB41L1
26644,RP11-234K24.3
26645,RP11-234K24.6
26646,AAR2
26647,DLGAP4
26648,DLGAP4-AS1
26649,MYL9
26650,TGIF2-C20orf24
26651,C20orf24
26652,SLA2
26653,NDRG3
26654,DSN1
26655,SOGA1
26656,TLDC2
26657,SAMHD1
26658,RBL1
26659,RP4-621N11.2
26660,MROH8
26661,RPN2
26662,GHRH
26663,MANBAL
26664,SRC
26665,BLCAP
26666,NNAT
26667,RP11-425M5.8
26668,LINC00489
26669,RP4-640H8.2
26670,CTNNBL1
26671,VSTM2L
26672,TTI1
26673,RPRD1B
26674,RP5-1057B20.3
26675,TGM2
26676,KIAA1755
26677,BPI
26678,CTD-2308N23.2
26679,LBP
26680,RP4-564F22.6
26681,RP4-564F22.5
26682,RP4-564F22.7
26683,RALGAPB
26684,ADIG
26685,ARHGAP40
26686,SLC32A1
26687,ACTR5
26688,PPP1R16B
26689,FAM83D
26690,RP4-616B8.5
26691,RP4-616B8.4
26692,DHX35
26693,RP4-705O1.1
26694,RP5-1031J8.1
26695,LINC01370
26696,RP11-101E14.3
26697,RP1-191L6.2
26698,MAFB
26699,RP4-644L1.2
26700,TOP1
26701,PLCG1-AS1
26702,PLCG1
26703,ZHX3
26704,LPIN3
26705,EMILIN3
26706,CHD6
26707,RP5-1121H13.4
26708,RP5-1121H13.3
26709,PTPRT
26710,RP1-232N11.2
26711,RP4-753D4.2
26712,RP1-269M15.3
26713,SRSF6
26714,L3MBTL1
26715,RP1-138B7.6
26716,RP1-138B7.5
26717,SGK2
26718,RP1-138B7.7
26719,IFT52
26720,MYBL2
26721,RP5-1030M6.3
26722,TOX2
26723,JPH2
26724,OSER1
26725,OSER1-AS1
26726,GDAP1L1
26727,FITM2
26728,R3HDML
26729,RP5-881L22.5
26730,HNF4A
26731,HNF4A-AS1
26732,LINC01620
26733,TTPAL
26734,SERINC3
26735,PKIG
26736,ADA
26737,LINC01260
26738,KCNK15-AS1
26739,WISP2
26740,KCNK15
26741,RIMS4
26742,YWHAB
26743,PABPC1L
26744,TOMM34
26745,STK4-AS1
26746,STK4
26747,KCNS1
26748,PI3
26749,SEMG1
26750,SEMG2
26751,SLPI
26752,MATN4
26753,RBPJL
26754,SDC4
26755,SYS1
26756,SYS1-DBNDD2
26757,TP53TG5
26758,PIGT
26759,RP3-453C12.15
26760,RP3-461P17.10
26761,WFDC2
26762,RP3-461P17.9
26763,SPINT3
26764,WFDC6
26765,EPPIN-WFDC6
26766,WFDC8
26767,WFDC9
26768,WFDC10A
26769,WFDC11
26770,WFDC10B
26771,WFDC13
26772,SPINT4
26773,WFDC3
26774,DNTTIP1
26775,UBE2C
26776,TNNC2
26777,SNX21
26778,ACOT8
26779,ZSWIM3
26780,ZSWIM1
26781,SPATA25
26782,NEURL2
26783,CTSA
26784,RP3-337O18.9
26785,PLTP
26786,PCIF1
26787,ZNF335
26788,MMP9
26789,RP11-465L10.10
26790,SLC12A5
26791,NCOA5
26792,CD40
26793,RP5-998H6.2
26794,CDH22
26795,SLC35C2
26796,RP11-394O2.3
26797,ELMO2
26798,ZNF334
26799,OCSTAMP
26800,SLC13A3
26801,TP53RK
26802,RP1-28H20.3
26803,SLC2A10
26804,EYA2
26805,ZMYND8
26806,RP4-569M23.5
26807,RP4-569M23.2
26808,RP1-148H17.1
26809,NCOA3
26810,SULF2
26811,CTD-2653D5.1
26812,LINC01522
26813,LINC00494
26814,RP1-66N13.1
26815,RP5-991B18.1
26816,RP5-991B18.2
26817,PREX1
26818,RP5-906C1.1
26819,ARFGEF2
26820,CSE1L-AS1
26821,CSE1L
26822,STAU1
26823,DDX27
26824,ZNFX1
26825,ZFAS1
26826,KCNB1
26827,PTGIS
26828,B4GALT5
26829,SLC9A8
26830,SPATA2
26831,RNF114
26832,SNAI1
26833,TRERNA1
26834,TMEM189-UBE2V1
26835,TMEM189
26836,RP11-112L6.3
26837,RP11-112L6.2
26838,LINC01273
26839,CEBPB-AS1
26840,CEBPB
26841,LINC01272
26842,LINC01270
26843,LINC01271
26844,PTPN1
26845,RP4-530I15.9
26846,FAM65C
26847,RP4-530I15.6
26848,PARD6B
26849,BCAS4
26850,ADNP
26851,ADNP-AS1
26852,DPM1
26853,MOCS3
26854,RP5-955M13.4
26855,KCNG1
26856,NFATC2
26857,ATP9A
26858,SALL4
26859,LINC01429
26860,ZFP64
26861,LINC01524
26862,RP4-583K8.1
26863,RP5-1022J11.2
26864,RP4-715N11.2
26865,TSHZ2
26866,RP11-15M15.1
26867,RP11-15M15.2
26868,RP4-678D15.1
26869,RP5-823G15.5
26870,RP4-724E16.2
26871,ZNF217
26872,AC005808.3
26873,BCAS1
26874,AC005220.3
26875,CYP24A1
26876,PFDN4
26877,DOK5
26878,LINC01440
26879,LINC01441
26880,RP5-837G17.1
26881,CBLN4
26882,MC3R
26883,RP11-380D15.3
26884,FAM210B
26885,AURKA
26886,CSTF1
26887,CASS4
26888,RTFDC1
26889,GCNT7
26890,FAM209A
26891,FAM209B
26892,RP5-843L14.1
26893,TFAP2C
26894,RP11-560A15.4
26895,RP11-560A15.3
26896,BMP7
26897,RP4-813D12.3
26898,SPO11
26899,RAE1
26900,MTRNR2L3
26901,RP4-800J21.3
26902,RBM38
26903,CTCFL
26904,PCK1
26905,RP4-718J7.4
26906,ZBP1
26907,PMEPA1
26908,NKILA
26909,C20orf85
26910,ANKRD60
26911,RAB22A
26912,VAPB
26913,APCDD1L
26914,RP5-907D15.3
26915,RP5-907D15.4
26916,STX16
26917,STX16-NPEPL1
26918,NPEPL1
26919,RP4-806M20.4
26920,GNAS-AS1
26921,GNAS
26922,RP1-309F20.3
26923,NELFCD
26924,CTSZ
26925,TUBB1
26926,ATP5E
26927,PRELID3B
26928,RP3-492J12.2
26929,ZNF831
26930,EDN3
26931,RP4-614C15.2
26932,RP4-614C15.3
26933,PHACTR3
26934,RP4-719C8.1
26935,SYCP2
26936,FAM217B
26937,PPP1R3D
26938,CDH26
26939,C20orf197
26940,RP5-1017F8.2
26941,MIR646HG
26942,RP5-1016A21.1
26943,CDH4
26944,RP5-827E24.1
26945,RP11-429E11.3
26946,RP11-429E11.2
26947,TAF4
26948,RP11-11M20.4
26949,LSM14B
26950,PSMA7
26951,SS18L1
26952,MTG2
26953,HRH3
26954,OSBPL2
26955,ADRM1
26956,RP11-157P1.4
26957,LAMA5
26958,LAMA5-AS1
26959,RP5-908M14.9
26960,RPS21
26961,CABLES2
26962,RBBP8NL
26963,RP5-908M14.5
26964,GATA5
26965,C20orf166-AS1
26966,MIR1-1HG
26967,WI2-87327B8.1
26968,WI2-87327B8.2
26969,RP11-93B14.6
26970,SLCO4A1
26971,RP11-93B14.9
26972,RP11-93B14.10
26973,SLCO4A1-AS1
26974,LINC00686
26975,NTSR1
26976,RP11-93B14.4
26977,MRGBP
26978,OGFR-AS1
26979,OGFR
26980,COL9A3
26981,TCFL5
26982,DIDO1
26983,GID8
26984,SLC17A9
26985,RP11-305P22.9
26986,HAR1B
26987,HAR1A
26988,RP5-963E22.5
26989,RP5-963E22.4
26990,YTHDF1
26991,RP5-963E22.6
26992,BIRC7
26993,NKAIN4
26994,FLJ16779
26995,ARFGAP1
26996,COL20A1
26997,CHRNA4
26998,RP11-261N11.8
26999,KCNQ2
27000,RP11-358D14.3
27001,RP11-358D14.2
27002,EEF1A2
27003,RP4-697K14.3
27004,PPDPF
27005,PTK6
27006,SRMS
27007,RP4-697K14.15
27008,C20orf195
27009,HELZ2
27010,GMEB2
27011,CTD-3184A7.4
27012,STMN3
27013,RTEL1
27014,RTEL1-TNFRSF6B
27015,ARFRP1
27016,ZGPAT
27017,RP4-583P15.15
27018,RP4-583P15.16
27019,RP4-583P15.14
27020,SLC2A4RG
27021,ZBTB46
27022,RP4-583P15.10
27023,ZBTB46-AS1
27024,RP4-591C20.9
27025,ABHD16B
27026,TPD52L2
27027,DNAJC5
27028,UCKL1
27029,UCKL1-AS1
27030,ZNF512B
27031,PRPF6
27032,LINC00176
27033,TCEA2
27034,RGS19
27035,OPRL1
27036,LKAAEAR1
27037,NPBWR2
27038,MYT1
27039,PCMTD2
27040,LINC00266-1
27041,AC008993.3
27042,AC092192.1
27043,CTD-3113P16.11
27044,PLPP2
27045,MIER2
27046,CTD-3113P16.5
27047,THEG
27048,AC010641.1
27049,C2CD4C
27050,SHC2
27051,ODF3L2
27052,MADCAM1
27053,AC005775.2
27054,TPGS1
27055,CDC34
27056,GZMM
27057,AC009005.2
27058,BSG
27059,HCN2
27060,POLRMT
27061,AC004449.6
27062,FGF22
27063,RNF126
27064,AC004156.3
27065,FSTL3
27066,PRSS57
27067,PALM
27068,MISP
27069,AC006273.4
27070,AC006273.5
27071,PTBP1
27072,PLPPR3
27073,AZU1
27074,PRTN3
27075,ELANE
27076,CFD
27077,MED16
27078,R3HDM4
27079,KISS1R
27080,ARID3A
27081,WDR18
27082,LLNLR-284B4.2
27083,GRIN3B
27084,TMEM259
27085,LLNLR-284B4.1
27086,CNN2
27087,ABCA7
27088,HMHA1
27089,POLR2E
27090,GPX4
27091,SBNO2
27092,STK11
27093,CBARP
27094,AC004221.2
27095,ATP5D
27096,MIDN
27097,CIRBP
27098,CIRBP-AS1
27099,C19orf24
27100,MUM1
27101,AC004623.2
27102,NDUFS7
27103,LLNLR-307A6.1
27104,AC005329.7
27105,GAMT
27106,DAZAP1
27107,RPS15
27108,CTB-25B13.5
27109,APC2
27110,CTB-25B13.12
27111,C19orf25
27112,PCSK4
27113,REEP6
27114,ADAMTSL5
27115,CTB-25B13.9
27116,PLK5
27117,MEX3D
27118,MBD3
27119,AC005943.2
27120,UQCR11
27121,TCF3
27122,ONECUT3
27123,ATP8B3
27124,REXO1
27125,CTB-31O20.3
27126,CTB-31O20.6
27127,KLF16
27128,CTB-31O20.8
27129,CTB-31O20.2
27130,CTB-31O20.9
27131,ABHD17A
27132,SCAMP4
27133,CSNK1G2
27134,CSNK1G2-AS1
27135,BTBD2
27136,MKNK2
27137,MOB3A
27138,IZUMO4
27139,AP3D1
27140,DOT1L
27141,AC004490.1
27142,PLEKHJ1
27143,SF3A2
27144,AMH
27145,JSRP1
27146,OAZ1
27147,LLfos-48D6.2
27148,C19orf35
27149,LINGO3
27150,LSM7
27151,SPPL2B
27152,TMPRSS9
27153,TIMM13
27154,LMNB2
27155,AC005624.2
27156,GADD45B
27157,GNG7
27158,CTC-265F19.3
27159,DIRAS1
27160,AC006538.4
27161,SLC39A3
27162,SGTA
27163,THOP1
27164,ZNF554
27165,ZNF555
27166,AC006130.3
27167,ZNF556
27168,ZNF57
27169,AC006277.2
27170,ZNF77
27171,TLE6
27172,TLE2
27173,AES
27174,AC005944.2
27175,GNA11
27176,AC005262.3
27177,AC005262.2
27178,GNA15
27179,AC005264.2
27180,S1PR4
27181,NCLN
27182,CELF5
27183,AC010649.1
27184,NFIC
27185,SMIM24
27186,DOHH
27187,FZR1
27188,MFSD12
27189,C19orf71
27190,AC005786.7
27191,AC005786.5
27192,HMG20B
27193,GIPC3
27194,TBXA2R
27195,CACTIN-AS1
27196,CACTIN
27197,PIP5K1C
27198,AC004637.1
27199,TJP3
27200,APBA3
27201,AC005954.4
27202,MRPL54
27203,RAX2
27204,MATK
27205,ZFR2
27206,ATCAY
27207,NMRK2
27208,DAPK3
27209,EEF2
27210,PIAS4
27211,ZBTB7A
27212,MAP2K2
27213,CREB3L3
27214,SIRT6
27215,ANKRD24
27216,EBI3
27217,CCDC94
27218,SHD
27219,TMIGD2
27220,FSD1
27221,STAP2
27222,AC007292.7
27223,MPND
27224,AC007292.4
27225,AC007292.3
27226,SH3GL1
27227,AC007292.6
27228,CHAF1A
27229,CTB-50L17.5
27230,UBXN6
27231,CTB-50L17.7
27232,CTB-50L17.9
27233,CTB-50L17.16
27234,CTB-50L17.10
27235,PLIN4
27236,PLIN5
27237,CTB-50L17.14
27238,SEMA6B
27239,TNFAIP8L1
27240,MYDGF
27241,DPP9
27242,DPP9-AS1
27243,MIR7-3HG
27244,AC005523.3
27245,FEM1A
27246,AC005523.2
27247,TICAM1
27248,CTC-518P12.6
27249,PLIN3
27250,ARRDC5
27251,UHRF1
27252,KDM4B
27253,PTPRS
27254,CTC-482H14.5
27255,LLNLR-304G9.1
27256,ZNRF4
27257,TINCR
27258,SAFB2
27259,SAFB
27260,RPL36
27261,C19orf70
27262,LONP1
27263,CATSPERD
27264,PRR22
27265,CTB-54O9.9
27266,DUS3L
27267,NRTN
27268,FUT6
27269,FUT3
27270,AC024592.9
27271,FUT5
27272,AC024592.12
27273,NDUFA11
27274,AC104532.3
27275,AC104532.2
27276,AC104532.4
27277,CAPS
27278,RANBP3
27279,CTC-232P5.1
27280,RFX2
27281,CTC-232P5.3
27282,CTB-66B24.1
27283,ACSBG2
27284,MLLT1
27285,CTC-503J8.4
27286,ACER1
27287,CTB-180A7.3
27288,CLPP
27289,ALKBH7
27290,PSPN
27291,GTF2F1
27292,CTB-180A7.8
27293,KHSRP
27294,SLC25A41
27295,SLC25A23
27296,CRB3
27297,DENND1C
27298,CTD-2396E7.11
27299,TUBB4A
27300,CTD-2396E7.10
27301,TNFSF9
27302,CD70
27303,TNFSF14
27304,C3
27305,GPR108
27306,TRIP10
27307,CTD-3128G10.6
27308,SH2D3A
27309,VAV1
27310,ADGRE1
27311,MBD3L5
27312,MBD3L3
27313,ZNF557
27314,INSR
27315,CTB-133G6.1
27316,CTD-2207O23.3
27317,CTB-133G6.2
27318,PEX11G
27319,C19orf45
27320,CTD-2207O23.12
27321,ZNF358
27322,CTD-2207O23.11
27323,MCOLN1
27324,CTD-2207O23.10
27325,PNPLA6
27326,CAMSAP3
27327,XAB2
27328,PET100
27329,CTD-3214H19.4
27330,PCP2
27331,CTD-3214H19.6
27332,STXBP2
27333,RETN
27334,MCEMP1
27335,CTD-3214H19.16
27336,TRAPPC5
27337,FCER2
27338,CLEC4G
27339,CD209
27340,CLEC4M
27341,EVI5L
27342,PRR36
27343,CTD-3193O13.11
27344,LRRC8E
27345,CTD-3193O13.12
27346,MAP2K7
27347,CTD-3193O13.13
27348,TGFBR3L
27349,CTD-3193O13.1
27350,SNAPC2
27351,CTXN1
27352,TIMM44
27353,ELAVL1
27354,CTD-3193O13.14
27355,CTD-2325M2.1
27356,CCL25
27357,CERS4
27358,RPS28
27359,ANGPTL4
27360,RAB11B
27361,MARCH2
27362,HNRNPM
27363,PRAM1
27364,ZNF414
27365,MYO1F
27366,AC092316.1
27367,ADAMTS10
27368,AC130469.2
27369,CTD-2586B10.1
27370,ZNF558
27371,MBD3L1
27372,MUC16
27373,OR7G2
27374,ZNF317
27375,OR7D2
27376,OR7D4
27377,OR7E24
27378,CTC-325H20.4
27379,ZNF699
27380,ZNF559
27381,ZNF559-ZNF177
27382,ZNF266
27383,ZNF560
27384,CTC-543D15.3
27385,ZNF426
27386,CTC-543D15.8
27387,ZNF121
27388,ZNF561
27389,ZNF562
27390,ZNF812P
27391,CTD-3116E22.8
27392,CTD-3116E22.7
27393,ZNF846
27394,CTD-2623N2.5
27395,FBXL12
27396,UBL5
27397,CTD-2623N2.11
27398,PIN1
27399,OLFM2
27400,COL5A3
27401,CTD-2553C6.1
27402,RDH8
27403,C19orf66
27404,CTD-2240E14.4
27405,ANGPTL6
27406,PPAN-P2RY11
27407,P2RY11
27408,EIF3G
27409,DNMT1
27410,MRPL4
27411,CTD-2369P2.5
27412,ICAM1
27413,CTD-2369P2.8
27414,ICAM4
27415,ICAM5
27416,ZGLP1
27417,CTD-2369P2.10
27418,CTD-2369P2.12
27419,RAVER1
27420,AC114271.2
27421,ICAM3
27422,TYK2
27423,CDC37
27424,PDE4A
27425,KEAP1
27426,S1PR5
27427,ATG4D
27428,KRI1
27429,CDKN2D
27430,AP1M2
27431,SLC44A2
27432,ILF3-AS1
27433,ILF3
27434,QTRT1
27435,DNM2
27436,TMED1
27437,C19orf38
27438,CARM1
27439,YIPF2
27440,C19orf52
27441,SMARCA4
27442,CTC-215O4.4
27443,LDLR
27444,SPC24
27445,KANK2
27446,DOCK6
27447,CTC-510F12.2
27448,CTC-510F12.7
27449,ANGPTL8
27450,TSPAN16
27451,RAB3D
27452,TMEM205
27453,CCDC159
27454,PLPPR2
27455,CTD-2342J14.6
27456,SWSAP1
27457,EPOR
27458,RGL3
27459,CCDC151
27460,PRKCSH
27461,ELAVL3
27462,CTC-398G3.6
27463,ZNF653
27464,ECSIT
27465,CNN1
27466,ELOF1
27467,ZNF627
27468,ACP5
27469,CTC-499B15.5
27470,ZNF823
27471,ZNF441
27472,CTC-499B15.7
27473,ZNF491
27474,ZNF440
27475,CTC-499B15.8
27476,ZNF439
27477,ZNF69
27478,ZNF700
27479,CTD-2006C1.13
27480,ZNF763
27481,ZNF433
27482,CTD-2006C1.10
27483,ZNF844
27484,ZNF788
27485,ZNF20
27486,ZNF625-ZNF20
27487,ZNF136
27488,CTD-2666L21.1
27489,ZNF44
27490,ZNF563
27491,ZNF442
27492,CTD-3105H18.14
27493,CTD-3105H18.16
27494,CTD-3105H18.18
27495,CTD-3105H18.7
27496,CTD-2192J16.17
27497,CTD-2192J16.20
27498,CTD-2192J16.11
27499,ZNF490
27500,ZNF791
27501,CTD-2192J16.22
27502,MAN2B1
27503,CTD-2192J16.24
27504,WDR83
27505,WDR83OS
27506,DHPS
27507,CTD-2192J16.26
27508,FBXW9
27509,CTD-2659N19.2
27510,TNPO2
27511,CTD-2659N19.4
27512,C19orf43
27513,ASNA1
27514,BEST2
27515,HOOK2
27516,JUNB
27517,CTD-2659N19.10
27518,RNASEH2A
27519,CTD-2265O21.3
27520,MAST1
27521,DNASE2
27522,CTD-2265O21.7
27523,KLF1
27524,GCDH
27525,SYCE2
27526,FARSA
27527,FARSA-AS1
27528,CALR
27529,CTC-425F1.4
27530,RAD23A
27531,GADD45GIP1
27532,DAND5
27533,NFIX
27534,CTC-239J10.1
27535,AC007787.2
27536,LYL1
27537,TRMT1
27538,NACC1
27539,CTC-250I14.3
27540,STX10
27541,IER2
27542,CTC-250I14.6
27543,CACNA1A
27544,CCDC130
27545,MRI1
27546,CTB-5E10.3
27547,C19orf53
27548,AC008686.1
27549,ZSWIM4
27550,CTD-3252C9.4
27551,NANOS3
27552,C19orf57
27553,CC2D1A
27554,PODNL1
27555,DCAF15
27556,RFX1
27557,CTB-55O6.13
27558,RLN3
27559,CTB-55O6.4
27560,IL27RA
27561,PALM3
27562,CTB-55O6.8
27563,C19orf67
27564,SAMD1
27565,PRKACA
27566,CTB-55O6.10
27567,ASF1B
27568,CTB-55O6.12
27569,ADGRL1
27570,CTD-2189E23.1
27571,CTC-548K16.2
27572,CTC-548K16.1
27573,ADGRE5
27574,CTC-548K16.5
27575,DDX39A
27576,PKN1
27577,PTGER1
27578,GIPC1
27579,DNAJB1
27580,TECR
27581,NDUFB7
27582,CLEC17A
27583,ADGRE3
27584,ZNF333
27585,ADGRE2
27586,OR7A5
27587,SLC1A6
27588,CCDC105
27589,CASP14
27590,SYDE1
27591,ILVBL
27592,AC003956.1
27593,NOTCH3
27594,AC004257.1
27595,EPHX3
27596,BRD4
27597,LLNLR-246C6.1
27598,AKAP8
27599,AKAP8L
27600,WIZ
27601,RASAL3
27602,PGLYRP2
27603,CYP4F22
27604,CYP4F3
27605,CYP4F12
27606,LLNLR-249E10.1
27607,OR10H5
27608,OR10H1
27609,AC004510.3
27610,AC004791.2
27611,CYP4F2
27612,CYP4F11
27613,TPM4
27614,CTD-2231E14.5
27615,RAB8A
27616,CTD-2231E14.8
27617,HSH2D
27618,CIB3
27619,FAM32A
27620,CTD-2562J15.4
27621,AP1M1
27622,CTD-2562J15.6
27623,KLF2
27624,CTD-2013N17.7
27625,EPS15L1
27626,CTD-2013N17.4
27627,CTD-3222D19.2
27628,C19orf44
27629,CTD-3222D19.12
27630,CTD-3222D19.11
27631,CTD-3222D19.10
27632,CTD-3222D19.8
27633,CTC-429P9.4
27634,CTC-429P9.2
27635,CTC-429P9.1
27636,SMIM7
27637,TMEM38A
27638,NWD1
27639,SIN3B
27640,F2RL3
27641,CPAMD8
27642,CTD-2528A14.1
27643,HAUS8
27644,CTD-2528A14.3
27645,MYO9B
27646,CTD-2528A14.5
27647,CTD-3032J10.2
27648,CTD-3032J10.4
27649,CTD-3032J10.3
27650,USE1
27651,OCEL1
27652,NR2F6
27653,AC010646.3
27654,USHBP1
27655,BABAM1
27656,ANKLE1
27657,ABHD8
27658,MRPL34
27659,DDA1
27660,ANO8
27661,GTPBP3
27662,PLVAP
27663,CTD-2278I10.1
27664,BST2
27665,MVB12A
27666,CTD-2521M24.6
27667,TMEM221
27668,CTD-2521M24.10
27669,SLC27A1
27670,CTD-3131K8.2
27671,PGLS
27672,CTD-3131K8.3
27673,FAM129C
27674,COLGALT1
27675,UNC13A
27676,CTD-3149D2.3
27677,MAP1S
27678,CTD-3149D2.4
27679,FCHO1
27680,B3GNT3
27681,INSL3
27682,JAK3
27683,RPL18A
27684,SLC5A5
27685,CCDC124
27686,KCNN1
27687,ARRDC2
27688,IL12RB1
27689,MAST3
27690,AC007192.6
27691,AC007192.4
27692,MPV17L2
27693,RAB3A
27694,AC068499.10
27695,PDE4C
27696,KIAA1683
27697,JUND
27698,LSM4
27699,PGPEP1
27700,GDF15
27701,LRRC25
27702,SSBP4
27703,ISYNA1
27704,CTD-3137H5.1
27705,ELL
27706,AC005387.3
27707,FKBP8
27708,AC005387.2
27709,KXD1
27710,AC005253.2
27711,AC005253.4
27712,UBA52
27713,CRLF1
27714,C19orf60
27715,TMEM59L
27716,KLHL26
27717,CRTC1
27718,COMP
27719,UPF1
27720,CERS1
27721,AC005197.2
27722,COPE
27723,AC002985.3
27724,DDX49
27725,HOMER3
27726,AC005932.1
27727,SUGP2
27728,ARMC6
27729,SLC25A42
27730,TMEM161A
27731,BORCS8-MEF2B
27732,BORCS8
27733,RFXANK
27734,NR2C2AP
27735,NCAN
27736,HAPLN4
27737,TM6SF2
27738,SUGP1
27739,MAU2
27740,GATAD2A
27741,CTB-184G21.3
27742,TSSK6
27743,NDUFA13
27744,YJEFN3
27745,CILP2
27746,PBX4
27747,AC002306.1
27748,LPAR2
27749,GMIP
27750,ATP13A1
27751,ZNF101
27752,ZNF14
27753,CTC-559E9.1
27754,CTC-559E9.4
27755,ZNF506
27756,ZNF253
27757,CTC-559E9.8
27758,AC007204.2
27759,ZNF682
27760,ZNF90
27761,CTC-260E6.6
27762,ZNF486
27763,CTC-513N18.6
27764,ZNF737
27765,CTC-513N18.7
27766,CTD-2332E11.2
27767,ZNF626
27768,CTD-2626G11.2
27769,ZNF66
27770,ZNF85
27771,CTD-2542C24.8
27772,ZNF430
27773,ZNF714
27774,ZNF431
27775,ZNF708
27776,ZNF738
27777,ZNF493
27778,CTD-2561J22.3
27779,LINC00664
27780,ZNF429
27781,RP11-678G14.2
27782,RP11-678G14.3
27783,RP11-678G14.4
27784,ZNF100
27785,RP11-420K14.8
27786,ZNF43
27787,ZNF208
27788,AC003973.4
27789,AC003973.5
27790,ZNF257
27791,ZNF676
27792,RP11-157B13.7
27793,RP11-157B13.8
27794,ZNF729
27795,ZNF98
27796,AC011516.1
27797,AC025811.3
27798,LINC01233
27799,AC011516.2
27800,ZNF492
27801,CTC-457E21.9
27802,ZNF99
27803,CTD-2579N5.3
27804,ZNF728
27805,CTD-2291D10.2
27806,CTD-2291D10.1
27807,ZNF730
27808,ZNF724P
27809,RP11-15H20.7
27810,ZNF91
27811,CTB-176F20.3
27812,LINC01224
27813,ZNF675
27814,ZNF681
27815,RP11-255H23.4
27816,ZNF726
27817,CTB-92J24.3
27818,ZNF254
27819,CTD-2027I19.3
27820,ERVK-28
27821,LINC00662
27822,CTC-459F4.3
27823,CTC-459F4.5
27824,CTD-2043I16.1
27825,CTB-70G10.1
27826,AC005780.1
27827,AC093074.1
27828,AC005307.1
27829,AC005307.3
27830,AC005616.2
27831,AC079466.1
27832,AC007795.1
27833,AC011524.1
27834,AC011524.3
27835,LINC00906
27836,LINC01532
27837,UQCRFS1
27838,CTB-32O4.2
27839,CTB-32O4.3
27840,CTB-32O4.4
27841,CTC-525D6.2
27842,VSTM2B
27843,POP4
27844,PLEKHF1
27845,C19orf12
27846,CCNE1
27847,URI1
27848,CTC-448F2.4
27849,AC005597.1
27850,ZNF536
27851,CTC-565M22.1
27852,CTC-400I9.2
27853,CTC-400I9.1
27854,CTC-439O9.3
27855,TSHZ3
27856,AC007796.1
27857,AC008992.1
27858,CTD-2050I18.1
27859,AC011525.2
27860,CTC-360P9.1
27861,CTC-360P9.5
27862,CTC-360P9.4
27863,LINC01533
27864,AC011518.1
27865,ZNF507
27866,AC007773.2
27867,DPY19L3
27868,PDCD5
27869,ANKRD27
27870,CTC-379B2.4
27871,RGS9BP
27872,CTD-2538C1.2
27873,NUDT19
27874,CTD-2538C1.3
27875,TDRD12
27876,SLC7A9
27877,CTD-2085J24.3
27878,CEP89
27879,FAAP24
27880,RHPN2
27881,GPATCH1
27882,WDR88
27883,LRP3
27884,SLC7A10
27885,CTD-2540B15.6
27886,CEBPA
27887,CTD-2540B15.11
27888,CEBPA-AS1
27889,CTD-2540B15.9
27890,CEBPG
27891,PEPD
27892,CTD-2329C7.2
27893,CHST8
27894,KCTD15
27895,CTC-526N19.1
27896,LSM14A
27897,KIAA0355
27898,AC010504.2
27899,GPI
27900,RP11-618P17.4
27901,PDCD2L
27902,CTD-2588C8.8
27903,UBA2
27904,WTIP
27905,SCGB1B2P
27906,SCGB2B2
27907,ZNF302
27908,CTD-2553L13.10
27909,ZNF181
27910,ZNF599
27911,CTC-523E23.4
27912,CTC-523E23.5
27913,CTC-523E23.11
27914,LINC00904
27915,CTC-523E23.14
27916,CTC-523E23.6
27917,ZNF30-AS1
27918,ZNF30
27919,ZNF792
27920,GRAMD1A
27921,CTD-2527I21.7
27922,CTD-2527I21.14
27923,SCN1B
27924,HPN
27925,HPN-AS1
27926,CTD-2527I21.15
27927,FXYD3
27928,LGI4
27929,FXYD1
27930,FXYD7
27931,FXYD5
27932,FAM187B
27933,LSR
27934,AC002128.5
27935,USF2
27936,HAMP
27937,MAG
27938,CD22
27939,FFAR1
27940,FFAR3
27941,GPR42
27942,LINC01531
27943,AC002511.2
27944,AC002511.3
27945,FFAR2
27946,KRTDAP
27947,DMKN
27948,SBSN
27949,GAPDHS
27950,TMEM147-AS1
27951,TMEM147
27952,ATP4A
27953,AC002115.5
27954,AC002115.9
27955,HAUS5
27956,RBM42
27957,ETV2
27958,COX6B1
27959,UPK1A
27960,UPK1A-AS1
27961,ZBTB32
27962,KMT2B
27963,IGFLR1
27964,U2AF1L4
27965,PSENEN
27966,AC002398.9
27967,AC002398.11
27968,AC002398.12
27969,HSPB6
27970,PROSER3
27971,AC002398.13
27972,ARHGAP33
27973,LINC01529
27974,PRODH2
27975,NPHS1
27976,KIRREL2
27977,APLP1
27978,NFKBID
27979,HCST
27980,TYROBP
27981,LRFN3
27982,AF038458.3
27983,AF038458.5
27984,SDHAF1
27985,SYNE4
27986,ALKBH6
27987,AC002116.7
27988,CLIP3
27989,THAP8
27990,WDR62
27991,OVOL3
27992,POLR2I
27993,TBCB
27994,CAPNS1
27995,AD001527.7
27996,COX7A1
27997,ZNF565
27998,ZNF146
27999,CTD-3162L10.1
28000,LINC00665
28001,ZFP14
28002,CTD-3162L10.4
28003,ZFP82
28004,ZNF566
28005,CTD-2630F21.1
28006,ZNF260
28007,AC092295.4
28008,ZNF529
28009,ZNF529-AS1
28010,ZNF382
28011,ZNF461
28012,CTD-3234P18.6
28013,LINC01534
28014,ZNF567
28015,ZNF850
28016,CTD-2162K18.4
28017,CTD-2162K18.3
28018,ZNF790-AS1
28019,ZNF790
28020,ZNF345
28021,ZNF829
28022,ZNF568
28023,ZNF420
28024,CTD-2293H3.2
28025,CTC-454I21.3
28026,ZNF585B
28027,ZNF383
28028,LINC01535
28029,CTD-3220F14.1
28030,HKR1
28031,CTD-3220F14.3
28032,ZNF527
28033,ZNF569
28034,ZNF570
28035,ZNF793-AS1
28036,ZNF793
28037,CTD-3064H18.4
28038,ZNF571-AS1
28039,ZNF540
28040,ZNF571
28041,ZFP30
28042,CTD-2528L19.4
28043,ZNF607
28044,CTD-2528L19.6
28045,ZNF573
28046,CTD-2554C21.2
28047,AC016582.2
28048,CTD-2554C21.3
28049,WDR87
28050,SIPA1L3
28051,CTC-450M9.1
28052,DPF1
28053,SPINT2
28054,PPP1R14A
28055,CTB-102L5.4
28056,C19orf33
28057,YIF1B
28058,KCNK6
28059,CATSPERG
28060,AC005625.1
28061,PSMD8
28062,GGN
28063,AC005789.9
28064,SPRED3
28065,FAM98C
28066,RASGRP4
28067,RYR1
28068,AC067969.1
28069,AC067969.2
28070,MAP4K1
28071,CTB-186G2.1
28072,EIF3K
28073,ACTN4
28074,CTB-186G2.4
28075,CAPN12
28076,CTD-2540F13.2
28077,LGALS7
28078,LGALS7B
28079,LGALS4
28080,ECH1
28081,AC104534.3
28082,AC104534.2
28083,HNRNPL
28084,RINL
28085,CTC-360G5.6
28086,SIRT2
28087,NFKBIB
28088,CCER2
28089,SARS2
28090,CTC-360G5.8
28091,MRPS12
28092,FBXO17
28093,FBXO27
28094,CTB-189B5.3
28095,ACP7
28096,PAK4
28097,CTC-218B8.3
28098,NCCRP1
28099,SYCN
28100,IFNL3
28101,IFNL2
28102,IFNL1
28103,LRFN1
28104,GMFG
28105,SAMD4B
28106,PAF1
28107,MED29
28108,ZFP36
28109,PLEKHG2
28110,RPS16
28111,SUPT5H
28112,TIMM50
28113,DLL3
28114,SELV
28115,EID2B
28116,CTB-60E11.9
28117,EID2
28118,LGALS13
28119,LGALS16
28120,AC093063.3
28121,LGALS14
28122,CLC
28123,LEUTX
28124,LLNLR-268E12.1
28125,DYRK1B
28126,FBL
28127,FCGBP
28128,PSMC4
28129,ZNF546
28130,ZNF780B
28131,ZNF780A
28132,AC005614.3
28133,MAP3K10
28134,TTC9B
28135,CNTD2
28136,AKT2
28137,C19orf47
28138,PLD3
28139,HIPK4
28140,PRX
28141,SERTAD1
28142,CTC-492K19.7
28143,SERTAD3
28144,BLVRB
28145,SPTBN4
28146,SHKBP1
28147,LTBP4
28148,NUMBL
28149,ADCK4
28150,ITPKC
28151,C19orf54
28152,SNRPA
28153,MIA-RAB4B
28154,RAB4B-EGLN2
28155,CTC-490E21.14
28156,CTC-490E21.12
28157,CTC-490E21.10
28158,CYP2A6
28159,CYP2B6
28160,CYP2A13
28161,CYP2F1
28162,CYP2S1
28163,AXL
28164,HNRNPUL1
28165,TGFB1
28166,CCDC97
28167,CTC-435M10.3
28168,B9D2
28169,EXOSC5
28170,BCKDHA
28171,B3GNT8
28172,ATP5SL
28173,ERICH4
28174,PCAT19
28175,AC006129.1
28176,LINC01480
28177,AC006129.2
28178,CEACAM21
28179,CEACAM4
28180,CEACAM7
28181,AC011513.3
28182,CEACAM6
28183,AC011513.4
28184,CEACAM3
28185,AC020956.3
28186,LYPD4
28187,DMRTC2
28188,RPS19
28189,CD79A
28190,ARHGEF1
28191,RABAC1
28192,ATP1A3
28193,GRIK5
28194,ZNF574
28195,POU2F2
28196,CTC-378H22.2
28197,DEDD2
28198,ZNF526
28199,GSK3A
28200,AC006486.9
28201,CIC
28202,PAFAH1B3
28203,PRR19
28204,TMEM145
28205,MEGF8
28206,CNFN
28207,LIPE-AS1
28208,LIPE
28209,CXCL17
28210,CEACAM1
28211,CEACAM8
28212,PSG3
28213,PSG8
28214,AC004603.4
28215,PSG1
28216,PSG6
28217,PSG7
28218,CTC-490G23.6
28219,PSG2
28220,PSG5
28221,PSG4
28222,PSG9
28223,CTC-490G23.2
28224,CD177
28225,CTC-490G23.4
28226,TEX101
28227,LYPD3
28228,PHLDB3
28229,ETHE1
28230,ZNF575
28231,XRCC1
28232,L34079.3
28233,L34079.2
28234,L34079.4
28235,PINLYP
28236,IRGQ
28237,ZNF576
28238,SRRM5
28239,ZNF428
28240,CADM4
28241,PLAUR
28242,IRGC
28243,SMG9
28244,KCNN4
28245,AC115522.3
28246,LYPD5
28247,ZNF283
28248,ZNF404
28249,RP11-15A1.3
28250,RP11-15A1.2
28251,ZNF45
28252,ZNF221
28253,ZNF155
28254,RP11-15A1.7
28255,ZNF230
28256,AC067968.3
28257,ZNF222
28258,AC084219.2
28259,ZNF284
28260,ZNF224
28261,AC084219.4
28262,ZNF225
28263,ZNF234
28264,ZNF226
28265,ZNF227
28266,ZNF235
28267,ZNF233
28268,ZNF112
28269,CTC-512J12.6
28270,ZNF229
28271,ZNF180
28272,CEACAM20
28273,IGSF23
28274,CTB-171A8.1
28275,PVR
28276,CEACAM19
28277,CEACAM16
28278,BCL3
28279,CBLC
28280,BCAM
28281,PVRL2
28282,CTB-129P6.4
28283,TOMM40
28284,APOE
28285,APOC1
28286,CTB-129P6.11
28287,CLPTM1
28288,RELB
28289,CLASRP
28290,ZNF296
28291,CTB-179K24.3
28292,GEMIN7
28293,MARK4
28294,AC005757.6
28295,NKPD1
28296,TRAPPC6A
28297,EXOC3L2
28298,AC006126.4
28299,CKM
28300,KLC3
28301,ERCC2
28302,PPP1R13L
28303,CD3EAP
28304,ERCC1
28305,FOSB
28306,RTN2
28307,PPM1N
28308,VASP
28309,OPA3
28310,EML2
28311,GIPR
28312,SNRPD2
28313,QPCTL
28314,FBXO46
28315,BHMG1
28316,SIX5
28317,AC074212.6
28318,DMPK
28319,AC011530.4
28320,DMWD
28321,RSPH6A
28322,SYMPK
28323,AC092301.3
28324,FOXA3
28325,IRF2BP1
28326,MYPOP
28327,NANOS2
28328,NOVA2
28329,CCDC61
28330,PGLYRP1
28331,CTC-344H19.4
28332,IGFL4
28333,AC007193.6
28334,IGFL3
28335,AC006262.4
28336,AC006262.5
28337,AC006262.10
28338,IGFL1
28339,HIF3A
28340,AC007193.10
28341,PPP5C
28342,AC007193.9
28343,AC007193.8
28344,CCDC8
28345,LLNLF-187D8.1
28346,PNMAL1
28347,PPP5D1
28348,CTB-158D10.3
28349,CALM3
28350,CTB-12A17.3
28351,PTGIR
28352,GNG8
28353,DACT3
28354,DACT3-AS1
28355,PRKD2
28356,STRN4
28357,CTB-174O21.2
28358,FKRP
28359,SLC1A5
28360,CTB-147N14.6
28361,AP2S1
28362,ARHGAP35
28363,NPAS1
28364,TMEM160
28365,ZC3H4
28366,SAE1
28367,BBC3
28368,CCDC9
28369,INAFM1
28370,C5AR1
28371,C5AR2
28372,DHX34
28373,MEIS3
28374,SLC8A2
28375,KPTN
28376,NAPA-AS1
28377,NAPA
28378,ZNF541
28379,CTD-2571L23.8
28380,CTD-3001H11.2
28381,GLTSCR1-AS1
28382,EHD2
28383,GLTSCR2
28384,GLTSCR2-AS1
28385,SEPW1
28386,TPRX1
28387,CRX
28388,LINC01595
28389,SULT2A1
28390,BSPH1
28391,ELSPBP1
28392,CABP5
28393,PLA2G4C
28394,PLA2G4C-AS1
28395,LIG1
28396,CTC-453G23.5
28397,CTC-453G23.4
28398,C19orf68
28399,ZNF114
28400,CARD8
28401,CTC-241F20.4
28402,CCDC114
28403,EMP3
28404,TMEM143
28405,SYNGR4
28406,KDELR1
28407,GRIN2D
28408,GRWD1
28409,KCNJ14
28410,CTC-273B12.5
28411,CTC-273B12.7
28412,CYTH2
28413,LMTK3
28414,CTC-273B12.10
28415,SULT2B1
28416,FAM83E
28417,SPACA4
28418,RPL18
28419,AC022154.7
28420,SPHK2
28421,DBP
28422,CA11
28423,NTN5
28424,FUT2
28425,MAMSTR
28426,RASIP1
28427,IZUMO1
28428,FUT1
28429,BCAT2
28430,HSD17B14
28431,PLEKHA4
28432,PPP1R15A
28433,TULP2
28434,NUCB1
28435,NUCB1-AS1
28436,DHDH
28437,BAX
28438,CTD-2639E6.9
28439,FTL
28440,GYS1
28441,RUVBL2
28442,LHB
28443,CTB-60B18.10
28444,CTB-60B18.6
28445,CGB2
28446,CGB7
28447,NTF4
28448,KCNA7
28449,SNRNP70
28450,LIN7B
28451,C19orf73
28452,PPFIA3
28453,HRC
28454,TRPM4
28455,SLC6A16
28456,CTC-301O7.4
28457,CD37
28458,TEAD2
28459,AC010524.4
28460,DKKL1
28461,AC010524.2
28462,CCDC155
28463,PTH2
28464,GFY
28465,SLC17A7
28466,PIH1D1
28467,ALDH16A1
28468,CTD-3148I10.9
28469,RPL13A
28470,RPS11
28471,FCGRT
28472,RCN3
28473,NOSIP
28474,PRRG2
28475,PRR12
28476,CTB-33G10.11
28477,RRAS
28478,SCAF1
28479,IRF3
28480,BCL2L12
28481,PRMT1
28482,ADM5
28483,CTB-33G10.6
28484,CPT1C
28485,TSKS
28486,AP2A1
28487,FUZ
28488,AC006942.4
28489,MED25
28490,PTOV1-AS1
28491,PTOV1
28492,AC018766.6
28493,PTOV1-AS2
28494,AC018766.4
28495,PNKP
28496,TBC1D17
28497,IL4I1
28498,CTC-326K19.6
28499,ATF5
28500,SIGLEC11
28501,VRK3
28502,ZNF473
28503,CTD-2126E3.3
28504,CTD-2126E3.4
28505,IZUMO2
28506,MYH14
28507,CTB-191K22.5
28508,KCNC3
28509,NR1H2
28510,NAPSA
28511,CTB-191K22.6
28512,POLD1
28513,SPIB
28514,MYBPC2
28515,FAM71E1
28516,EMC10
28517,CTD-2545M3.2
28518,CTD-2545M3.8
28519,JOSD2
28520,ASPDH
28521,LRRC4B
28522,SYT3
28523,C19orf81
28524,SHANK1
28525,CLEC11A
28526,CTD-2568A17.1
28527,ACPT
28528,CTD-2568A17.8
28529,C19orf48
28530,MGC45922
28531,KLK1
28532,KLK15
28533,AC011523.2
28534,KLK3
28535,KLK2
28536,KLK4
28537,KLK5
28538,CTB-147C22.8
28539,KLK6
28540,CTB-147C22.9
28541,KLK7
28542,KLK8
28543,KLK10
28544,CTC-518B2.12
28545,KLK11
28546,KLK12
28547,CTC-518B2.9
28548,CTC-518B2.10
28549,KLK13
28550,KLK14
28551,CTU1
28552,SIGLEC9
28553,SIGLEC7
28554,CTD-3187F8.14
28555,CD33
28556,SIGLECL1
28557,CTD-3187F8.2
28558,CTD-3187F8.11
28559,IGLON5
28560,VSIG10L
28561,CTD-2616J11.16
28562,CTD-2616J11.9
28563,ETFB
28564,CTD-2616J11.11
28565,CLDND2
28566,NKG7
28567,LIM2
28568,C19orf84
28569,CTD-2616J11.14
28570,SIGLEC10
28571,CTD-2616J11.2
28572,SIGLEC8
28573,CEACAM18
28574,SIGLEC12
28575,SIGLEC6
28576,ZNF175
28577,AC018755.17
28578,SIGLEC5
28579,SPACA6P-AS
28580,HAS1
28581,FPR1
28582,FPR2
28583,FPR3
28584,AC006272.1
28585,ZNF577
28586,ZNF613
28587,ZNF649
28588,ZNF350-AS1
28589,ZNF350
28590,ZNF615
28591,ZNF614
28592,ZNF432
28593,CTC-471J1.11
28594,ZNF841
28595,ZNF616
28596,CTC-471J1.9
28597,ZNF836
28598,CTD-2525I3.2
28599,PPP2R1A
28600,CTD-2525I3.3
28601,ZNF766
28602,CTD-2525I3.5
28603,ZNF480
28604,CTD-2525I3.6
28605,ZNF610
28606,ZNF880
28607,ZNF528
28608,ZNF534
28609,ZNF578
28610,ZNF808
28611,ZNF701
28612,CTD-3099C6.7
28613,ZNF83
28614,ZNF611
28615,ZNF600
28616,ZNF28
28617,ZNF468
28618,ZNF320
28619,CTD-2331H12.8
28620,CTD-2331H12.7
28621,CTD-2620I22.3
28622,ERVV-1
28623,ERVV-2
28624,ZNF160
28625,ZNF415
28626,ZNF347
28627,ZNF665
28628,CTD-2245F17.2
28629,CTD-2245F17.3
28630,ZNF677
28631,CTD-2245F17.6
28632,VN1R2
28633,VN1R4
28634,CTD-2245F17.9
28635,ZNF525
28636,ZNF765
28637,ZNF761
28638,ZNF813
28639,ZNF331
28640,DPRX
28641,CTC-339O9.1
28642,CTD-3022G6.1
28643,NLRP12
28644,AC008753.6
28645,AC008440.10
28646,MYADM
28647,AC008440.5
28648,PRKCG
28649,CACNG7
28650,CACNG8
28651,CACNG6
28652,VSTM1
28653,TARM1
28654,OSCAR
28655,NDUFA3
28656,TFPT
28657,PRPF31
28658,AC012314.8
28659,CNOT3
28660,LENG1
28661,TMC4
28662,MBOAT7
28663,TSEN34
28664,RPS9
28665,LILRB3
28666,LILRA6
28667,LILRB2
28668,LILRA5
28669,LILRA4
28670,LAIR1
28671,TTYH1
28672,AC008746.3
28673,CTD-2587H19.3
28674,AC008746.12
28675,LENG8-AS1
28676,LENG8
28677,LENG9
28678,CDC42EP5
28679,LAIR2
28680,KIR3DX1
28681,LILRA1
28682,LILRB1
28683,AC009892.10
28684,LILRB4
28685,KIR2DL3
28686,KIR2DL1
28687,KIR2DL4
28688,KIR3DL1
28689,FCAR
28690,CTB-61M7.2
28691,NCR1
28692,NLRP7
28693,NLRP2
28694,CTC-550B14.7
28695,GP6
28696,RDH13
28697,EPS8L1
28698,PPP1R12C
28699,TNNT1
28700,TNNI3
28701,DNAAF3
28702,CTD-2587H24.5
28703,SYT5
28704,PTPRH
28705,CTD-2587H24.10
28706,TMEM86B
28707,PPP6R1
28708,HSPBP1
28709,BRSK1
28710,CTD-2105E13.14
28711,TMEM150B
28712,CTD-2105E13.16
28713,KMT5C
28714,COX6B2
28715,FAM71E2
28716,IL11
28717,TMEM190
28718,CTD-2105E13.15
28719,TMEM238
28720,RPL28
28721,UBE2S
28722,SHISA7
28723,ISOC2
28724,CTD-2537I9.16
28725,ZNF628
28726,NAT14
28727,SSC5D
28728,SBK2
28729,SBK3
28730,ZNF579
28731,FIZ1
28732,ZNF524
28733,ZNF865
28734,CTD-2537I9.18
28735,ZNF784
28736,ZNF580
28737,CCDC106
28738,U2AF2
28739,CTD-2537I9.12
28740,EPN1
28741,NLRP9
28742,NLRP11
28743,NLRP4
28744,NLRP13
28745,NLRP8
28746,NLRP5
28747,CTD-2621I17.6
28748,ZNF787
28749,ZNF444
28750,GALP
28751,ZSCAN5B
28752,ZSCAN5A
28753,AC006116.17
28754,ZNF582
28755,AC006116.12
28756,ZNF582-AS1
28757,ZNF583
28758,ZNF667
28759,ZNF667-AS1
28760,ZNF471
28761,AC005498.4
28762,AC005498.3
28763,ZFP28
28764,AC007228.11
28765,ZNF470
28766,ZNF71
28767,SMIM17
28768,ZNF835
28769,AC007228.5
28770,AC007228.9
28771,ZIM2-AS1
28772,ZIM2
28773,MIMT1
28774,USP29
28775,ZIM3
28776,DUXA
28777,ZNF264
28778,AURKC
28779,ZNF805
28780,CTC-444N24.8
28781,CTC-444N24.6
28782,ZNF460
28783,CTC-444N24.11
28784,ZNF543
28785,CTC-444N24.13
28786,ZNF304
28787,ZNF547
28788,AC003002.4
28789,AC004076.7
28790,ZNF749
28791,AC004076.9
28792,AC004076.5
28793,ZNF772
28794,AC003005.2
28795,AC003005.4
28796,ZNF773
28797,ZNF549
28798,ZNF550
28799,ZNF416
28800,ZIK1
28801,ZNF530
28802,ZNF134
28803,AC003682.16
28804,ZNF211
28805,ZSCAN4
28806,AC003006.7
28807,ZNF154
28808,ZNF671
28809,ZNF776
28810,ZNF586
28811,ZNF552
28812,CTD-2583A14.10
28813,ZNF814
28814,ZNF587
28815,CTD-2583A14.9
28816,ZNF417
28817,ZNF418
28818,ZNF256
28819,C19orf18
28820,ZNF606
28821,ZSCAN1
28822,ZNF135
28823,ZSCAN18
28824,ZNF329
28825,ZNF274
28826,ZNF544
28827,CTD-3138B18.5
28828,AC010642.1
28829,ERVK3-1
28830,LLNLR-245B6.1
28831,ZSCAN22
28832,A1BG
28833,A1BG-AS1
28834,ZNF497
28835,CTD-2619J13.9
28836,CTD-2619J13.3
28837,ZNF837
28838,RPS5
28839,RNF225
28840,CTD-2619J13.13
28841,ZNF584
28842,CTD-2619J13.14
28843,CTD-2619J13.17
28844,ZNF132
28845,CTD-2619J13.19
28846,ZNF324B
28847,ZNF324
28848,ZNF446
28849,CTD-2619J13.23
28850,SLC27A5
28851,CTD-2619J13.27
28852,ZBTB45
28853,TRIM28
28854,CHMP2A
28855,UBE2M
28856,MZF1-AS1
28857,MZF1
28858,AC016629.3
28859,SRY
28860,RPS4Y1
28861,RP11-414C23.1
28862,ZFY
28863,ZFY-AS1
28864,LINC00278
28865,AC010084.1
28866,RP11-122L9.1
28867,PCDH11Y
28868,TSPY2
28869,LINC00280
28870,TTTY1B
28871,AMELY
28872,TBL1Y
28873,TTTY16
28874,AC064829.1
28875,LINC00279
28876,TTTY11
28877,TSPY8
28878,FAM197Y5P
28879,TSPY1
28880,TTTY1
28881,TTTY22
28882,AC010891.2
28883,TTTY15
28884,USP9Y
28885,DDX3Y
28886,UTY
28887,TMSB4Y
28888,NLGN4Y
28889,NLGN4Y-AS1
28890,FAM224B
28891,FAM224A
28892,AC022486.1
28893,HSFY1
28894,TTTY9B
28895,HSFY2
28896,TTTY14
28897,RP11-424G14.1
28898,KDM5D
28899,TTTY10
28900,EIF1AY
28901,RPS4Y2
28902,RP11-65G9.1
28903,PRORY
28904,TTTY13
28905,PRY2
28906,RBMY1J
28907,PRY
28908,TTTY4
28909,BPY2
28910,DAZ1
28911,DAZ2
28912,AC012005.4
28913,TTTY4B
28914,DAZ3
28915,DAZ4
28916,BPY2C
28917,TTTY4C
28918,LINC00266-4P
28919,AC006328.4
28920,CSPG4P1Y
28921,BAGE5
28922,LA16c-60D12.1
28923,LA16c-60D12.2
28924,POTEH
28925,POTEH-AS1
28926,LINC01297.1
28927,KB-67B5.17
28928,CCT8L2
28929,TPTEP1
28930,AC005301.8
28931,XKR3
28932,AC007064.24
28933,GAB4
28934,CECR7
28935,AC006946.16
28936,AC006946.17
28937,IL17RA
28938,CECR6
28939,AC006946.15
28940,CECR5
28941,CECR5-AS1
28942,CECR1
28943,CECR3
28944,CECR2
28945,SLC25A18
28946,AC004019.13
28947,ATP6V1E1
28948,BCL2L13
28949,BID
28950,LINC00528
28951,MICAL3
28952,FLJ41941
28953,XXbac-B476C20.9
28954,PEX26
28955,TUBA8
28956,AC008079.10
28957,USP18
28958,AC008079.9
28959,AC011718.2
28960,FAM230A
28961,XXbac-B33L19.12
28962,GGTLC3
28963,TMEM191B
28964,AC008132.15
28965,AC008103.3
28966,DGCR6
28967,PRODH
28968,AC007326.1
28969,AC007326.10
28970,DGCR5
28971,DGCR2
28972,AC004471.9
28973,AC004471.10
28974,DGCR14
28975,TSSK2
28976,LINC01311
28977,SLC25A1
28978,CLTCL1
28979,HIRA
28980,C22orf39
28981,MRPL40
28982,AC000068.5
28983,UFD1L
28984,AC000068.9
28985,AC000068.10
28986,CDC45
28987,CLDN5
28988,LINC00895
28989,AC000067.1
28990,SEPT5
28991,TBX1
28992,GNB1L
28993,TXNRD2
28994,COMT
28995,ARVCF
28996,TANGO2
28997,AC006547.13
28998,DGCR8
28999,AC006547.8
29000,TRMT2A
29001,RANBP1
29002,ZDHHC8
29003,CCDC188
29004,XXbac-B444P24.8
29005,LINC00896
29006,RTN4R
29007,DGCR6L
29008,XXbac-B444P24.14
29009,AC007731.1
29010,XXbac-B33L19.4
29011,USP41
29012,ZNF74
29013,SCARF2
29014,XXbac-B562F10.12
29015,KLHL22
29016,MED15
29017,AC007050.17
29018,PI4KA
29019,SERPIND1
29020,SNAP29
29021,AC007308.7
29022,CRKL
29023,XXbac-B135H6.15
29024,AIFM3
29025,LZTR1
29026,XXbac-B135H6.18
29027,THAP7
29028,THAP7-AS1
29029,P2RX6
29030,SLC7A4
29031,AC002472.11
29032,LRRC74B
29033,KB-1592A4.15
29034,POM121L7
29035,KB-1592A4.14
29036,GGT2
29037,KB-1183D5.13
29038,HIC2
29039,TMEM191C
29040,RIMBP3C
29041,UBE2L3
29042,YDJC
29043,CCDC116
29044,KB-1440D3.14
29045,SDF2L1
29046,PPIL2
29047,YPEL1
29048,MAPK1
29049,PPM1F
29050,LL22NC03-86G7.1
29051,TOP3B
29052,IGLV6-57
29053,CH17-264L24.1
29054,LL22NC03-2H8.5
29055,LL22NC03-2H8.4
29056,IGLV5-52
29057,IGLV1-51
29058,IGLV9-49
29059,IGLV1-41
29060,ZNF280B
29061,ZNF280A
29062,PRAME
29063,LL22NC03-63E9.3
29064,GGTLC2
29065,IGLC2
29066,RSPH14
29067,GNAZ
29068,RAB36
29069,BCR
29070,AP000343.2
29071,AP000344.3
29072,AP000345.1
29073,AP000345.4
29074,PCAT14
29075,AP000345.2
29076,IGLL1
29077,KB-208E9.1
29078,DRICH1
29079,RGL4
29080,ZNF70
29081,VPREB3
29082,C22orf15
29083,CHCHD10
29084,MMP11
29085,AP000349.2
29086,SMARCB1
29087,DERL3
29088,KB-1125A3.11
29089,SLC2A11
29090,AP000350.10
29091,KB-1125A3.12
29092,MIF
29093,MIF-AS1
29094,AP000350.5
29095,GSTT2B
29096,DDTL
29097,DDT
29098,CABIN1
29099,SUSD2
29100,GGT5
29101,SPECC1L
29102,ADORA2A
29103,ADORA2A-AS1
29104,UPB1
29105,GUCD1
29106,SNRPD3
29107,GGT1
29108,LRRC75B
29109,LL22NC03-N95F10.1
29110,PIWIL3
29111,SGSM1
29112,TMEM211
29113,KIAA1671
29114,CTA-243E7.4
29115,CTA-243E7.3
29116,CTA-243E7.1
29117,CTA-221G9.12
29118,CRYBB3
29119,CTA-221G9.7
29120,CRYBB2
29121,CTA-221G9.11
29122,RP3-462D8.2
29123,LRP5L
29124,CTA-246H3.12
29125,CTA-390C10.9
29126,IGLVIVOR22-1
29127,CTA-407F11.8
29128,ADRBK2
29129,CTA-407F11.7
29130,MYO18B
29131,CTA-125H2.2
29132,CTA-125H2.1
29133,CTA-796E4.4
29134,SEZ6L
29135,RP11-259P1.1
29136,ASPHD2
29137,HPS4
29138,SRRD
29139,TFIP11
29140,CTA-445C9.14
29141,TPST2
29142,CRYBB1
29143,CRYBA4
29144,MIAT
29145,CTA-373H7.7
29146,MIATNB
29147,LINC01422
29148,LINC01422.1
29149,CTA-992D9.11
29150,CTA-992D9.10
29151,CTA-992D9.6
29152,CTA-992D9.8
29153,CTA-992D9.7
29154,CTA-503F6.2
29155,RP5-1172A22.1
29156,CTA-929C8.5
29157,CTA-929C8.7
29158,CTA-929C8.6
29159,CTA-929C8.8
29160,RP1-205F14P.1
29161,RP11-46E17.6
29162,RP1-231P7P.1
29163,RP1-213J1P__B.1
29164,RP1-213J1P__B.2
29165,RP11-375H17.1
29166,MN1
29167,PITPNB
29168,TTC28
29169,CHEK2
29170,HSCB
29171,CCDC117
29172,XBP1
29173,CTA-292E10.6
29174,ZNRF3
29175,ZNRF3-AS1
29176,C22orf31
29177,KREMEN1
29178,CTA-747E2.10
29179,EMID1
29180,RHBDD3
29181,CTA-984G1.5
29182,EWSR1
29183,GAS2L1
29184,RASL10A
29185,AP1B1
29186,RFPL1S
29187,RFPL1
29188,AC000035.3
29189,NEFH
29190,THOC5
29191,NIPSNAP1
29192,NF2
29193,RP1-76B20.11
29194,CABP7
29195,ZMAT5
29196,UQCR10
29197,ASCC2
29198,MTMR3
29199,RP3-394A18.1
29200,HORMAD2-AS1
29201,HORMAD2
29202,RP3-438O4.4
29203,RP1-102K2.6
29204,LIF
29205,OSM
29206,GATSL3
29207,RP1-130H16.18
29208,TBC1D10A
29209,SF3A1
29210,CCDC157
29211,RNF215
29212,SEC14L2
29213,RP4-539M6.19
29214,MTFP1
29215,RP4-539M6.22
29216,SEC14L3
29217,RP4-539M6.14
29218,SEC14L4
29219,SEC14L6
29220,GAL3ST1
29221,PES1
29222,TCN2
29223,SLC35E4
29224,DUSP18
29225,OSBP2
29226,MORC2-AS1
29227,MORC2
29228,TUG1
29229,RP3-430N8.11
29230,SMTN
29231,RP3-412A9.16
29232,SELM
29233,INPP5J
29234,PLA2G3
29235,RNF185
29236,RNF185-AS1
29237,LIMK2
29238,PIK3IP1
29239,PIK3IP1-AS1
29240,PATZ1
29241,LINC01521
29242,DRG1
29243,EIF4ENIF1
29244,SFI1
29245,PISD
29246,PRR14L
29247,DEPDC5
29248,YWHAH
29249,CTA-342B11.1
29250,CTA-342B11.2
29251,SLC5A1
29252,RP1-127L4.7
29253,C22orf42
29254,RFPL2
29255,AL008723.1
29256,RP1-90G24.10
29257,SLC5A4
29258,RP1-90G24.6
29259,RP1-90G24.11
29260,RP1-149A16.12
29261,RFPL3
29262,IGLCOR22-2
29263,RFPL3S
29264,RP1-149A16.3
29265,RP1-149A16.17
29266,RTCB
29267,BPIFC
29268,FBXO7
29269,SYN3
29270,LL22NC03-104C7.1
29271,LL22NC01-116C6.1
29272,TIMP3
29273,RP1-302D9.1
29274,RP1-302D9.2
29275,LARGE
29276,RP1-302D9.3
29277,SC22CB-1D7.1
29278,LL22NC03-32F9.1
29279,LL22NC03-86D4.1
29280,LL22NC03-13G6.2
29281,RP1-101G11.3
29282,RP1-288L1.5
29283,RP1-288L1.4
29284,ISX-AS1
29285,ISX
29286,LINC01399
29287,CTA-714B7.7
29288,RP3-323A16.1
29289,HMGXB4
29290,RP3-510H16.3
29291,TOM1
29292,CTA-286B10.7
29293,CTA-286B10.8
29294,HMOX1
29295,MCM5
29296,RP4-569D19.8
29297,RASD2
29298,MB
29299,APOL6
29300,RP1-41P2.7
29301,APOL5
29302,RBFOX2
29303,RP1-78B3.1
29304,CTA-212A2.4
29305,CTA-212A2.3
29306,CTA-212A2.2
29307,APOL3
29308,APOL4
29309,APOL2
29310,APOL1
29311,MYH9
29312,RP4-633O19__A.1
29313,RP5-1119A7.14
29314,TXN2
29315,FOXRED2
29316,EIF3D
29317,RP5-1119A7.10
29318,CACNG2
29319,RP1-293L6.1
29320,IFT27
29321,PVALB
29322,CITF22-24E5.1
29323,CTA-833B7.2
29324,NCF4
29325,CSF2RB
29326,LL22NC01-81G9.3
29327,TEX33
29328,TST
29329,MPST
29330,KCTD17
29331,TMPRSS6
29332,IL2RB
29333,RP1-151B14.6
29334,C1QTNF6
29335,SSTR3
29336,RAC2
29337,CYTH4
29338,ELFN2
29339,RP1-63G5.8
29340,MFNG
29341,CARD10
29342,RP5-1177I5.3
29343,CDC42EP1
29344,LGALS2
29345,GGA1
29346,SH3BP1
29347,Z83844.1
29348,PDXP
29349,LGALS1
29350,NOL12
29351,RP1-37E16.12
29352,TRIOBP
29353,H1F0
29354,GCAT
29355,GALR3
29356,ANKRD54
29357,EIF3L
29358,MICALL1
29359,C22orf23
29360,RP5-1039K5.17
29361,POLR2F
29362,SOX10
29363,RP5-1039K5.16
29364,RP5-1039K5.18
29365,PICK1
29366,RP5-1039K5.13
29367,SLC16A8
29368,BAIAP2L2
29369,CTA-228A9.3
29370,PLA2G6
29371,CTA-228A9.4
29372,MAFF
29373,TMEM184B
29374,RP1-5O6.5
29375,CSNK1E
29376,RP3-434P1.6
29377,KCNJ4
29378,KDELR3
29379,DDX17
29380,DMC1
29381,FAM227A
29382,CBY1
29383,RP3-508I15.10
29384,RP3-508I15.9
29385,TOMM22
29386,JOSD1
29387,GTPBP1
29388,SUN2
29389,RP3-508I15.19
29390,RP3-508I15.14
29391,DNAL4
29392,NPTXR
29393,CBX6
29394,CTA-150C2.13
29395,APOBEC3A
29396,APOBEC3B-AS1
29397,APOBEC3D
29398,APOBEC3F
29399,APOBEC3G
29400,APOBEC3H
29401,CBX7
29402,RP4-742C19.13
29403,PDGFB
29404,RP3-333H23.8
29405,RPL3
29406,SYNGR1
29407,TAB1
29408,MGAT3
29409,MGAT3-AS1
29410,MIEF1
29411,ATF4
29412,RPS19BP1
29413,CACNA1I
29414,ENTHD1
29415,GRAP2
29416,FAM83F
29417,RP3-496C20.1
29418,TNRC6B
29419,ADSL
29420,RP5-1042K10.14
29421,SGSM3
29422,RP5-1042K10.10
29423,MKL1
29424,RP5-1042K10.13
29425,RP4-591N18.2
29426,MCHR1
29427,SLC25A17
29428,ST13
29429,XPNPEP3
29430,DNAJB7
29431,RBX1
29432,EP300
29433,RP1-85F18.6
29434,EP300-AS1
29435,L3MBTL2
29436,RP4-756G23.5
29437,CHADL
29438,RANGAP1
29439,ZC3H7B
29440,TEF
29441,CTA-223H9.9
29442,TOB2
29443,PHF5A
29444,ACO2
29445,POLR3H
29446,CSDC2
29447,PMM1
29448,DESI1
29449,XRCC6
29450,SNU13
29451,C22orf46
29452,MEI1
29453,CCDC134
29454,RP5-821D11.7
29455,SREBF2
29456,SHISA8
29457,TNFRSF13C
29458,CENPM
29459,SEPT3
29460,CTA-250D10.19
29461,WBP2NL
29462,NAGA
29463,FAM109B
29464,SMDT1
29465,NDUFA6
29466,CYP2D6
29467,RP4-669P10.16
29468,RP4-669P10.20
29469,TCF20
29470,OGFRP1
29471,Z83851.4
29472,CTA-989H11.1
29473,LINC01315
29474,NFAM1
29475,CTA-126B4.7
29476,RRP7A
29477,SERHL2
29478,POLDIP3
29479,RNU12
29480,CYB5R3
29481,A4GALT
29482,ARFGAP3
29483,PACSIN2
29484,AL022476.2
29485,TTLL1
29486,BIK
29487,MCAT
29488,TSPO
29489,TTLL12
29490,SCUBE1
29491,Z82214.2
29492,Z99756.1
29493,RP4-754E20__A.5
29494,MPPED1
29495,EFCAB6-AS1
29496,EFCAB6
29497,RP3-388M5.9
29498,SULT4A1
29499,PNPLA5
29500,PNPLA3
29501,SAMM50
29502,PARVB
29503,PARVG
29504,RP4-671O14.7
29505,KIAA1644
29506,RP1-32I10.10
29507,LDOC1L
29508,LINC00207
29509,LINC00229
29510,PRR5
29511,PRR5-ARHGAP8
29512,ARHGAP8
29513,PHF21B
29514,NUP50-AS1
29515,NUP50
29516,KIAA0930
29517,CTA-268H5.14
29518,UPK3A
29519,FAM118A
29520,SMC1B
29521,RIBC2
29522,RP1-102D24.5
29523,FBLN1
29524,LINC01589
29525,ATXN10
29526,WI2-85898F10.2
29527,WI2-85898F10.1
29528,WNT7B
29529,CITF22-92A6.1
29530,PRR34
29531,RP6-109B7.5
29532,PRR34-AS1
29533,MIRLET7BHG
29534,RP6-109B7.2
29535,RP6-109B7.4
29536,PPARA
29537,CDPF1
29538,PKDREJ
29539,TTC38
29540,GTSE1-AS1
29541,GTSE1
29542,TRMU
29543,CELSR1
29544,RP3-439F8.1
29545,GRAMD4
29546,CERK
29547,CTA-29F11.1
29548,TBC1D22A
29549,CITF22-49D8.1
29550,LL22NC03-75H12.2
29551,LINC00898
29552,RP11-191L9.4
29553,RP13-455A7.1
29554,CTA-280A3.2
29555,CTA-280A3__B.2
29556,LL22NC03-27C5.1
29557,FAM19A5
29558,LINC01310
29559,C22orf34
29560,RP1-29C18.10
29561,RP5-983L19.2
29562,BRD1
29563,RP3-522J7.7
29564,RP3-522J7.6
29565,RP11-494O16.4
29566,ZBED4
29567,ALG12
29568,CITF22-1A6.3
29569,CRELD2
29570,CITF22-49E9.3
29571,PIM3
29572,IL17REL
29573,TTLL8
29574,MLC1
29575,MOV10L1
29576,PANX2
29577,TRABD
29578,RP3-402G11.25
29579,RP3-402G11.26
29580,SELO
29581,RP3-402G11.27
29582,RP3-402G11.28
29583,TUBGCP6
29584,HDAC10
29585,MAPK12
29586,MAPK11
29587,PLXNB2
29588,DENND6B
29589,XX-C283C717.1
29590,XX-C00717C00720L.1
29591,PPP6R2
29592,SBF1
29593,ADM2
29594,MIOX
29595,LMF2
29596,NCAPH2
29597,SCO2
29598,CTA-384D8.36
29599,TYMP
29600,ODF3B
29601,CTA-384D8.35
29602,CTA-384D8.34
29603,KLHDC7B
29604,SYCE3
29605,CPT1B
29606,CHKB-CPT1B
29607,CHKB
29608,CHKB-AS1
29609,CTA-384D8.33
29610,MAPK8IP2
29611,ARSA
29612,SHANK3
29613,AC000036.4
29614,ACR
29615,AC002056.5
29616,RABL2B
29617,CH507-9B2.1
29618,CH507-9B2.8
29619,CH507-9B2.3
29620,CH507-9B2.4
29621,CH507-9B2.5
29622,CH507-9B2.9
29623,RP11-717F1.1
29624,RP11-717F1.2
29625,CH507-39O4.1
29626,CH507-39O4.2
29627,CH507-42P11.5
29628,CH507-42P11.7
29629,CH507-42P11.6
29630,CH507-42P11.8
29631,CH507-24F1.2
29632,CH507-145C22.1
29633,CBSL
29634,U2AF1L5
29635,CH507-154B10.1
29636,CH507-210P18.1
29637,CH507-210P18.4
29638,CH507-154B10.2
29639,CH507-236L23.1
29640,CH507-254M2.1
29641,CH507-254M2.2
29642,CH507-338C24.1
29643,SMIM11B
29644,KCNE1B
29645,CH507-513H4.1
29646,CH507-513H4.6
29647,CH507-513H4.5
29648,CH507-528H12.1
29649,CH507-513H4.4
29650,CH507-513H4.3
29651,bP-2189O9.3
29652,bP-2171C21.3
29653,bP-21264C1.2
29654,MGC39584
29655,RP11-555K2.4
29656,CH507-216K13.2
29657,AP003900.6
29658,TPTE
29659,IGHV1OR21-1
29660,AP001464.4
29661,AJ239318.1
29662,AP001465.5
29663,POTED
29664,AL050303.7
29665,AP001347.6
29666,LIPI
29667,RBM11
29668,HSPA13
29669,SAMSN1
29670,SAMSN1-AS1
29671,AF165138.7
29672,AF127936.3
29673,AF127936.5
29674,AF127936.9
29675,AF127577.8
29676,NRIP1
29677,AF127577.10
29678,AF127577.11
29679,AF127577.12
29680,AJ006998.2
29681,USP25
29682,MIR99AHG
29683,AP001172.2
29684,AP001172.3
29685,AP000962.2
29686,AP000473.5
29687,AP000473.8
29688,AP000473.6
29689,AF212831.2
29690,LINC01549
29691,CXADR
29692,BTG3
29693,AP000432.2
29694,C21orf91-OT1
29695,C21orf91
29696,AL109761.5
29697,CHODL-AS1
29698,CHODL
29699,AP000998.2
29700,TMPRSS15
29701,MIR548XHG
29702,AF240627.2
29703,AL157359.4
29704,AL157359.3
29705,AP000946.2
29706,AP001171.1
29707,LINC00320
29708,NCAM2
29709,AP001136.2
29710,AF241725.4
29711,AF241725.6
29712,LINC00317
29713,LINC01425
29714,AP000472.3
29715,AP000472.2
29716,LINC00308
29717,AP000705.7
29718,AP000959.2
29719,AP001255.2
29720,D21S2088E
29721,AP000459.7
29722,AP000477.2
29723,AP000477.3
29724,AP000470.2
29725,AP000469.2
29726,AP000476.1
29727,AP000235.2
29728,AP000402.3
29729,AP000146.2
29730,AP000235.3
29731,AP000233.2
29732,AP000233.3
29733,AP000233.4
29734,LINC00158
29735,AP000221.1
29736,MIR155HG
29737,AP000223.42
29738,MRPL39
29739,JAM2
29740,ATP5J
29741,GABPA
29742,APP
29743,AP001439.2
29744,AP000230.1
29745,AP001596.6
29746,CYYR1-AS1
29747,KB-1466C5.1
29748,CYYR1
29749,ADAMTS1
29750,AP001601.2
29751,ADAMTS5
29752,AP001604.3
29753,AP001605.4
29754,AP001607.1
29755,LINC00113
29756,AJ006995.3
29757,LINC00314
29758,AL035610.2
29759,AF131217.1
29760,LINC00161
29761,N6AMT1
29762,LTN1
29763,RWDD2B
29764,RP1-100J12.1
29765,USP16
29766,CCT8
29767,MAP3K7CL
29768,AF124730.4
29769,BACH1
29770,BACH1-AS1
29771,GRIK1
29772,RP11-313P22.1
29773,GRIK1-AS1
29774,AF096876.1
29775,KRTAP13-2
29776,KRTAP13-1
29777,KRTAP19-1
29778,KRTAP19-3
29779,KRTAP19-6
29780,KRTAP19-7
29781,KRTAP21-2
29782,KRTAP21-1
29783,KRTAP8-1
29784,KRTAP7-1
29785,KRTAP11-1
29786,KRTAP19-8
29787,TIAM1
29788,AP000251.3
29789,AP000253.1
29790,SOD1
29791,AP000254.8
29792,SCAF4
29793,AP000255.6
29794,HUNK
29795,LINC00159
29796,AP000265.1
29797,MIS18A
29798,MIS18A-AS1
29799,MRAP
29800,AP000266.7
29801,URB1
29802,URB1-AS1
29803,EVA1C
29804,TCP10L
29805,AP000275.65
29806,C21orf59
29807,SYNJ1
29808,PAXBP1-AS1
29809,PAXBP1
29810,C21orf62-AS1
29811,C21orf62
29812,AP000281.2
29813,AP000282.2
29814,OLIG2
29815,LINC00945
29816,OLIG1
29817,AP000289.6
29818,LINC01548
29819,IFNAR2
29820,AP000295.9
29821,IL10RB-AS1
29822,IL10RB
29823,AP000295.10
29824,IFNAR1
29825,IFNGR2
29826,TMEM50B
29827,AP000302.58
29828,DNAJC28
29829,GART
29830,SON
29831,DONSON
29832,AP000304.12
29833,ITSN1
29834,LINC00649
29835,AP000569.9
29836,MRPS6
29837,LINC00310
29838,AP000318.2
29839,KCNE2
29840,AP000320.6
29841,SMIM11A
29842,CMP21-97G8.1
29843,AP000322.53
29844,CMP21-97G8.2
29845,KCNE1
29846,RCAN1
29847,CLIC6
29848,LINC00160
29849,LINC01426
29850,RUNX1
29851,LINC01436
29852,SETD4
29853,AP000688.11
29854,CBR1
29855,AP000688.15
29856,AP000688.29
29857,CBR3
29858,DOPEY2
29859,AP000692.10
29860,MORC3
29861,CHAF1B
29862,AP000695.6
29863,AP000695.4
29864,CLDN14
29865,AP000696.2
29866,AP000697.6
29867,SIM2
29868,HLCS
29869,AP000704.5
29870,RIPPLY3
29871,PIGP
29872,TTC3
29873,TTC3-AS1
29874,DSCR9
29875,AP001432.14
29876,DSCR3
29877,AP001412.1
29878,AP001437.1
29879,DYRK1A
29880,KCNJ6
29881,DSCR4
29882,DSCR8
29883,KCNJ15
29884,AP001434.2
29885,LINC01423
29886,ERG
29887,LINC00114
29888,ETS2
29889,AP001042.1
29890,AF064858.6
29891,AP001043.1
29892,AF064858.7
29893,AF064858.8
29894,AF064858.11
29895,AF064858.10
29896,PSMG1
29897,BRWD1
29898,AF129408.17
29899,BRWD1-AS2
29900,BRWD1-AS1
29901,HMGN1
29902,WRB
29903,LCA5L
29904,SH3BGR
29905,B3GALT5
29906,B3GALT5-AS1
29907,AF064860.7
29908,IGSF5
29909,PCP4
29910,DSCAM
29911,DSCAM-AS1
29912,LINC00323
29913,BACE2
29914,AL773572.7
29915,FAM3B
29916,MX2
29917,MX1
29918,AP001610.5
29919,TMPRSS2
29920,AP001610.9
29921,LINC00111
29922,LINC00479
29923,LINC00112
29924,RIPK4
29925,PRDM15
29926,C2CD2
29927,ZBTB21
29928,ZNF295-AS1
29929,UMODL1
29930,ABCG1
29931,TFF3
29932,TFF2
29933,TFF1
29934,TMPRSS3
29935,UBASH3A
29936,RSPH1
29937,SLC37A1
29938,AP001625.6
29939,AP001626.1
29940,AP001626.2
29941,PDE9A
29942,AP001627.1
29943,KB-51A8.1
29944,AP001628.6
29945,WDR4
29946,NDUFV3
29947,ERVH48-1
29948,AP001630.5
29949,PKNOX1
29950,CBS
29951,U2AF1
29952,FRGCA
29953,CRYAA
29954,AP001046.5
29955,AP001046.6
29956,SIK1
29957,LINC00313
29958,AP001048.4
29959,HSF2BP
29960,H2BFS
29961,RRP1B
29962,PDXK
29963,CSTB
29964,RRP1
29965,AATBC
29966,AGPAT3
29967,TRAPPC10
29968,PWP2
29969,C21orf33
29970,AP001055.6
29971,AP001057.1
29972,ICOSLG
29973,AP001059.6
29974,AP001059.7
29975,DNMT3L
29976,AP001059.5
29977,AIRE
29978,PFKL
29979,C21orf2
29980,AP001062.7
29981,AP001062.9
29982,AP001063.1
29983,TRPM2
29984,TRPM2-AS
29985,LRRC3-AS1
29986,LRRC3
29987,KB-68A7.1
29988,AP001065.15
29989,TSPEAR
29990,TSPEAR-AS1
29991,TSPEAR-AS2
29992,KRTAP10-7
29993,KRTAP10-9
29994,KRTAP12-3
29995,UBE2G2
29996,LINC01424
29997,SUMO3
29998,PTTG1IP
29999,ITGB2
30000,ITGB2-AS1
30001,LINC01547
30002,LL21NC02-1C16.2
30003,FAM207A
30004,AP001505.10
30005,LINC00163
30006,LINC00165
30007,LINC00162
30008,ADARB1
30009,LINC00334
30010,POFUT2
30011,LINC00205
30012,BX322557.13
30013,LINC00316
30014,LL21NC02-21A1.1
30015,COL18A1
30016,COL18A1-AS2
30017,COL18A1-AS1
30018,SLC19A1
30019,AL133493.2
30020,PCBP3
30021,RP1-101D8.1
30022,AL592528.1
30023,AJ011932.1
30024,COL6A1
30025,AP001476.2
30026,AP001476.4
30027,COL6A2
30028,FTCD
30029,FTCD-AS1
30030,SPATC1L
30031,AP001468.58
30032,LSS
30033,AP001469.5
30034,MCM3AP-AS1
30035,MCM3AP
30036,YBEY
30037,C21orf58
30038,PCNT
30039,DIP2A
30040,S100B
30041,PRMT2
30042,AC136612.1
30043,AC136616.1
30044,AC136616.3
30045,AC136616.2
30046,AC136352.5
30047,AC171558.1
30048,BX004987.4
30049,AC145212.4
30050,AC145212.2
30051,AC011841.1
30052,AC011043.1
30053,AC011043.2
30054,AL592183.1
30055,AC007325.4
30056,AC007325.2
30057,BX072566.1
30058,AL354822.1
30059,AC023491.2
30060,AC004556.1
30061,AC240274.1
30062,FAM231B
